snap_date,code,close,today_chg,has_vol_resist,pattern,base_chg,vol_ratio,body_held_50pct,disp_hit,ma5_declining,env_upper_touch,env_lower_low,next_date,next_day_return
2026-07-31,002990,9110.0,-4.0,True,C_갭상승털기,30.0,4.06,True,5.5,,,,2026-08-01,
2026-07-31,006340,13000.0,26.0,True,A_일반양음양_8일선,16.8,0.54,True,1.9,,,,2026-08-01,
2026-07-31,006660,10790.0,13.3,False,B_ADK특_20일선,17.1,0.0,True,-2.4,True,False,False,2026-08-01,
2026-07-31,010120,184800.0,23.0,False,A_일반양음양_8일선,17.3,1.32,True,-0.8,,,,2026-08-01,
2026-07-31,010120,184800.0,23.0,False,B_ADK특_13일선,17.3,0.0,True,-1.5,True,False,False,2026-08-01,
2026-07-31,028300,30600.0,2.2,True,B_ADK특_13일선,30.0,0.0,True,-0.8,True,False,False,2026-08-01,
2026-07-31,037070,6610.0,7.3,True,A_일반양음양_5일선,15.2,0.2,True,1.6,,,,2026-08-01,
2026-07-31,037070,6610.0,7.3,True,B_ADK특_13일선,15.2,0.0,True,-1.9,True,False,False,2026-08-01,
2026-07-31,039980,4540.0,5.7,True,A_일반양음양_3일선,30.0,0.76,True,1.2,,,,2026-08-01,
2026-07-31,042700,214500.0,28.0,False,B_ADK특_20일선,29.9,0.0,True,1.1,False,False,False,2026-08-01,
2026-07-31,044340,4825.0,10.9,True,A_일반양음양_5일선,29.9,0.69,True,-0.9,,,,2026-08-01,
2026-07-31,066430,2005.0,6.0,True,B_ADK특_13일선,29.9,0.0,True,-0.5,False,False,False,2026-08-01,
2026-07-31,067290,1858.0,2.6,True,B_ADK특_13일선,30.0,0.0,True,-0.1,True,False,False,2026-08-01,
2026-07-31,100090,12520.0,6.6,True,A_일반양음양_5일선,19.6,0.14,True,-1.3,,,,2026-08-01,
2026-07-31,119850,36600.0,23.0,True,A_일반양음양_8일선,30.0,0.37,True,0.9,,,,2026-08-01,
2026-07-31,178320,33000.0,18.3,False,A_일반양음양_5일선,17.2,0.84,True,1.0,,,,2026-08-01,
2026-07-31,199430,13100.0,11.5,True,A_일반양음양_3일선,30.0,2.32,True,-1.5,,,,2026-08-01,
2026-07-31,277810,433000.0,16.1,False,B_ADK특_20일선,16.3,0.0,True,0.2,False,False,False,2026-08-01,
2026-07-31,299660,1707.0,1.1,True,A_일반양음양_3일선,30.0,2.89,True,-1.0,,,,2026-08-01,
2026-07-31,317400,6400.0,14.9,True,A_일반양음양_8일선,27.5,0.13,True,-2.9,,,,2026-08-01,
2026-07-31,322000,112100.0,10.9,False,A_일반양음양_5일선,29.7,0.37,True,0.2,,,,2026-08-01,
2026-07-31,413630,3865.0,8.9,True,A_일반양음양_5일선,29.9,0.42,True,-1.6,,,,2026-08-01,
2026-07-31,455900,20150.0,5.8,True,A_일반양음양_3일선,29.9,19.61,True,1.0,,,,2026-08-01,
2026-07-31,460930,13650.0,5.0,True,A_일반양음양_5일선,22.5,0.16,True,1.4,,,,2026-08-01,
2026-07-31,465770,3100.0,7.5,True,B_ADK특_20일선,30.0,0.0,True,1.5,True,False,False,2026-08-01,
2026-08-01,002990,9110.0,-4.0,True,C_갭상승털기,30.0,4.06,True,5.5,,,,2026-08-03,-1.43
2026-08-01,006340,13000.0,26.0,True,A_일반양음양_8일선,16.8,0.54,True,1.9,,,,2026-08-03,0.85
2026-08-01,006660,10790.0,13.3,False,B_ADK특_20일선,17.1,0.0,True,-2.4,True,False,False,2026-08-03,2.04
2026-08-01,010120,184800.0,23.0,False,A_일반양음양_8일선,17.3,1.32,True,-0.8,,,,2026-08-03,1.95
2026-08-01,010120,184800.0,23.0,False,B_ADK특_13일선,17.3,0.0,True,-1.5,True,False,False,2026-08-03,1.95
2026-08-01,028300,30600.0,2.2,True,B_ADK특_13일선,30.0,0.0,True,-0.8,True,False,False,2026-08-03,0.98
2026-08-01,037070,6610.0,7.3,True,A_일반양음양_5일선,15.2,0.2,True,1.6,,,,2026-08-03,10.44
2026-08-01,037070,6610.0,7.3,True,B_ADK특_13일선,15.2,0.0,True,-1.9,True,False,False,2026-08-03,10.44
2026-08-01,039980,4540.0,5.7,True,A_일반양음양_3일선,30.0,0.76,True,1.2,,,,2026-08-03,11.89
2026-08-01,042700,214500.0,28.0,False,B_ADK특_20일선,29.9,0.0,True,1.1,False,False,False,2026-08-03,-5.59
2026-08-01,044340,4825.0,10.9,True,A_일반양음양_5일선,29.9,0.69,True,-0.9,,,,2026-08-03,21.45
2026-08-01,066430,2005.0,6.0,True,B_ADK특_13일선,29.9,0.0,True,-0.5,False,False,False,2026-08-03,4.99
2026-08-01,067290,1858.0,2.6,True,B_ADK특_13일선,30.0,0.0,True,-0.1,True,False,False,2026-08-03,4.2
2026-08-01,100090,12520.0,6.6,True,A_일반양음양_5일선,19.6,0.14,True,-1.3,,,,2026-08-03,1.04
2026-08-01,119850,36600.0,23.0,True,A_일반양음양_8일선,30.0,0.37,True,0.9,,,,2026-08-03,14.75
2026-08-01,178320,33000.0,18.3,False,A_일반양음양_5일선,17.2,0.84,True,1.0,,,,2026-08-03,0.45
2026-08-01,199430,13100.0,11.5,True,A_일반양음양_3일선,30.0,2.32,True,-1.5,,,,2026-08-03,13.05
2026-08-01,277810,433000.0,16.1,False,B_ADK특_20일선,16.3,0.0,True,0.2,False,False,False,2026-08-03,5.89
2026-08-01,299660,1707.0,1.1,True,A_일반양음양_3일선,30.0,2.89,True,-1.0,,,,2026-08-03,1.17
2026-08-01,317400,6400.0,14.9,True,A_일반양음양_8일선,27.5,0.13,True,-2.9,,,,2026-08-03,4.22
2026-08-01,322000,112100.0,10.9,False,A_일반양음양_5일선,29.7,0.37,True,0.2,,,,2026-08-03,6.69
2026-08-01,413630,3865.0,8.9,True,A_일반양음양_5일선,29.9,0.42,True,-1.6,,,,2026-08-03,5.3
2026-08-01,455900,20150.0,5.8,True,A_일반양음양_3일선,29.9,19.61,True,1.0,,,,2026-08-03,12.66
2026-08-01,460930,13650.0,5.0,True,A_일반양음양_5일선,22.5,0.16,True,1.4,,,,2026-08-03,-1.76
2026-08-01,465770,3100.0,7.5,True,B_ADK특_20일선,30.0,0.0,True,1.5,True,False,False,2026-08-03,-10.97
2026-08-03,000250,158300.0,5.8,True,B_ADK특_13일선,29.8,0.0,True,-2.2,False,False,False,2026-08-04,5.69
2026-08-03,002140,2020.0,-4.7,True,B_ADK특_13일선,30.0,0.0,True,-1.2,True,False,True,2026-08-04,6.93
2026-08-03,002990,8980.0,-1.4,True,A_일반양음양_3일선,30.0,1.12,True,-2.3,,,,2026-08-04,7.02
2026-08-03,006660,11010.0,2.0,True,B_ADK특_20일선,17.1,0.0,True,-1.1,True,False,False,2026-08-04,1.45
2026-08-03,010060,196900.0,3.5,False,B_ADK특_13일선,30.0,0.0,True,-1.7,True,False,False,2026-08-04,14.27
2026-08-03,010120,188400.0,1.9,False,B_ADK특_13일선,17.3,0.0,True,0.4,True,False,False,2026-08-04,4.56
2026-08-03,010170,9250.0,8.4,False,B_ADK특_13일선,18.3,0.0,True,-2.0,True,False,False,2026-08-04,10.05
2026-08-03,011090,1723.0,-11.0,True,C_갭상승털기,30.0,18.36,False,0.4,,,,2026-08-04,3.77
2026-08-03,017900,5430.0,4.6,False,B_ADK특_13일선,18.8,0.0,True,-1.2,True,False,False,2026-08-04,7.18
2026-08-03,028300,30900.0,1.0,True,B_ADK특_13일선,30.0,0.0,True,-0.8,True,False,False,2026-08-04,11.17
2026-08-03,047920,8280.0,1.6,True,B_ADK특_13일선,30.0,0.0,True,-1.7,True,False,False,2026-08-04,
2026-08-03,079650,4250.0,0.0,True,A_일반양음양_3일선,30.0,0.68,True,0.4,,,,2026-08-04,1.18
2026-08-03,255440,5900.0,9.7,True,A_일반양음양_8일선,30.0,0.56,True,-0.3,,,,2026-08-04,2.03
2026-08-03,299660,1727.0,1.2,True,A_일반양음양_3일선,30.0,1.17,True,1.2,,,,2026-08-04,
2026-08-03,322000,119600.0,6.7,False,B_ADK특_20일선,29.7,0.0,True,-1.0,True,False,False,2026-08-04,7.86
2026-08-03,333430,3955.0,-1.2,True,A_일반양음양_3일선,29.9,1.87,True,1.9,,,,2026-08-04,3.67
2026-08-03,353200,96700.0,-0.1,False,C_갭상승털기,29.9,0.94,True,8.2,,,,2026-08-04,1.14
2026-08-03,402340,1025000.0,-1.3,False,C_갭상승털기,29.9,0.79,True,7.4,,,,2026-08-04,3.41
2026-08-03,460930,13410.0,-1.8,True,A_일반양음양_3일선,22.5,0.09,True,0.4,,,,2026-08-04,2.46
2026-08-03,460930,13410.0,-1.8,True,B_ADK특_13일선,22.5,0.0,True,1.3,True,True,True,2026-08-04,2.46
2026-08-03,476060,11240.0,3.9,False,B_ADK특_13일선,20.3,0.0,True,-0.8,False,False,False,2026-08-04,12.54
2026-08-04,000250,167300.0,5.7,True,B_ADK특_20일선,29.8,0.0,True,-2.1,False,False,False,2026-08-05,-0.06
2026-08-04,000500,146500.0,8.0,True,A_일반양음양_8일선,24.7,0.55,True,0.2,,,,2026-08-05,9.01
2026-08-04,000660,1577000.0,0.6,False,A_일반양음양_3일선,30.0,0.5,True,-2.7,,,,2026-08-05,7.36
2026-08-04,000990,85000.0,5.1,False,A_일반양음양_8일선,16.7,0.55,True,0.2,,,,2026-08-05,6.12
2026-08-04,001820,77700.0,4.3,False,B_ADK특_13일선,23.9,0.0,True,0.5,False,False,False,2026-08-05,4.89
2026-08-04,002990,9610.0,7.0,True,B_ADK특_13일선,30.0,0.0,True,-0.8,False,False,False,2026-08-05,1.87
2026-08-04,004310,5600.0,3.5,True,B_ADK특_20일선,29.8,0.0,True,-1.2,False,False,False,2026-08-05,4.64
2026-08-04,005930,240000.0,0.2,False,A_일반양음양_3일선,26.8,0.5,True,-3.0,,,,2026-08-05,3.33
2026-08-04,005930,240000.0,0.2,False,B_ADK특_13일선,26.8,0.0,True,-1.6,False,False,False,2026-08-05,3.33
2026-08-04,006660,11170.0,1.5,True,B_ADK특_20일선,17.1,0.0,True,0.1,False,False,False,2026-08-05,2.06
2026-08-04,007660,79600.0,6.8,False,B_ADK특_13일선,25.8,0.0,True,-1.1,False,False,False,2026-08-05,7.16
2026-08-04,009150,1185000.0,0.3,False,A_일반양음양_3일선,29.9,1.6,True,1.3,,,,2026-08-05,14.6
2026-08-04,009150,1185000.0,0.3,False,B_ADK특_13일선,29.9,0.0,True,-2.7,False,False,False,2026-08-05,14.6
2026-08-04,011070,525000.0,2.3,False,A_일반양음양_3일선,21.2,0.48,True,1.5,,,,2026-08-05,14.67
2026-08-04,011090,1788.0,3.8,True,A_일반양음양_3일선,30.0,10.4,True,-1.5,,,,2026-08-05,
2026-08-04,015260,375.0,14.0,True,B_ADK특_20일선,29.8,0.0,True,-0.8,True,False,False,2026-08-05,
2026-08-04,028260,322500.0,-2.0,False,A_일반양음양_5일선,19.6,0.39,True,1.9,,,,2026-08-05,7.75
2026-08-04,028260,322500.0,-2.0,False,B_ADK특_13일선,19.6,0.0,True,-2.3,False,False,False,2026-08-05,7.75
2026-08-04,028300,34350.0,11.2,True,B_ADK특_20일선,30.0,0.0,True,0.7,False,True,False,2026-08-05,3.49
2026-08-04,032830,278000.0,-3.3,False,A_일반양음양_5일선,18.0,1.23,True,-1.2,,,,2026-08-05,5.58
2026-08-04,033160,15350.0,6.3,False,B_ADK특_20일선,30.0,0.0,True,1.8,False,False,False,2026-08-05,10.94
2026-08-04,034730,518000.0,-1.0,False,A_일반양음양_3일선,18.9,0.44,True,-2.8,,,,2026-08-05,8.88
2026-08-04,037070,6980.0,-4.4,True,B_ADK특_20일선,15.2,0.0,True,0.4,False,True,False,2026-08-05,2.15
2026-08-04,042700,203000.0,0.2,False,A_일반양음양_3일선,28.0,0.39,True,-1.8,,,,2026-08-05,3.2
2026-08-04,042700,203000.0,0.2,False,B_ADK특_13일선,28.0,0.0,True,-0.7,False,False,False,2026-08-05,3.2
2026-08-04,044340,5840.0,-0.3,True,C_갭상승털기,21.5,1.22,True,6.0,,,,2026-08-05,-2.4
2026-08-04,044490,27600.0,3.4,False,A_일반양음양_3일선,29.8,0.63,True,1.3,,,,2026-08-05,4.53
2026-08-04,058470,64400.0,4.9,False,A_일반양음양_3일선,16.1,0.59,True,1.7,,,,2026-08-05,3.73
2026-08-04,058470,64400.0,4.9,False,B_ADK특_13일선,16.1,0.0,True,-2.7,False,False,False,2026-08-05,3.73
2026-08-04,066590,2495.0,4.4,True,B_ADK특_20일선,30.0,0.0,True,-0.3,False,False,False,2026-08-05,
2026-08-04,067290,1939.0,0.2,True,B_ADK특_13일선,30.0,0.0,True,1.9,False,False,True,2026-08-05,3.15
2026-08-04,073240,6980.0,4.8,True,A_일반양음양_3일선,19.9,0.24,True,0.0,,,,2026-08-05,5.95
2026-08-04,079650,4300.0,1.2,True,A_일반양음양_3일선,30.0,0.19,True,0.8,,,,2026-08-05,2.67
2026-08-04,080220,70000.0,7.5,False,B_ADK특_13일선,29.9,0.0,True,0.4,False,False,False,2026-08-05,8.43
2026-08-04,093370,9700.0,1.9,True,B_ADK특_13일선,29.9,0.0,True,0.4,False,False,False,2026-08-05,5.98
2026-08-04,095610,132400.0,4.1,False,A_일반양음양_3일선,30.0,1.4,True,2.0,,,,2026-08-05,3.17
2026-08-04,208640,1233.0,-8.1,True,C_갭상승털기,29.9,7.07,True,2.6,,,,2026-08-05,
2026-08-04,222800,97100.0,11.0,False,B_ADK특_20일선,29.9,0.0,True,-0.5,False,True,False,2026-08-05,6.18
2026-08-04,240810,96500.0,3.0,False,A_일반양음양_3일선,27.9,0.51,True,0.6,,,,2026-08-05,1.35
2026-08-04,267260,716000.0,6.4,False,B_ADK특_13일선,17.3,0.0,True,-2.5,False,False,False,2026-08-05,8.1
2026-08-04,319660,126000.0,0.4,True,A_일반양음양_3일선,27.8,0.54,True,-0.8,,,,2026-08-05,1.83
2026-08-04,353200,97800.0,1.1,False,A_일반양음양_3일선,29.9,0.81,True,0.7,,,,2026-08-05,10.12
2026-08-04,402340,1060000.0,3.4,False,A_일반양음양_3일선,29.9,0.91,True,1.8,,,,2026-08-05,6.51
2026-08-04,402340,1060000.0,3.4,False,B_ADK특_13일선,29.9,0.0,True,-1.5,False,False,False,2026-08-05,6.51
2026-08-04,403870,35400.0,4.3,False,B_ADK특_13일선,21.2,0.0,True,-1.6,False,False,False,2026-08-05,4.1
2026-08-04,440110,61900.0,-2.2,False,A_일반양음양_3일선,29.9,0.47,True,-1.5,,,,2026-08-05,7.27
2026-08-04,475150,55800.0,19.9,True,B_ADK특_13일선,30.0,0.0,True,-0.1,False,False,False,2026-08-05,3.05
2026-08-05,000150,1266000.0,-0.6,True,A_일반양음양_3일선,30.0,0.52,True,0.5,,,,2026-08-06,-6.0
2026-08-05,000250,167200.0,-0.1,True,B_ADK특_20일선,29.8,0.0,True,-1.2,False,False,False,2026-08-06,-0.18
2026-08-05,000500,159700.0,9.0,True,B_ADK특_13일선,24.7,0.0,True,-1.7,False,False,False,2026-08-06,-2.13
2026-08-05,000660,1693000.0,7.4,False,B_ADK특_13일선,30.0,0.0,True,1.2,False,False,False,2026-08-06,-12.05
2026-08-05,000990,90200.0,6.1,False,B_ADK특_13일선,16.7,0.0,True,-1.6,False,False,False,2026-08-06,-1.11
2026-08-05,001820,81500.0,4.9,True,B_ADK특_20일선,23.9,0.0,True,-2.8,False,True,False,2026-08-06,-6.38
2026-08-05,002990,9790.0,1.9,True,B_ADK특_13일선,30.0,0.0,True,1.9,False,False,False,2026-08-06,-1.12
2026-08-05,004310,5860.0,4.6,True,B_ADK특_13일선,29.8,0.0,True,1.2,False,False,False,2026-08-06,12.97
2026-08-05,005930,248000.0,3.3,False,B_ADK특_13일선,26.8,0.0,True,1.9,False,False,False,2026-08-06,-7.06
2026-08-05,006660,11400.0,2.1,True,B_ADK특_13일선,17.1,0.0,True,-1.7,False,False,False,2026-08-06,
2026-08-05,007660,85300.0,7.2,False,B_ADK특_20일선,25.8,0.0,True,-0.5,False,True,False,2026-08-06,-1.64
2026-08-05,011070,602000.0,14.7,False,B_ADK특_20일선,21.2,0.0,True,-1.7,False,True,False,2026-08-06,-8.47
2026-08-05,028260,347500.0,7.8,False,B_ADK특_20일선,19.6,0.0,True,1.0,False,False,False,2026-08-06,-4.03
2026-08-05,032830,293500.0,5.6,False,B_ADK특_13일선,18.0,0.0,True,-1.7,False,False,False,2026-08-06,-3.24
2026-08-05,034730,564000.0,8.9,False,B_ADK특_13일선,18.9,0.0,True,-0.5,False,False,False,2026-08-06,-10.02
2026-08-05,036930,143400.0,5.4,False,B_ADK특_13일선,26.7,0.0,True,1.9,False,False,False,2026-08-06,-5.79
2026-08-05,042700,209500.0,3.2,False,B_ADK특_20일선,28.0,0.0,True,0.1,False,False,False,2026-08-06,-3.58
2026-08-05,044340,5700.0,-2.4,True,A_일반양음양_3일선,21.5,0.2,True,-1.7,,,,2026-08-06,-8.95
2026-08-05,058470,66800.0,3.7,False,B_ADK특_13일선,16.1,0.0,True,1.6,False,False,False,2026-08-06,0.45
2026-08-05,058610,109000.0,0.2,True,A_일반양음양_3일선,23.2,0.28,True,0.2,,,,2026-08-06,0.0
2026-08-05,067310,32000.0,3.2,False,B_ADK특_13일선,20.0,0.0,True,-0.5,False,False,False,2026-08-06,-3.12
2026-08-05,079650,4415.0,2.7,True,B_ADK특_20일선,30.0,0.0,True,-1.1,False,True,False,2026-08-06,-4.87
2026-08-05,087010,172900.0,-0.5,True,A_일반양음양_3일선,30.0,0.8,True,1.2,,,,2026-08-06,3.53
2026-08-05,089030,48100.0,0.0,True,A_일반양음양_3일선,29.9,0.47,True,1.3,,,,2026-08-06,-1.46
2026-08-05,093370,10280.0,6.0,True,B_ADK특_20일선,29.9,0.0,True,-1.7,False,True,False,2026-08-06,-3.89
2026-08-05,095610,136600.0,3.2,False,B_ADK특_13일선,30.0,0.0,True,-0.7,False,False,False,2026-08-06,-4.39
2026-08-05,100090,13820.0,4.8,True,B_ADK특_13일선,19.6,0.0,True,0.1,False,False,False,2026-08-06,-0.8
2026-08-05,122350,1583.0,-4.9,True,C_갭상승털기,30.0,2.25,True,4.9,,,,2026-08-06,-3.35
2026-08-05,131290,201000.0,2.1,True,B_ADK특_13일선,29.9,0.0,True,-1.5,False,False,False,2026-08-06,4.48
2026-08-05,170920,38850.0,7.3,False,B_ADK특_13일선,29.9,0.0,True,-2.0,False,False,False,2026-08-06,-0.26
2026-08-05,178320,37450.0,1.8,False,B_ADK특_20일선,17.2,0.0,True,-0.4,False,False,False,2026-08-06,-4.67
2026-08-05,225190,691.0,-1.7,True,C_갭상승털기,29.9,4.37,True,7.1,,,,2026-08-06,
2026-08-05,240810,97800.0,1.3,False,A_일반양음양_3일선,27.9,0.55,True,1.9,,,,2026-08-06,-4.4
2026-08-05,240810,97800.0,1.3,False,B_ADK특_13일선,27.9,0.0,True,-2.0,False,False,False,2026-08-06,-4.4
2026-08-05,267260,774000.0,8.1,False,B_ADK특_20일선,17.3,0.0,True,1.8,False,False,False,2026-08-06,-1.42
2026-08-05,319660,128300.0,1.8,True,A_일반양음양_3일선,27.8,0.49,True,1.3,,,,2026-08-06,-5.14
2026-08-05,336260,35250.0,23.3,True,B_ADK특_20일선,29.9,0.0,True,-2.7,False,True,False,2026-08-06,-5.53
2026-08-05,347700,19260.0,-2.2,True,C_갭상승털기,23.1,0.39,True,5.2,,,,2026-08-06,4.1
2026-08-05,353200,107700.0,10.1,False,B_ADK특_20일선,29.9,0.0,True,-2.0,False,False,False,2026-08-06,-6.96
2026-08-05,355390,1955.0,-7.6,True,C_갭상승털기,29.8,0.83,True,2.9,,,,2026-08-06,6.39
2026-08-05,402340,1129000.0,6.5,False,B_ADK특_20일선,29.9,0.0,True,-1.2,False,False,False,2026-08-06,-13.99
2026-08-05,403870,36850.0,4.1,False,B_ADK특_20일선,21.2,0.0,True,-2.6,False,False,False,2026-08-06,-2.44
2026-08-05,440110,66400.0,7.3,False,B_ADK특_20일선,29.9,0.0,True,-0.8,False,False,False,2026-08-06,-12.5
2026-08-05,455900,23050.0,2.4,True,A_일반양음양_3일선,29.9,6.64,True,1.3,,,,2026-08-06,0.65
2026-08-05,484810,17780.0,3.7,True,A_일반양음양_3일선,29.9,1.34,True,1.8,,,,2026-08-06,-6.86
2026-08-06,000150,1190000.0,-5.6,True,A_일반양음양_5일선,30.0,0.34,True,-3.0,,,,2026-08-07,0.0
2026-08-06,000150,1190000.0,-5.6,True,B_ADK특_20일선,30.0,0.0,True,0.3,False,True,False,2026-08-07,0.0
2026-08-06,000250,166900.0,0.2,True,B_ADK특_20일선,29.8,0.0,True,-0.7,False,True,False,2026-08-07,-1.98
2026-08-06,000500,156300.0,-1.6,False,A_일반양음양_3일선,24.7,0.32,True,1.6,,,,2026-08-07,-6.01
2026-08-06,000500,156300.0,-1.6,False,B_ADK특_13일선,24.7,0.0,True,-2.9,False,False,False,2026-08-07,-6.01
2026-08-06,000990,89200.0,-0.9,False,A_일반양음양_3일선,16.7,0.68,True,1.3,,,,2026-08-07,-6.28
2026-08-06,000990,89200.0,-0.9,False,B_ADK특_13일선,16.7,0.0,True,-1.6,False,False,False,2026-08-07,-6.28
2026-08-06,001820,76300.0,-5.6,True,A_일반양음양_3일선,23.9,0.27,True,-2.5,,,,2026-08-07,1.44
2026-08-06,001820,76300.0,-5.6,True,B_ADK특_13일선,23.9,0.0,True,-0.3,False,False,False,2026-08-07,1.44
2026-08-06,002990,9680.0,-0.9,True,A_일반양음양_3일선,30.0,0.88,True,-0.1,,,,2026-08-07,0.62
2026-08-06,002990,9680.0,-0.9,True,B_ADK특_13일선,30.0,0.0,True,1.8,False,False,False,2026-08-07,0.62
2026-08-06,005930,230500.0,-6.3,False,A_일반양음양_8일선,26.8,0.39,True,-0.5,,,,2026-08-07,0.33
2026-08-06,006340,14610.0,-5.4,True,A_일반양음양_3일선,26.0,0.56,True,-0.0,,,,2026-08-07,-6.43
2026-08-06,007660,83900.0,-0.9,False,A_일반양음양_3일선,25.8,0.31,True,1.4,,,,2026-08-07,-2.5
2026-08-06,007660,83900.0,-0.9,False,B_ADK특_20일선,25.8,0.0,True,-1.9,False,True,False,2026-08-07,-2.5
2026-08-06,009150,1238000.0,-8.7,False,A_일반양음양_3일선,29.9,1.49,True,-1.7,,,,2026-08-07,3.72
2026-08-06,009150,1238000.0,-8.7,False,B_ADK특_13일선,29.9,0.0,True,1.4,False,True,False,2026-08-07,3.72
2026-08-06,010120,203500.0,-4.0,True,A_일반양음양_3일선,23.0,0.33,True,-0.3,,,,2026-08-07,-1.97
2026-08-06,010170,11130.0,-7.8,True,A_일반양음양_3일선,19.1,1.12,True,0.0,,,,2026-08-07,2.34
2026-08-06,011070,551000.0,-8.3,False,A_일반양음양_3일선,21.2,0.46,True,-1.4,,,,2026-08-07,0.0
2026-08-06,011070,551000.0,-8.3,False,B_ADK특_13일선,21.2,0.0,True,-1.8,False,True,False,2026-08-07,0.0
2026-08-06,028260,333500.0,-4.0,False,A_일반양음양_3일선,19.6,0.22,True,-0.3,,,,2026-08-07,0.6
2026-08-06,028260,333500.0,-4.0,False,B_ADK특_13일선,19.6,0.0,True,0.7,False,False,False,2026-08-07,0.6
2026-08-06,030530,20050.0,-4.1,True,A_일반양음양_3일선,30.0,0.33,True,-2.0,,,,2026-08-07,-5.54
2026-08-06,032830,284000.0,-3.4,False,A_일반양음양_3일선,18.0,0.35,True,-0.5,,,,2026-08-07,-3.35
2026-08-06,034730,507500.0,-9.7,False,A_일반양음양_8일선,18.9,0.34,True,-2.5,,,,2026-08-07,-0.49
2026-08-06,036930,135100.0,-5.5,False,A_일반양음양_3일선,26.7,0.32,True,-2.1,,,,2026-08-07,-5.85
2026-08-06,036930,135100.0,-5.5,False,B_ADK특_13일선,26.7,0.0,True,-2.2,False,False,False,2026-08-07,-5.85
2026-08-06,037070,6610.0,-8.2,True,B_ADK특_13일선,15.2,0.0,True,0.8,False,True,False,2026-08-07,-8.93
2026-08-06,042700,202000.0,-3.3,True,A_일반양음양_3일선,28.0,0.17,True,-1.3,,,,2026-08-07,-4.95
2026-08-06,042700,202000.0,-3.3,True,B_ADK특_13일선,28.0,0.0,True,0.8,False,False,False,2026-08-07,-4.95
2026-08-06,044340,5190.0,-10.5,True,A_일반양음양_8일선,21.5,0.3,True,-0.3,,,,2026-08-07,-9.73
2026-08-06,058470,67100.0,0.3,False,A_일반양음양_3일선,16.1,0.49,True,1.5,,,,2026-08-07,-2.24
2026-08-06,058470,67100.0,0.3,False,B_ADK특_20일선,16.1,0.0,True,-1.4,False,False,False,2026-08-07,-2.24
2026-08-06,058610,109000.0,0.1,True,A_일반양음양_3일선,23.2,0.39,True,0.1,,,,2026-08-07,-7.71
2026-08-06,067310,31000.0,-2.8,False,A_일반양음양_3일선,20.0,0.34,True,-1.0,,,,2026-08-07,-3.55
2026-08-06,067310,31000.0,-2.8,False,B_ADK특_13일선,20.0,0.0,True,-2.2,False,False,False,2026-08-07,-3.55
2026-08-06,078600,87700.0,2.7,True,A_일반양음양_3일선,17.2,0.27,True,1.9,,,,2026-08-07,0.34
2026-08-06,079650,4200.0,-4.8,True,A_일반양음양_3일선,30.0,0.2,True,-2.4,,,,2026-08-07,-3.69
2026-08-06,080220,74600.0,-1.2,True,A_일반양음양_3일선,29.9,0.37,True,1.7,,,,2026-08-07,0.0
2026-08-06,080220,74600.0,-1.2,True,B_ADK특_20일선,29.9,0.0,True,2.0,False,True,False,2026-08-07,0.0
2026-08-06,089030,47400.0,-1.0,True,A_일반양음양_3일선,29.9,0.35,True,-0.8,,,,2026-08-07,-8.12
2026-08-06,089970,64000.0,-6.2,False,A_일반양음양_5일선,29.4,0.62,True,-2.6,,,,2026-08-07,-5.78
2026-08-06,093370,9880.0,-3.4,False,A_일반양음양_3일선,29.9,0.25,True,-0.6,,,,2026-08-07,-0.51
2026-08-06,095610,130600.0,-4.0,True,A_일반양음양_3일선,30.0,0.83,True,-1.8,,,,2026-08-07,-5.13
2026-08-06,095610,130600.0,-4.0,True,B_ADK특_13일선,30.0,0.0,True,-2.8,False,False,False,2026-08-07,-5.13
2026-08-06,098460,30950.0,-0.2,True,A_일반양음양_3일선,20.8,0.32,True,1.1,,,,2026-08-07,-4.68
2026-08-06,100090,13710.0,-0.8,True,B_ADK특_13일선,19.6,0.0,True,-1.1,False,False,False,2026-08-07,-3.06
2026-08-06,108490,235000.0,-2.9,False,A_일반양음양_3일선,17.2,0.36,True,-0.6,,,,2026-08-07,-3.3
2026-08-06,119850,50900.0,1.8,True,A_일반양음양_3일선,21.9,0.24,True,0.4,,,,2026-08-07,2.95
2026-08-06,122350,1530.0,-4.0,True,B_ADK특_13일선,30.0,0.0,True,-2.1,False,False,False,2026-08-07,-2.22
2026-08-06,138080,22650.0,-9.9,True,C_갭상승털기,29.8,8.71,False,1.2,,,,2026-08-07,17.22
2026-08-06,141080,111400.0,1.7,False,A_일반양음양_3일선,15.2,0.59,True,1.0,,,,2026-08-07,0.72
2026-08-06,170920,38750.0,0.5,False,B_ADK특_13일선,29.9,0.0,True,0.3,False,False,False,2026-08-07,-8.0
2026-08-06,178320,35700.0,-4.8,False,B_ADK특_13일선,17.2,0.0,True,0.8,False,False,False,2026-08-07,-4.62
2026-08-06,215790,914.0,-7.5,True,C_갭상승털기,30.0,1.21,False,3.0,,,,2026-08-07,-2.41
2026-08-06,240810,93500.0,-4.3,False,A_일반양음양_3일선,27.9,0.44,True,-2.5,,,,2026-08-07,-5.51
2026-08-06,264850,6400.0,-2.0,True,C_갭상승털기,29.8,0.44,True,6.9,,,,2026-08-07,2.03
2026-08-06,267260,763000.0,-1.2,False,A_일반양음양_3일선,17.3,0.45,True,1.7,,,,2026-08-07,-0.52
2026-08-06,267260,763000.0,-1.2,False,B_ADK특_20일선,17.3,0.0,True,0.7,False,False,False,2026-08-07,-0.52
2026-08-06,277810,488500.0,0.9,True,A_일반양음양_3일선,16.1,0.7,True,1.8,,,,2026-08-07,-6.04
2026-08-06,298040,2729000.0,-8.6,False,A_일반양음양_3일선,27.6,0.68,True,-2.2,,,,2026-08-07,3.48
2026-08-06,304100,17750.0,-4.6,True,A_일반양음양_3일선,30.0,15.7,True,-0.2,,,,2026-08-07,-4.28
2026-08-06,319660,121700.0,-4.7,True,A_일반양음양_3일선,27.8,0.44,True,-2.7,,,,2026-08-07,-3.12
2026-08-06,323280,41200.0,-8.0,False,A_일반양음양_3일선,29.9,0.74,True,-1.9,,,,2026-08-07,-6.31
2026-08-06,336260,33300.0,-3.8,True,C_갭상승털기,21.0,0.34,True,3.5,,,,2026-08-07,-8.71
2026-08-06,347700,20050.0,4.2,True,A_일반양음양_3일선,23.1,0.42,True,2.0,,,,2026-08-07,15.09
2026-08-06,353200,100200.0,-5.7,False,A_일반양음양_3일선,29.9,0.44,True,-1.2,,,,2026-08-07,3.69
2026-08-06,353200,100200.0,-5.7,False,B_ADK특_13일선,29.9,0.0,True,-1.8,False,False,False,2026-08-07,3.69
2026-08-06,355390,2080.0,4.9,True,A_일반양음양_3일선,29.8,0.95,True,1.0,,,,2026-08-07,
2026-08-06,372170,18790.0,-8.3,False,C_갭상승털기,30.0,65.02,False,2.4,,,,2026-08-07,
2026-08-06,402340,971000.0,-13.2,False,A_일반양음양_8일선,29.9,0.68,True,-0.2,,,,2026-08-07,-3.09
2026-08-06,403870,35950.0,-1.8,False,A_일반양음양_3일선,21.2,0.3,True,-0.1,,,,2026-08-07,-4.73
2026-08-06,439960,18960.0,-0.2,True,A_일반양음양_3일선,21.3,0.4,True,1.7,,,,2026-08-07,-9.23
2026-08-06,440110,58100.0,-12.6,False,A_일반양음양_8일선,29.9,0.73,True,-0.8,,,,2026-08-07,-1.89
2026-08-06,455900,23200.0,0.9,True,A_일반양음양_3일선,29.9,9.26,True,1.3,,,,2026-08-07,-4.96
2026-08-06,475150,55100.0,-4.5,True,A_일반양음양_3일선,19.9,0.2,True,-2.0,,,,2026-08-07,-9.07
2026-08-06,475150,55100.0,-4.5,True,B_ADK특_13일선,19.9,0.0,True,-2.0,False,False,False,2026-08-07,-9.07
2026-08-06,484810,16560.0,-7.1,True,A_일반양음양_5일선,29.9,0.86,True,0.5,,,,2026-08-07,-5.37
2026-08-07,000150,1190000.0,0.2,True,A_일반양음양_3일선,30.0,0.3,True,-1.9,,,,2026-08-10,3.28
2026-08-07,000150,1190000.0,0.2,True,B_ADK특_20일선,30.0,0.0,True,0.4,False,True,False,2026-08-10,3.28
2026-08-07,000250,163600.0,-0.9,True,B_ADK특_20일선,29.8,0.0,True,-1.8,False,True,False,2026-08-10,14.73
2026-08-07,000500,146900.0,-5.3,False,A_일반양음양_5일선,24.7,0.28,True,-1.1,,,,2026-08-10,5.99
2026-08-07,000720,108000.0,-4.1,False,A_일반양음양_3일선,15.8,0.28,True,-2.0,,,,2026-08-10,2.22
2026-08-07,000990,83600.0,-5.6,False,A_일반양음양_5일선,16.7,0.4,True,-2.4,,,,2026-08-10,9.81
2026-08-07,001820,77400.0,2.0,True,A_일반양음양_3일선,23.9,0.32,True,-0.8,,,,2026-08-10,3.88
2026-08-07,001820,77400.0,2.0,True,B_ADK특_13일선,23.9,0.0,True,2.0,False,False,False,2026-08-10,3.88
2026-08-07,002070,5730.0,0.7,True,A_일반양음양_3일선,30.0,1.04,True,-1.5,,,,2026-08-10,
2026-08-07,002140,2105.0,-1.9,True,B_ADK특_13일선,30.0,0.0,True,0.9,True,False,True,2026-08-10,
2026-08-07,002990,9740.0,0.8,True,A_일반양음양_3일선,30.0,0.43,True,0.2,,,,2026-08-10,-10.27
2026-08-07,005930,231250.0,0.3,False,A_일반양음양_3일선,26.8,0.31,True,-2.0,,,,2026-08-10,-0.54
2026-08-07,006260,316000.0,-3.8,False,A_일반양음양_3일선,19.5,0.94,True,-2.6,,,,2026-08-10,3.96
2026-08-07,006340,13670.0,-5.1,True,A_일반양음양_5일선,26.0,0.41,True,-2.9,,,,2026-08-10,7.17
2026-08-07,006360,31500.0,-3.4,True,A_일반양음양_3일선,18.6,0.4,True,-0.8,,,,2026-08-10,10.16
2026-08-07,007660,81800.0,-1.6,False,A_일반양음양_3일선,25.8,0.28,True,-1.7,,,,2026-08-10,12.96
2026-08-07,009150,1284000.0,4.5,False,A_일반양음양_3일선,29.9,1.36,True,-0.4,,,,2026-08-10,-1.09
2026-08-07,009150,1284000.0,4.5,False,B_ADK특_20일선,29.9,0.0,True,1.7,False,True,False,2026-08-10,-1.09
2026-08-07,010120,199500.0,-1.5,False,A_일반양음양_3일선,23.0,0.38,True,-2.5,,,,2026-08-10,3.76
2026-08-07,010170,11390.0,2.9,False,A_일반양음양_3일선,18.6,0.44,True,-1.0,,,,2026-08-10,19.49
2026-08-07,011070,551000.0,-0.5,False,A_일반양음양_5일선,21.2,0.39,True,0.4,,,,2026-08-10,0.36
2026-08-07,011070,551000.0,-0.5,False,B_ADK특_13일선,21.2,0.0,True,-0.8,False,True,False,2026-08-10,0.36
2026-08-07,028260,335500.0,0.4,False,A_일반양음양_3일선,19.6,0.19,True,-1.0,,,,2026-08-10,0.0
2026-08-07,028260,335500.0,0.4,False,B_ADK특_13일선,19.6,0.0,True,1.4,True,False,False,2026-08-10,0.0
2026-08-07,032830,274500.0,-4.5,False,A_일반양음양_8일선,18.0,0.64,True,-2.9,,,,2026-08-10,1.46
2026-08-07,034730,505000.0,-0.8,False,A_일반양음양_8일선,18.9,0.29,True,-2.2,,,,2026-08-10,0.99
2026-08-07,036930,127200.0,-4.6,False,A_일반양음양_8일선,26.7,0.32,True,1.1,,,,2026-08-10,13.68
2026-08-07,039030,323500.0,-3.9,False,A_일반양음양_3일선,23.3,0.4,True,-1.7,,,,2026-08-10,11.13
2026-08-07,039030,323500.0,-3.9,False,B_ADK특_20일선,23.3,0.0,True,2.0,False,True,False,2026-08-10,11.13
2026-08-07,042700,192000.0,-4.2,False,A_일반양음양_8일선,28.0,0.31,True,-1.3,,,,2026-08-10,7.29
2026-08-07,042700,192000.0,-4.2,False,B_ADK특_13일선,28.0,0.0,True,-2.9,True,False,False,2026-08-10,7.29
2026-08-07,044340,4685.0,-8.5,True,B_ADK특_20일선,21.5,0.0,True,-2.3,True,True,False,2026-08-10,-5.55
2026-08-07,058470,65600.0,-1.9,False,A_일반양음양_3일선,16.1,0.39,True,-1.3,,,,2026-08-10,7.16
2026-08-07,058470,65600.0,-1.9,False,B_ADK특_13일선,16.1,0.0,True,0.5,False,False,False,2026-08-10,7.16
2026-08-07,064260,4510.0,-4.2,True,B_ADK특_13일선,17.9,0.0,True,0.6,True,True,True,2026-08-10,9.2
2026-08-07,067290,2190.0,-6.0,True,C_갭상승털기,16.2,0.23,True,0.7,,,,2026-08-10,1.92
2026-08-07,067310,29900.0,-3.2,False,A_일반양음양_5일선,20.0,0.23,True,-2.8,,,,2026-08-10,13.38
2026-08-07,073240,7760.0,-2.3,True,A_일반양음양_3일선,19.9,0.46,True,0.9,,,,2026-08-10,-6.83
2026-08-07,078600,88000.0,0.6,True,A_일반양음양_3일선,17.2,0.29,True,1.2,,,,2026-08-10,12.27
2026-08-07,079650,4045.0,-3.1,True,A_일반양음양_8일선,30.0,0.14,True,-1.6,,,,2026-08-10,-4.7
2026-08-07,079650,4045.0,-3.1,True,B_ADK특_13일선,30.0,0.0,True,0.2,True,True,False,2026-08-10,-4.7
2026-08-07,079940,43250.0,-3.9,True,B_ADK특_20일선,29.9,0.0,True,0.7,True,False,True,2026-08-10,
2026-08-07,080220,74600.0,0.4,True,A_일반양음양_3일선,29.9,0.34,True,-0.3,,,,2026-08-10,17.02
2026-08-07,089030,43550.0,-7.9,True,B_ADK특_13일선,29.9,0.0,True,-0.1,False,True,False,2026-08-10,6.66
2026-08-07,089970,60300.0,-6.1,False,A_일반양음양_8일선,29.4,0.58,True,-2.9,,,,2026-08-10,11.94
2026-08-07,093370,9830.0,-0.3,True,A_일반양음양_3일선,29.9,0.33,True,-1.4,,,,2026-08-10,3.97
2026-08-07,095610,123900.0,-4.8,False,A_일반양음양_8일선,30.0,0.68,True,-0.3,,,,2026-08-10,15.25
2026-08-07,098460,29500.0,-5.0,True,A_일반양음양_5일선,20.8,0.25,True,-1.0,,,,2026-08-10,7.29
2026-08-07,100090,13290.0,-3.1,True,B_ADK특_20일선,19.6,0.0,True,-2.8,False,False,False,2026-08-10,5.34
2026-08-07,108490,227250.0,-2.7,False,A_일반양음양_3일선,17.2,0.23,True,-3.0,,,,2026-08-10,9.35
2026-08-07,122350,1496.0,-2.5,True,A_일반양음양_3일선,30.0,0.34,True,-2.9,,,,2026-08-10,
2026-08-07,122350,1496.0,-2.5,True,B_ADK특_13일선,30.0,0.0,True,-2.4,False,False,False,2026-08-10,
2026-08-07,131290,205500.0,-0.7,True,A_일반양음양_3일선,29.9,0.83,True,0.6,,,,2026-08-10,10.46
2026-08-07,141080,112200.0,1.2,False,A_일반양음양_3일선,15.2,0.47,True,1.2,,,,2026-08-10,6.77
2026-08-07,148780,4400.0,-12.9,True,C_갭상승털기,30.0,22.51,False,-1.0,,,,2026-08-10,-0.8
2026-08-07,148780,4400.0,-12.9,True,A_일반양음양_3일선,29.9,5.02,True,-1.0,,,,2026-08-10,-0.8
2026-08-07,179900,2240.0,13.7,True,A_일반양음양_3일선,30.0,2.92,True,-2.3,,,,2026-08-10,
2026-08-07,210980,5270.0,-11.3,True,C_갭상승털기,29.8,0.86,False,0.2,,,,2026-08-10,
2026-08-07,239340,874.0,-5.8,True,C_갭상승털기,30.0,1.25,True,4.2,,,,2026-08-10,
2026-08-07,240810,88350.0,-4.6,False,A_일반양음양_8일선,27.9,0.49,True,-2.6,,,,2026-08-10,11.83
2026-08-07,264850,6530.0,4.1,True,A_일반양음양_3일선,29.8,1.25,True,1.3,,,,2026-08-10,1.84
2026-08-07,267260,759000.0,-0.3,False,A_일반양음양_3일선,17.3,0.52,True,-0.7,,,,2026-08-10,0.26
2026-08-07,267260,759000.0,-0.3,False,B_ADK특_20일선,17.3,0.0,True,0.6,False,False,False,2026-08-10,0.26
2026-08-07,277810,459000.0,-6.2,True,A_일반양음양_5일선,16.1,0.49,True,-2.7,,,,2026-08-10,5.99
2026-08-07,298040,2824000.0,4.3,False,A_일반양음양_3일선,27.6,0.49,True,-0.5,,,,2026-08-10,3.43
2026-08-07,304100,16990.0,-5.0,True,A_일반양음양_5일선,30.0,11.88,True,1.7,,,,2026-08-10,8.33
2026-08-07,319660,117900.0,-2.7,True,A_일반양음양_8일선,27.8,0.32,True,-2.2,,,,2026-08-10,10.69
2026-08-07,322000,124700.0,-6.9,True,B_ADK특_13일선,29.7,0.0,True,-2.9,False,True,False,2026-08-10,-3.37
2026-08-07,327260,33150.0,0.3,True,A_일반양음양_3일선,29.9,0.37,True,-0.5,,,,2026-08-10,22.47
2026-08-07,336260,30400.0,-7.9,True,A_일반양음양_5일선,21.0,0.31,True,-0.4,,,,2026-08-10,9.7
2026-08-07,336260,30400.0,-7.9,True,B_ADK특_13일선,21.0,0.0,True,-0.8,False,True,False,2026-08-10,9.7
2026-08-07,348080,3420.0,-12.0,True,C_갭상승털기,29.9,24.71,False,-0.3,,,,2026-08-10,
2026-08-07,348080,3420.0,-12.0,True,A_일반양음양_3일선,30.0,17.46,True,-0.3,,,,2026-08-10,
2026-08-07,353200,103900.0,4.4,False,A_일반양음양_3일선,29.9,0.45,True,0.6,,,,2026-08-10,3.85
2026-08-07,403870,34250.0,-4.3,False,A_일반양음양_5일선,21.2,0.26,True,-2.7,,,,2026-08-10,7.88
2026-08-07,403870,34250.0,-4.3,False,B_ADK특_13일선,21.2,0.0,True,-1.7,True,False,False,2026-08-10,7.88
2026-08-07,413630,3845.0,-6.6,True,B_ADK특_13일선,29.9,0.0,True,-0.3,True,True,True,2026-08-10,6.5
2026-08-07,419050,1551.0,-1.2,True,A_일반양음양_3일선,30.0,4.11,True,-1.0,,,,2026-08-10,
2026-08-07,440110,57000.0,-1.6,False,A_일반양음양_8일선,29.9,0.43,True,-2.8,,,,2026-08-10,7.37
2026-08-07,475150,50100.0,-8.9,True,A_일반양음양_8일선,19.9,0.37,True,1.3,,,,2026-08-10,2.0
2026-08-07,482630,12940.0,0.8,False,A_일반양음양_3일선,30.0,0.72,True,0.5,,,,2026-08-10,13.06
2026-08-07,484810,15670.0,-5.5,True,A_일반양음양_8일선,29.9,0.44,True,1.2,,,,2026-08-10,4.21
2026-08-07,950160,17620.0,0.3,True,A_일반양음양_3일선,17.2,0.22,True,-1.8,,,,2026-08-10,8.8
2026-08-10,000150,1229000.0,3.2,True,A_일반양음양_5일선,30.0,0.27,True,0.0,,,,2026-08-11,-4.23
2026-08-10,000500,155700.0,5.4,False,A_일반양음양_3일선,24.7,0.29,True,1.9,,,,2026-08-11,0.96
2026-08-10,000500,155700.0,5.4,False,B_ADK특_13일선,24.7,0.0,True,1.0,False,False,False,2026-08-11,0.96
2026-08-10,000660,1413000.0,-0.6,True,A_일반양음양_3일선,30.0,0.27,True,-2.1,,,,2026-08-11,0.85
2026-08-10,000720,110400.0,0.5,False,A_일반양음양_3일선,15.8,0.21,True,-0.5,,,,2026-08-11,1.72
2026-08-10,001820,80400.0,4.1,True,B_ADK특_20일선,23.9,0.0,True,0.7,False,True,False,2026-08-11,5.1
2026-08-10,003010,5830.0,-1.4,True,C_갭상승털기,29.9,2.11,True,7.4,,,,2026-08-11,21.44
2026-08-10,005930,230000.0,-0.4,False,A_일반양음양_3일선,26.8,0.24,True,-0.2,,,,2026-08-11,4.13
2026-08-10,006260,328500.0,3.6,False,A_일반양음양_3일선,19.5,0.66,True,1.2,,,,2026-08-11,-1.83
2026-08-10,006340,14650.0,6.2,True,A_일반양음양_5일선,26.0,0.5,True,1.6,,,,2026-08-11,-0.89
2026-08-10,009150,1270000.0,-0.6,False,A_일반양음양_3일선,29.9,0.94,True,0.9,,,,2026-08-11,-0.63
2026-08-10,009150,1270000.0,-0.6,False,B_ADK특_20일선,29.9,0.0,True,1.9,False,True,False,2026-08-11,-0.63
2026-08-10,010120,207000.0,3.0,False,A_일반양음양_3일선,23.0,0.19,True,1.7,,,,2026-08-11,-1.93
2026-08-10,011070,553000.0,0.2,False,A_일반양음양_3일선,21.2,0.28,True,0.0,,,,2026-08-11,-0.72
2026-08-10,011070,553000.0,0.2,False,B_ADK특_13일선,21.2,0.0,True,0.9,False,True,False,2026-08-11,-0.72
2026-08-10,011330,5540.0,-6.3,False,C_갭상승털기,29.9,74.43,False,3.9,,,,2026-08-11,-6.5
2026-08-10,028260,335500.0,-0.3,False,A_일반양음양_3일선,19.6,0.18,True,0.0,,,,2026-08-11,2.68
2026-08-10,028260,335500.0,-0.3,False,B_ADK특_13일선,19.6,0.0,True,1.8,False,False,False,2026-08-11,2.68
2026-08-10,032830,278500.0,1.1,False,A_일반양음양_3일선,18.0,0.36,True,-0.7,,,,2026-08-11,3.95
2026-08-10,033160,17670.0,5.1,True,A_일반양음양_3일선,30.0,0.83,True,1.5,,,,2026-08-11,1.13
2026-08-10,034730,510000.0,0.4,False,A_일반양음양_3일선,18.9,0.21,True,0.2,,,,2026-08-11,2.75
2026-08-10,042700,206000.0,7.1,False,A_일반양음양_5일선,28.0,0.25,True,1.9,,,,2026-08-11,3.4
2026-08-10,042700,206000.0,7.1,False,B_ADK특_20일선,28.0,0.0,True,-0.7,False,False,False,2026-08-11,3.4
2026-08-10,058610,107100.0,5.3,False,A_일반양음양_3일선,23.2,0.25,True,1.3,,,,2026-08-11,6.44
2026-08-10,062970,2980.0,-1.3,True,C_갭상승털기,29.9,2.12,True,7.4,,,,2026-08-11,3.36
2026-08-10,067290,2232.0,2.4,True,A_일반양음양_3일선,16.2,0.3,True,-0.7,,,,2026-08-11,2.15
2026-08-10,073240,7230.0,-7.4,True,A_일반양음양_8일선,19.9,0.21,True,0.8,,,,2026-08-11,4.01
2026-08-10,084650,834.0,-5.4,True,A_일반양음양_3일선,29.9,0.93,True,0.1,,,,2026-08-11,-2.28
2026-08-10,087010,182100.0,0.2,True,A_일반양음양_3일선,30.0,1.04,True,0.8,,,,2026-08-11,1.26
2026-08-10,089030,46450.0,6.5,False,A_일반양음양_3일선,29.9,0.45,True,1.5,,,,2026-08-11,2.91
2026-08-10,093370,10220.0,2.8,True,B_ADK특_20일선,29.9,0.0,True,0.8,False,True,False,2026-08-11,4.11
2026-08-10,100090,14000.0,4.2,True,B_ADK특_13일선,19.6,0.0,True,1.2,False,False,False,2026-08-11,-0.14
2026-08-10,119850,52400.0,0.2,True,A_일반양음양_3일선,21.9,0.28,True,0.9,,,,2026-08-11,-4.77
2026-08-10,215790,902.0,2.2,True,A_일반양음양_3일선,30.0,0.57,True,0.0,,,,2026-08-11,
2026-08-10,267260,761000.0,-0.1,False,A_일반양음양_3일선,17.3,0.4,True,-0.0,,,,2026-08-11,-2.89
2026-08-10,267260,761000.0,-0.1,False,B_ADK특_20일선,17.3,0.0,True,1.4,False,False,False,2026-08-11,-2.89
2026-08-10,277810,486500.0,4.6,True,A_일반양음양_3일선,16.1,0.45,True,1.3,,,,2026-08-11,-1.34
2026-08-10,319660,130500.0,10.2,False,B_ADK특_13일선,27.8,0.0,True,1.7,False,False,False,2026-08-11,-1.07
2026-08-10,353200,107900.0,3.9,False,B_ADK특_20일선,29.9,0.0,True,-0.6,False,True,False,2026-08-11,-2.97
2026-08-10,402340,941000.0,0.2,False,A_일반양음양_3일선,29.9,0.36,True,-0.9,,,,2026-08-11,0.43
2026-08-10,403870,36950.0,7.4,False,B_ADK특_20일선,21.2,0.0,True,-0.4,False,True,False,2026-08-11,3.92
2026-08-10,439960,18240.0,6.5,True,A_일반양음양_3일선,21.3,0.17,True,1.7,,,,2026-08-11,-7.13
2026-08-10,440110,61200.0,7.2,False,A_일반양음양_5일선,29.9,0.4,True,0.5,,,,2026-08-11,1.31
2026-08-10,440110,61200.0,7.2,False,B_ADK특_13일선,29.9,0.0,True,0.7,True,False,False,2026-08-11,1.31
2026-08-10,475150,51100.0,1.2,True,A_일반양음양_3일선,19.9,0.17,True,-2.1,,,,2026-08-11,0.0
2026-08-10,476060,14390.0,2.4,True,A_일반양음양_3일선,22.3,0.09,True,-2.7,,,,2026-08-11,3.2
2026-08-10,484810,16330.0,3.5,True,A_일반양음양_3일선,29.9,0.5,True,0.6,,,,2026-08-11,5.08
2026-08-11,000150,1177000.0,-4.5,True,B_ADK특_13일선,30.0,0.0,True,1.6,True,True,False,2026-08-12,7.56
2026-08-11,000990,93200.0,1.4,False,B_ADK특_20일선,16.7,0.0,True,-1.5,False,True,False,2026-08-12,2.25
2026-08-11,005930,239500.0,4.1,False,B_ADK특_13일선,26.8,0.0,True,1.8,True,False,False,2026-08-12,6.89
2026-08-11,009150,1262000.0,-0.9,False,B_ADK특_20일선,29.9,0.0,True,1.3,False,True,False,2026-08-12,5.86
2026-08-11,011070,549000.0,-1.1,False,B_ADK특_13일선,21.2,0.0,True,2.0,False,True,False,2026-08-12,10.75
2026-08-11,030530,20300.0,-3.3,True,A_일반양음양_3일선,30.0,0.17,True,0.9,,,,2026-08-12,-0.99
2026-08-11,032830,289500.0,3.2,False,B_ADK특_13일선,18.0,0.0,True,0.4,False,False,False,2026-08-12,4.66
2026-08-11,034730,524000.0,2.1,False,B_ADK특_13일선,18.9,0.0,True,-2.2,False,False,False,2026-08-12,4.39
2026-08-11,062970,3080.0,2.2,True,A_일반양음양_3일선,29.9,0.58,True,1.4,,,,2026-08-12,-1.95
2026-08-11,069540,2940.0,-5.6,True,A_일반양음양_3일선,29.9,0.24,True,-2.6,,,,2026-08-12,0.34
2026-08-11,076610,1341.0,-2.5,True,C_갭상승털기,29.9,1.24,True,6.5,,,,2026-08-12,-0.6
2026-08-11,078600,94400.0,-4.2,False,A_일반양음양_3일선,17.2,0.28,True,0.7,,,,2026-08-12,0.95
2026-08-11,084650,815.0,-1.0,True,A_일반양음양_3일선,29.9,0.95,True,-3.0,,,,2026-08-12,
2026-08-11,087010,184400.0,0.7,False,A_일반양음양_3일선,30.0,0.62,True,0.7,,,,2026-08-12,2.01
2026-08-11,095610,146000.0,2.4,True,B_ADK특_20일선,30.0,0.0,True,-1.2,False,True,False,2026-08-12,0.14
2026-08-11,100090,13980.0,-0.1,True,B_ADK특_20일선,19.6,0.0,True,2.0,False,False,False,2026-08-12,2.15
2026-08-11,108490,243500.0,-1.4,False,A_일반양음양_3일선,17.2,0.45,True,1.5,,,,2026-08-12,1.64
2026-08-11,119850,49900.0,-5.5,True,A_일반양음양_5일선,21.9,0.15,True,-2.6,,,,2026-08-12,-3.91
2026-08-11,122350,1541.0,2.5,True,A_일반양음양_3일선,30.0,0.3,True,1.9,,,,2026-08-12,
2026-08-11,138080,25350.0,-8.8,True,A_일반양음양_5일선,29.8,2.81,True,-0.4,,,,2026-08-12,-4.14
2026-08-11,141080,116900.0,-2.5,False,A_일반양음양_3일선,15.2,0.62,True,0.2,,,,2026-08-12,-1.37
2026-08-11,162300,1915.0,-3.6,True,A_일반양음양_3일선,30.0,1.55,True,-0.1,,,,2026-08-12,0.26
2026-08-11,170920,41350.0,0.4,False,B_ADK특_20일선,29.9,0.0,True,-1.5,False,True,False,2026-08-12,0.0
2026-08-11,240810,104700.0,6.4,False,B_ADK특_20일선,27.9,0.0,True,0.1,False,True,False,2026-08-12,6.3
2026-08-11,267260,739000.0,-3.3,False,B_ADK특_20일선,17.3,0.0,True,-1.2,False,False,False,2026-08-12,5.55
2026-08-11,304100,17920.0,-2.5,True,A_일반양음양_3일선,30.0,15.34,True,0.9,,,,2026-08-12,
2026-08-11,327260,38400.0,-6.0,True,A_일반양음양_3일선,29.9,0.5,True,1.0,,,,2026-08-12,2.6
2026-08-11,413630,3955.0,-3.7,True,B_ADK특_13일선,29.9,0.0,True,-0.0,True,True,True,2026-08-12,-0.25
2026-08-11,439960,16940.0,-6.7,True,A_일반양음양_3일선,21.3,0.19,True,-2.7,,,,2026-08-12,0.35
2026-08-11,475150,51100.0,-0.4,True,A_일반양음양_3일선,19.9,0.24,True,0.3,,,,2026-08-12,3.13
2026-08-11,477850,31150.0,-5.2,True,A_일반양음양_3일선,29.8,0.3,True,0.4,,,,2026-08-12,-2.89
2026-08-11,900340,1820.0,-9.9,True,C_갭상승털기,30.0,0.81,True,1.2,,,,2026-08-12,7.69
2026-08-11,900340,1820.0,-9.9,True,A_일반양음양_3일선,29.9,16.75,True,1.2,,,,2026-08-12,7.69
2026-08-12,000500,162500.0,3.4,False,B_ADK특_20일선,24.7,0.0,True,-1.7,False,True,False,2026-08-13,1.91
2026-08-12,000660,1510000.0,6.0,True,B_ADK특_13일선,30.0,0.0,True,-1.3,True,False,False,2026-08-13,5.36
2026-08-12,000990,95300.0,2.3,False,B_ADK특_20일선,16.7,0.0,True,1.7,False,True,False,2026-08-13,4.83
2026-08-12,001290,1085.0,-0.5,True,A_일반양음양_5일선,29.9,2.04,True,-1.5,,,,2026-08-13,-4.7
2026-08-12,006360,35300.0,1.6,True,A_일반양음양_3일선,18.6,0.48,True,0.9,,,,2026-08-13,1.42
2026-08-12,010170,13510.0,0.4,True,A_일반양음양_3일선,22.5,0.23,True,-1.1,,,,2026-08-13,-2.29
2026-08-12,011330,5290.0,2.1,True,A_일반양음양_3일선,29.9,38.49,True,-2.2,,,,2026-08-13,-8.32
2026-08-12,017900,9010.0,3.7,True,A_일반양음양_3일선,15.0,0.37,True,1.6,,,,2026-08-13,-2.33
2026-08-12,025900,8030.0,3.3,True,A_일반양음양_3일선,30.0,0.41,True,0.8,,,,2026-08-13,
2026-08-12,032830,303000.0,4.7,False,B_ADK특_20일선,18.0,0.0,True,1.2,False,False,False,2026-08-13,-3.63
2026-08-12,034730,547000.0,4.4,False,B_ADK특_20일선,18.9,0.0,True,-1.9,True,False,False,2026-08-13,0.91
2026-08-12,043260,19920.0,1.1,True,A_일반양음양_3일선,20.0,0.29,True,-0.8,,,,2026-08-13,5.17
2026-08-12,062970,3020.0,-1.9,True,A_일반양음양_3일선,29.9,0.29,True,-0.6,,,,2026-08-13,-4.97
2026-08-12,069540,2950.0,0.3,True,A_일반양음양_3일선,29.9,0.18,True,-1.7,,,,2026-08-13,-1.86
2026-08-12,076610,1333.0,-0.6,True,A_일반양음양_3일선,29.9,0.3,True,-1.3,,,,2026-08-13,
2026-08-12,078600,95300.0,1.0,False,A_일반양음양_3일선,17.2,0.18,True,-0.8,,,,2026-08-13,-0.73
2026-08-12,080220,86700.0,-4.1,True,A_일반양음양_3일선,16.3,0.39,True,-1.8,,,,2026-08-13,1.5
2026-08-12,095610,146200.0,0.1,True,B_ADK특_20일선,30.0,0.0,True,1.3,False,True,False,2026-08-13,-1.03
2026-08-12,100790,16340.0,-2.6,True,A_일반양음양_3일선,15.2,0.24,True,-0.9,,,,2026-08-13,7.71
2026-08-12,126730,19700.0,-1.5,True,C_갭상승털기,29.7,0.88,True,7.2,,,,2026-08-13,4.31
2026-08-12,141080,115300.0,-1.4,False,A_일반양음양_3일선,15.2,0.52,True,-1.8,,,,2026-08-13,-0.52
2026-08-12,148780,4675.0,-5.2,True,A_일반양음양_3일선,30.0,5.86,True,0.5,,,,2026-08-13,-6.52
2026-08-12,162300,1920.0,0.3,True,A_일반양음양_3일선,30.0,0.51,True,-1.0,,,,2026-08-13,-2.08
2026-08-12,170920,41350.0,0.0,False,B_ADK특_20일선,29.9,0.0,True,0.2,False,True,False,2026-08-13,-2.78
2026-08-12,264850,6690.0,-3.0,True,A_일반양음양_3일선,29.8,0.08,True,-1.3,,,,2026-08-13,-2.09
2026-08-12,322000,121700.0,2.7,True,B_ADK특_13일선,29.7,0.0,True,1.0,True,False,False,2026-08-13,1.73
2026-08-12,327260,39400.0,2.6,True,A_일반양음양_3일선,29.9,0.33,True,-0.4,,,,2026-08-13,-3.05
2026-08-12,353200,107400.0,2.6,False,B_ADK특_20일선,29.9,0.0,True,-0.1,False,True,False,2026-08-13,5.21
2026-08-12,365660,5780.0,-3.8,False,B_ADK특_20일선,29.9,0.0,True,1.5,True,True,False,2026-08-13,-6.06
2026-08-12,402340,1036000.0,9.6,False,B_ADK특_20일선,29.9,0.0,True,-2.9,True,False,False,2026-08-13,7.24
2026-08-12,413630,3945.0,-0.3,True,B_ADK특_13일선,29.9,0.0,True,-1.8,True,True,True,2026-08-13,0.0
2026-08-12,440110,64800.0,4.5,False,B_ADK특_20일선,29.9,0.0,True,0.7,True,True,False,2026-08-13,-3.09
2026-08-12,475150,52700.0,3.1,True,A_일반양음양_3일선,19.9,0.21,True,1.9,,,,2026-08-13,7.59
2026-08-12,477850,30250.0,-2.9,True,A_일반양음양_5일선,29.8,0.39,True,-2.5,,,,2026-08-13,-5.29
2026-08-12,900340,1960.0,7.7,True,A_일반양음양_3일선,30.0,0.64,True,1.4,,,,2026-08-13,
2026-08-13,000500,165600.0,2.2,False,B_ADK특_20일선,24.7,0.0,True,1.9,False,True,False,2026-08-14,0.91
2026-08-13,000660,1591000.0,5.8,False,B_ADK특_20일선,30.0,0.0,True,-1.9,False,False,False,2026-08-14,3.39
2026-08-13,002990,14330.0,-4.0,True,C_갭상승털기,29.9,1.55,True,5.5,,,,2026-08-14,-6.49
2026-08-13,007820,4475.0,-2.3,True,C_갭상승털기,29.9,1.68,True,6.7,,,,2026-08-14,-0.56
2026-08-13,010170,13200.0,-2.3,True,A_일반양음양_3일선,22.5,0.19,True,-1.4,,,,2026-08-14,1.29
2026-08-13,011330,4850.0,-7.8,True,A_일반양음양_8일선,29.9,16.07,True,0.9,,,,2026-08-14,
2026-08-13,017900,8800.0,-2.9,True,A_일반양음양_3일선,15.0,0.22,True,-0.6,,,,2026-08-14,-3.18
2026-08-13,032830,292000.0,-3.5,False,B_ADK특_20일선,18.0,0.0,True,-1.7,False,False,False,2026-08-14,3.08
2026-08-13,034730,552000.0,1.3,False,B_ADK특_20일선,18.9,0.0,True,-0.5,False,False,False,2026-08-14,5.98
2026-08-13,062040,187100.0,-1.1,True,A_일반양음양_3일선,16.8,0.35,True,0.1,,,,2026-08-14,-2.46
2026-08-13,067290,2165.0,-6.9,True,A_일반양음양_8일선,16.2,0.12,True,-0.7,,,,2026-08-14,-3.0
2026-08-13,069540,2895.0,-2.0,True,A_일반양음양_3일선,29.9,0.14,True,-1.2,,,,2026-08-14,1.55
2026-08-13,080220,88000.0,1.1,False,A_일반양음양_3일선,16.3,0.42,True,-0.5,,,,2026-08-14,-7.39
2026-08-13,091590,6400.0,-13.3,True,C_갭상승털기,29.9,0.77,False,-1.3,,,,2026-08-14,-0.31
2026-08-13,091590,6400.0,-13.3,True,A_일반양음양_3일선,30.0,2.39,True,-1.3,,,,2026-08-14,-0.31
2026-08-13,103590,72200.0,-0.4,True,C_갭상승털기,17.3,0.48,True,4.9,,,,2026-08-14,2.91
2026-08-13,138080,24750.0,1.6,False,A_일반양음양_3일선,29.8,2.07,True,-0.3,,,,2026-08-14,-4.65
2026-08-13,148780,4370.0,-2.5,True,A_일반양음양_8일선,30.0,3.24,True,1.3,,,,2026-08-14,
2026-08-13,162300,1880.0,-1.8,True,A_일반양음양_3일선,30.0,0.94,True,-1.2,,,,2026-08-14,
2026-08-13,170920,40200.0,-3.0,False,B_ADK특_20일선,29.9,0.0,True,-0.7,False,True,False,2026-08-14,-4.85
2026-08-13,264850,6550.0,-1.7,True,A_일반양음양_3일선,29.8,0.09,True,-2.3,,,,2026-08-14,3.51
2026-08-13,319660,135500.0,2.0,True,B_ADK특_20일선,27.8,0.0,True,-1.8,False,True,False,2026-08-14,-1.03
2026-08-13,322000,123800.0,1.9,True,B_ADK특_20일선,29.7,0.0,True,-1.6,True,False,False,2026-08-14,-0.4
2026-08-13,365660,5430.0,-5.2,False,B_ADK특_13일선,29.9,0.0,True,-2.4,True,True,False,2026-08-14,0.0
2026-08-13,378800,520.0,-15.3,True,C_갭상승털기,29.8,2.71,False,-2.9,,,,2026-08-14,
2026-08-13,413630,3945.0,-1.4,True,B_ADK특_13일선,29.9,0.0,True,-1.7,True,False,True,2026-08-14,-4.44
2026-08-13,439960,16460.0,-3.1,True,B_ADK특_13일선,21.3,0.0,True,-2.0,True,True,True,2026-08-14,1.88
2026-08-13,440110,62800.0,-3.4,False,B_ADK특_20일선,29.9,0.0,True,-1.1,False,True,False,2026-08-14,4.3
2026-08-13,476060,15440.0,-2.3,True,A_일반양음양_3일선,22.3,0.1,True,0.5,,,,2026-08-14,-4.08
2026-08-13,488900,11670.0,3.4,True,A_일반양음양_3일선,29.9,0.29,True,1.2,,,,2026-08-14,
2026-08-14,001210,6490.0,-5.8,True,C_갭상승털기,30.0,5.85,False,4.2,,,,2026-08-18,-5.08
2026-08-14,001820,103000.0,-0.3,True,C_갭상승털기,17.4,0.27,True,5.0,,,,2026-08-18,-6.21
2026-08-14,007820,4450.0,-3.3,True,A_일반양음양_3일선,29.9,2.52,True,-2.1,,,,2026-08-18,5.39
2026-08-14,010170,13370.0,1.0,True,A_일반양음양_3일선,22.5,0.15,True,-0.0,,,,2026-08-18,-5.09
2026-08-14,017900,8520.0,-2.2,True,A_일반양음양_3일선,15.0,0.09,True,-2.8,,,,2026-08-18,-3.76
2026-08-14,027360,4100.0,-10.6,True,C_갭상승털기,29.9,2.3,False,0.7,,,,2026-08-18,-5.0
2026-08-14,032830,301000.0,3.3,False,B_ADK특_20일선,18.0,0.0,True,1.9,False,False,False,2026-08-18,2.16
2026-08-14,033160,15800.0,-12.0,True,B_ADK특_13일선,30.0,0.0,True,-0.7,True,True,False,2026-08-18,-2.09
2026-08-14,043260,20400.0,-2.9,True,A_일반양음양_3일선,20.0,0.31,True,-0.2,,,,2026-08-18,4.9
2026-08-14,062040,182500.0,-2.9,True,A_일반양음양_3일선,16.8,0.52,True,-2.2,,,,2026-08-18,-3.01
2026-08-14,062970,2595.0,-9.4,False,B_ADK특_13일선,29.9,0.0,True,-0.5,True,True,True,2026-08-18,
2026-08-14,076610,1328.0,-1.9,True,A_일반양음양_3일선,29.9,0.32,True,-0.9,,,,2026-08-18,6.1
2026-08-14,080220,81500.0,-7.7,True,A_일반양음양_8일선,16.3,0.85,True,-1.2,,,,2026-08-18,-6.63
2026-08-14,089970,68200.0,-0.4,False,B_ADK특_20일선,29.4,0.0,True,-2.5,False,True,False,2026-08-18,-2.93
2026-08-14,090460,18400.0,-4.4,True,A_일반양음양_3일선,16.8,0.28,True,-1.6,,,,2026-08-18,-3.37
2026-08-14,103590,74300.0,2.6,True,A_일반양음양_3일선,17.3,0.37,True,1.7,,,,2026-08-18,-4.71
2026-08-14,105550,2735.0,-18.4,True,C_갭상승털기,29.8,3.71,False,-5.3,,,,2026-08-18,
2026-08-14,126730,19970.0,-2.3,True,A_일반양음양_3일선,29.7,0.13,True,-0.3,,,,2026-08-18,-7.66
2026-08-14,131400,912.0,-2.6,True,C_갭상승털기,30.0,1.65,True,6.5,,,,2026-08-18,2.3
2026-08-14,131970,84000.0,0.0,False,A_일반양음양_3일선,15.1,0.46,True,-0.2,,,,2026-08-18,-6.43
2026-08-14,153890,12980.0,-2.2,True,A_일반양음양_3일선,19.8,0.53,True,0.0,,,,2026-08-18,-9.24
2026-08-14,161890,136700.0,1.1,True,A_일반양음양_3일선,22.8,0.24,True,1.4,,,,2026-08-18,-5.71
2026-08-14,192820,247500.0,-0.6,True,A_일반양음양_3일선,18.8,0.25,True,-0.5,,,,2026-08-18,-4.44
2026-08-14,225190,1152.0,-7.5,True,A_일반양음양_3일선,29.9,0.8,True,-2.0,,,,2026-08-18,-4.25
2026-08-14,241710,127200.0,2.2,True,A_일반양음양_3일선,15.2,0.31,True,1.7,,,,2026-08-18,-4.64
2026-08-14,319660,134100.0,-0.4,True,B_ADK특_20일선,27.8,0.0,True,-0.6,False,True,False,2026-08-18,-1.57
2026-08-14,413630,3770.0,-3.2,True,B_ADK특_20일선,29.9,0.0,True,-1.5,True,False,True,2026-08-18,
2026-08-14,439960,16770.0,1.5,True,B_ADK특_13일선,21.3,0.0,True,-0.9,True,True,True,2026-08-18,-7.27
2026-08-14,476060,14810.0,-4.3,True,A_일반양음양_5일선,22.3,0.08,True,-2.1,,,,2026-08-18,-4.19
2026-08-18,000500,160400.0,-4.0,False,B_ADK특_20일선,24.7,0.0,True,-0.0,False,True,False,2026-08-19,-1.0
2026-08-18,001820,96600.0,-6.2,True,A_일반양음양_5일선,17.4,0.16,True,1.6,,,,2026-08-19,-2.38
2026-08-18,002990,13790.0,2.9,True,A_일반양음양_3일선,29.9,0.5,True,-0.5,,,,2026-08-19,-7.83
2026-08-18,006340,14050.0,-4.5,True,B_ADK특_13일선,26.0,0.0,True,-0.3,True,True,True,2026-08-19,1.07
2026-08-18,010170,12690.0,-5.1,False,A_일반양음양_8일선,22.5,0.13,True,-1.3,,,,2026-08-19,1.65
2026-08-18,017900,8200.0,-3.8,True,A_일반양음양_8일선,15.0,0.06,True,-1.6,,,,2026-08-19,-2.32
2026-08-18,027360,3895.0,-5.0,True,A_일반양음양_5일선,29.9,2.45,True,-1.4,,,,2026-08-19,-6.29
2026-08-18,030530,19550.0,-6.9,True,B_ADK특_13일선,30.0,0.0,True,1.1,True,True,True,2026-08-19,0.77
2026-08-18,033160,15470.0,-2.1,True,B_ADK특_20일선,30.0,0.0,True,-1.4,True,True,True,2026-08-19,-1.36
2026-08-18,044490,30450.0,-13.5,True,B_ADK특_13일선,29.8,0.0,True,1.0,True,True,True,2026-08-19,0.99
2026-08-18,049630,8220.0,-9.0,True,C_갭상승털기,29.9,1.12,False,1.9,,,,2026-08-19,-2.55
2026-08-18,058470,67300.0,-4.9,False,B_ADK특_13일선,16.1,0.0,True,0.8,True,True,False,2026-08-19,0.89
2026-08-18,058610,107400.0,-9.4,True,B_ADK특_13일선,23.2,0.0,True,1.2,True,True,True,2026-08-19,-5.12
2026-08-18,062040,177000.0,-3.0,True,A_일반양음양_8일선,16.8,0.38,True,-0.5,,,,2026-08-19,-0.51
2026-08-18,078600,86800.0,-9.2,False,B_ADK특_13일선,17.2,0.0,True,1.0,True,True,True,2026-08-19,0.69
2026-08-18,079650,4850.0,-1.9,True,A_일반양음양_8일선,19.8,0.12,True,-0.0,,,,2026-08-19,-4.85
2026-08-18,080220,76100.0,-6.6,False,B_ADK특_13일선,16.3,0.0,True,0.3,True,True,False,2026-08-19,-2.5
2026-08-18,089970,66200.0,-2.9,False,B_ADK특_13일선,29.4,0.0,True,1.1,True,True,False,2026-08-19,-4.68
2026-08-18,098460,30300.0,-6.3,True,B_ADK특_13일선,20.8,0.0,True,1.1,True,True,True,2026-08-19,-3.14
2026-08-18,100790,16150.0,-7.7,True,A_일반양음양_8일선,15.2,0.3,True,0.3,,,,2026-08-19,-4.3
2026-08-18,103590,70800.0,-4.7,True,A_일반양음양_3일선,17.3,0.26,True,-2.3,,,,2026-08-19,0.28
2026-08-18,107600,17900.0,-6.7,True,C_갭상승털기,29.9,0.95,True,3.6,,,,2026-08-19,
2026-08-18,125490,11860.0,-5.8,True,C_갭상승털기,16.3,0.13,False,0.9,,,,2026-08-19,2.45
2026-08-18,125490,11860.0,-5.8,True,A_일반양음양_3일선,21.3,0.37,True,0.9,,,,2026-08-19,2.45
2026-08-18,131400,933.0,2.3,True,A_일반양음양_3일선,30.0,0.46,True,0.6,,,,2026-08-19,
2026-08-18,131970,78600.0,-6.4,False,A_일반양음양_5일선,15.1,0.62,True,-2.8,,,,2026-08-19,-3.05
2026-08-18,138080,22150.0,-6.1,False,B_ADK특_13일선,29.8,0.0,True,-0.0,True,True,False,2026-08-19,1.35
2026-08-18,141080,104100.0,-8.6,False,B_ADK특_13일선,15.2,0.0,True,-2.5,True,True,False,2026-08-19,-0.19
2026-08-18,161890,128900.0,-5.7,True,A_일반양음양_5일선,22.8,0.19,True,0.5,,,,2026-08-19,-0.62
2026-08-18,170920,37950.0,-0.8,False,B_ADK특_13일선,29.9,0.0,True,1.3,True,True,False,2026-08-19,-5.01
2026-08-18,181710,71000.0,-5.0,True,A_일반양음양_3일선,29.8,0.22,True,0.3,,,,2026-08-19,5.35
2026-08-18,192820,236500.0,-4.4,True,A_일반양음양_5일선,18.8,0.27,True,-0.8,,,,2026-08-19,3.81
2026-08-18,241710,121300.0,-4.6,True,A_일반양음양_3일선,15.2,0.22,True,-2.4,,,,2026-08-19,1.98
2026-08-18,277810,467500.0,-6.7,True,B_ADK특_13일선,16.1,0.0,True,-0.3,True,True,True,2026-08-19,-1.82
2026-08-18,319660,132000.0,-1.6,True,B_ADK특_20일선,27.8,0.0,True,-0.7,True,True,False,2026-08-19,-1.89
2026-08-18,332570,9600.0,-8.9,True,A_일반양음양_5일선,29.9,0.27,True,-1.8,,,,2026-08-19,-10.1
2026-08-18,365660,5530.0,1.8,False,B_ADK특_20일선,29.9,0.0,True,-0.3,True,True,True,2026-08-19,-2.35
2026-08-18,388050,9980.0,-4.4,True,A_일반양음양_3일선,29.9,0.17,True,-2.9,,,,2026-08-19,-6.61
2026-08-18,396300,4700.0,-2.6,True,C_갭상승털기,15.8,0.3,True,3.0,,,,2026-08-19,0.74
2026-08-18,445680,44700.0,-11.7,True,C_갭상승털기,29.9,1.39,False,-0.1,,,,2026-08-19,-3.91
2026-08-18,455900,22500.0,-2.0,True,B_ADK특_13일선,29.9,0.0,True,1.6,False,True,True,2026-08-19,
2026-08-18,459550,2410.0,-6.4,True,C_갭상승털기,30.0,0.66,True,3.8,,,,2026-08-19,0.21
2026-08-18,477850,26600.0,-6.8,True,B_ADK특_13일선,29.8,0.0,True,-1.5,True,True,False,2026-08-19,-0.75
2026-08-18,484810,16670.0,-4.7,True,B_ADK특_13일선,29.9,0.0,True,2.0,False,True,True,2026-08-19,-1.26
2026-08-18,950160,27350.0,-4.2,True,A_일반양음양_3일선,19.9,0.55,True,0.7,,,,2026-08-19,-6.76
2026-08-19,000150,1181000.0,-5.5,True,B_ADK특_20일선,30.0,0.0,True,-0.7,False,True,True,2026-08-20,-0.85
2026-08-19,000500,158800.0,-2.3,False,B_ADK특_20일선,24.7,0.0,True,-0.4,False,True,False,2026-08-20,2.58
2026-08-19,001820,94300.0,-3.2,True,A_일반양음양_5일선,17.4,0.1,True,-3.0,,,,2026-08-20,3.08
2026-08-19,005180,79500.0,3.0,True,A_일반양음양_3일선,19.9,0.13,True,-0.3,,,,2026-08-20,8.55
2026-08-19,005930,247500.0,-7.8,False,B_ADK특_13일선,26.8,0.0,True,-0.5,False,True,True,2026-08-20,7.98
2026-08-19,006340,14200.0,0.6,True,B_ADK특_13일선,26.0,0.0,True,-1.4,True,True,True,2026-08-20,0.42
2026-08-19,006660,14650.0,-3.0,True,C_갭상승털기,29.9,2.27,True,6.2,,,,2026-08-20,0.0
2026-08-19,007340,54500.0,-13.2,True,A_일반양음양_5일선,19.1,0.59,True,-0.1,,,,2026-08-20,-14.04
2026-08-19,007820,4605.0,0.1,True,A_일반양음양_3일선,29.9,1.54,True,1.2,,,,2026-08-20,2.06
2026-08-19,010120,201000.0,-3.8,False,B_ADK특_13일선,23.0,0.0,True,-0.9,True,True,True,2026-08-20,-1.29
2026-08-19,010170,12900.0,0.1,True,A_일반양음양_3일선,22.5,0.09,True,-1.2,,,,2026-08-20,-2.17
2026-08-19,028260,345000.0,-6.5,False,B_ADK특_13일선,19.6,0.0,True,-0.5,False,True,True,2026-08-20,7.97
2026-08-19,030530,19700.0,-0.3,True,B_ADK특_13일선,30.0,0.0,True,-0.7,True,True,True,2026-08-20,1.78
2026-08-19,033160,15260.0,-2.6,True,B_ADK특_20일선,30.0,0.0,True,-2.6,True,True,True,2026-08-20,-2.16
2026-08-19,034730,548000.0,-7.1,False,B_ADK특_13일선,18.9,0.0,True,1.3,False,True,False,2026-08-20,2.74
2026-08-19,043260,19780.0,-7.8,True,A_일반양음양_8일선,20.0,0.17,True,-1.2,,,,2026-08-20,-2.88
2026-08-19,044490,30750.0,0.3,True,B_ADK특_13일선,29.8,0.0,True,-0.5,True,True,True,2026-08-20,
2026-08-19,058470,67900.0,0.1,False,B_ADK특_13일선,16.1,0.0,True,0.2,True,True,True,2026-08-20,1.47
2026-08-19,062040,176100.0,-1.7,True,A_일반양음양_3일선,16.8,0.23,True,-1.8,,,,2026-08-20,0.28
2026-08-19,067290,2135.0,-3.6,True,B_ADK특_13일선,16.2,0.0,True,0.3,True,True,True,2026-08-20,7.26
2026-08-19,069540,2685.0,-1.6,True,B_ADK특_13일선,29.9,0.0,True,-0.8,True,True,False,2026-08-20,-0.48
2026-08-19,073240,7600.0,-2.4,True,B_ADK특_13일선,19.9,0.0,True,0.8,False,True,True,2026-08-20,-1.84
2026-08-19,078600,87400.0,0.6,True,B_ADK특_13일선,17.2,0.0,True,-0.6,True,True,True,2026-08-20,-0.11
2026-08-19,079650,4615.0,-6.2,True,B_ADK특_13일선,19.8,0.0,True,-1.2,True,True,True,2026-08-20,18.09
2026-08-19,080220,74200.0,-2.1,False,B_ADK특_20일선,16.3,0.0,True,0.4,True,True,False,2026-08-20,2.56
2026-08-19,090460,17160.0,-3.9,True,A_일반양음양_8일선,16.8,0.14,True,-1.3,,,,2026-08-20,-1.17
2026-08-19,100790,15455.0,-4.2,True,B_ADK특_13일선,15.2,0.0,True,0.9,True,True,True,2026-08-20,1.2
2026-08-19,103590,71000.0,-1.0,True,A_일반양음양_3일선,17.3,0.19,True,-1.8,,,,2026-08-20,-1.83
2026-08-19,122350,1560.0,0.5,True,B_ADK특_20일선,30.0,0.0,True,1.0,False,True,False,2026-08-20,
2026-08-19,125490,12150.0,2.4,True,A_일반양음양_3일선,16.3,0.42,True,-0.4,,,,2026-08-20,-1.15
2026-08-19,126730,20050.0,8.1,False,A_일반양음양_5일선,29.7,0.54,True,1.6,,,,2026-08-20,-3.19
2026-08-19,131970,76200.0,-3.2,False,A_일반양음양_8일선,15.1,0.26,True,-0.8,,,,2026-08-20,7.22
2026-08-19,138080,22450.0,0.7,True,B_ADK특_13일선,29.8,0.0,True,-1.8,True,True,True,2026-08-20,5.35
2026-08-19,141080,103900.0,-1.1,True,B_ADK특_20일선,15.2,0.0,True,1.1,True,True,True,2026-08-20,4.52
2026-08-19,161890,128100.0,-1.2,True,A_일반양음양_3일선,22.8,0.11,True,-2.6,,,,2026-08-20,7.42
2026-08-19,192820,245500.0,2.7,True,A_일반양음양_3일선,18.8,0.19,True,0.6,,,,2026-08-20,6.52
2026-08-19,225190,1021.0,-9.4,True,A_일반양음양_8일선,29.9,0.25,True,0.0,,,,2026-08-20,
2026-08-19,226340,6480.0,13.3,True,A_일반양음양_3일선,30.0,0.16,True,-1.1,,,,2026-08-20,1.54
2026-08-19,241710,123700.0,0.7,True,A_일반양음양_3일선,15.2,0.12,True,-0.7,,,,2026-08-20,10.02
2026-08-19,267260,750000.0,-4.5,False,B_ADK특_13일선,17.3,0.0,True,-0.3,False,True,False,2026-08-20,-1.33
2026-08-19,271830,1224.0,-8.4,True,C_갭상승털기,30.0,1.46,True,2.3,,,,2026-08-20,
2026-08-19,277810,459000.0,-2.3,True,B_ADK특_20일선,16.1,0.0,True,-0.4,True,True,True,2026-08-20,1.96
2026-08-19,319660,129500.0,-1.9,True,B_ADK특_13일선,27.8,0.0,True,0.6,False,True,False,2026-08-20,-0.39
2026-08-19,327260,33050.0,-6.0,True,B_ADK특_13일선,29.9,0.0,True,-1.4,True,True,True,2026-08-20,7.11
2026-08-19,332570,8630.0,-10.6,True,B_ADK특_13일선,29.9,0.0,True,-2.4,True,True,True,2026-08-20,9.62
2026-08-19,365660,5400.0,-3.6,False,B_ADK특_20일선,29.9,0.0,True,-1.9,True,False,True,2026-08-20,1.85
2026-08-19,387690,12970.0,-4.6,True,C_갭상승털기,22.8,0.3,True,3.4,,,,2026-08-20,20.97
2026-08-19,396300,4735.0,0.0,True,A_일반양음양_3일선,15.8,0.38,True,-0.6,,,,2026-08-20,-3.7
2026-08-19,402340,1008000.0,-11.2,False,B_ADK특_13일선,29.9,0.0,True,-2.8,False,True,False,2026-08-20,9.33
2026-08-19,440110,63800.0,-6.6,False,B_ADK특_13일선,29.9,0.0,True,1.3,False,True,False,2026-08-20,1.88
2026-08-19,445680,42950.0,-4.0,True,A_일반양음양_5일선,29.9,0.6,True,-1.9,,,,2026-08-20,3.49
2026-08-19,445680,42950.0,-4.0,True,B_ADK특_13일선,29.9,0.0,True,1.5,True,True,True,2026-08-20,3.49
2026-08-19,459550,2415.0,1.3,True,A_일반양음양_3일선,30.0,0.6,True,-1.8,,,,2026-08-20,-7.45
2026-08-19,476060,14090.0,-1.1,True,B_ADK특_13일선,22.3,0.0,True,0.8,True,True,True,2026-08-20,4.19
2026-08-19,477850,26400.0,-1.1,True,B_ADK특_20일선,29.8,0.0,True,1.2,True,True,False,2026-08-20,4.36
2026-08-19,484810,16460.0,-0.8,True,B_ADK특_13일선,29.9,0.0,True,-1.4,True,True,True,2026-08-20,-3.95
2026-08-19,950160,25500.0,-7.6,True,A_일반양음양_5일선,19.9,0.33,True,-0.9,,,,2026-08-20,-15.1
2026-08-20,000150,1171000.0,-1.8,True,B_ADK특_20일선,30.0,0.0,True,-1.4,True,True,True,2026-08-21,-8.63
2026-08-20,001770,14400.0,-12.2,True,A_일반양음양_3일선,29.9,54.15,True,-0.6,,,,2026-08-21,
2026-08-20,001820,97200.0,3.4,False,A_일반양음양_3일선,17.4,0.1,True,1.0,,,,2026-08-21,-7.0
2026-08-20,003010,10900.0,-3.1,True,A_일반양음양_3일선,29.9,0.68,True,-1.6,,,,2026-08-21,-12.2
2026-08-20,006260,310500.0,-6.8,False,B_ADK특_20일선,19.5,0.0,True,1.6,True,True,True,2026-08-21,-5.96
2026-08-20,006340,14260.0,0.8,True,B_ADK특_13일선,26.0,0.0,True,-1.6,True,True,True,2026-08-21,-6.73
2026-08-20,006660,14650.0,-0.3,True,A_일반양음양_3일선,29.9,0.71,True,-1.1,,,,2026-08-21,-6.01
2026-08-20,007820,4700.0,2.2,True,A_일반양음양_3일선,29.9,0.48,True,1.4,,,,2026-08-21,-8.62
2026-08-20,010120,198400.0,-1.8,False,B_ADK특_13일선,23.0,0.0,True,-2.7,True,True,True,2026-08-21,-5.7
2026-08-20,011070,585000.0,-3.0,False,B_ADK특_13일선,21.2,0.0,True,0.8,True,True,False,2026-08-21,-5.98
2026-08-20,014990,2740.0,-11.9,True,A_일반양음양_3일선,29.8,16.86,True,-0.3,,,,2026-08-21,24.64
2026-08-20,019010,5200.0,0.4,True,A_일반양음양_3일선,29.8,0.76,True,-2.1,,,,2026-08-21,1.35
2026-08-20,027360,3655.0,2.0,True,A_일반양음양_3일선,29.9,0.37,True,-1.3,,,,2026-08-21,-9.58
2026-08-20,030530,20050.0,2.3,True,B_ADK특_13일선,30.0,0.0,True,-0.7,True,True,True,2026-08-21,-5.59
2026-08-20,032830,293500.0,6.3,False,B_ADK특_13일선,18.0,0.0,True,1.3,True,True,False,2026-08-21,11.07
2026-08-20,033340,553.0,-0.7,True,C_갭상승털기,29.8,24.19,False,7.8,,,,2026-08-21,5.79
2026-08-20,043260,19210.0,-2.4,True,B_ADK특_13일선,20.0,0.0,True,0.6,True,True,True,2026-08-21,-5.99
2026-08-20,047770,3485.0,-4.1,True,A_일반양음양_3일선,30.0,2.5,True,-1.6,,,,2026-08-21,-2.15
2026-08-20,058470,68900.0,1.5,False,B_ADK특_13일선,16.1,0.0,True,1.1,True,True,True,2026-08-21,-5.52
2026-08-20,073240,7460.0,-1.8,True,B_ADK특_13일선,19.9,0.0,True,-1.3,False,True,True,2026-08-21,-2.55
2026-08-20,078600,87300.0,0.1,True,B_ADK특_13일선,17.2,0.0,True,-2.1,True,True,True,2026-08-21,-5.5
2026-08-20,090460,16960.0,-0.2,False,A_일반양음양_3일선,16.8,0.14,True,-1.8,,,,2026-08-21,-6.54
2026-08-20,095610,140800.0,-2.2,True,B_ADK특_13일선,30.0,0.0,True,1.4,True,True,False,2026-08-21,-6.39
2026-08-20,098460,29850.0,2.1,False,B_ADK특_13일선,20.8,0.0,True,-2.8,True,True,True,2026-08-21,-5.86
2026-08-20,100790,15640.0,1.3,False,B_ADK특_13일선,15.2,0.0,True,0.5,True,True,True,2026-08-21,-6.84
2026-08-20,103590,69700.0,-2.0,True,A_일반양음양_3일선,17.3,0.16,True,-1.6,,,,2026-08-21,-6.6
2026-08-20,119850,50200.0,-8.6,True,B_ADK특_13일선,21.9,0.0,True,-2.1,False,True,True,2026-08-21,-4.28
2026-08-20,125490,12010.0,-0.8,True,A_일반양음양_3일선,16.3,0.06,True,0.1,,,,2026-08-21,-6.24
2026-08-20,126640,4600.0,-14.5,True,C_갭상승털기,29.8,0.66,False,-2.3,,,,2026-08-21,-1.96
2026-08-20,126730,19410.0,-3.9,True,A_일반양음양_3일선,29.7,0.1,True,0.1,,,,2026-08-21,-4.38
2026-08-20,131970,81700.0,7.1,False,A_일반양음양_5일선,15.1,0.51,True,0.9,,,,2026-08-21,-6.85
2026-08-20,138080,23650.0,5.8,True,B_ADK특_13일선,29.8,0.0,True,0.8,True,True,True,2026-08-21,-0.85
2026-08-20,141080,108600.0,4.0,True,B_ADK특_13일선,15.2,0.0,True,-1.8,True,True,True,2026-08-21,-7.92
2026-08-20,153890,12830.0,-7.8,True,A_일반양음양_3일선,19.8,0.15,True,-0.2,,,,2026-08-21,3.2
2026-08-20,162300,1684.0,1.7,True,B_ADK특_13일선,30.0,0.0,True,-1.0,True,True,True,2026-08-21,
2026-08-20,170920,37450.0,3.6,False,B_ADK특_13일선,29.9,0.0,True,-2.5,True,True,False,2026-08-21,-4.54
2026-08-20,181710,71900.0,-3.5,True,A_일반양음양_3일선,29.8,0.28,True,-0.6,,,,2026-08-21,4.59
2026-08-20,226340,6580.0,13.1,True,A_일반양음양_8일선,30.0,0.25,True,-2.4,,,,2026-08-21,-18.09
2026-08-20,264850,6210.0,-2.1,True,B_ADK특_13일선,29.8,0.0,True,-1.4,True,True,True,2026-08-21,-4.99
2026-08-20,267260,740000.0,-1.6,False,B_ADK특_13일선,17.3,0.0,True,-2.2,True,True,True,2026-08-21,-3.11
2026-08-20,277810,468000.0,1.2,True,B_ADK특_13일선,16.1,0.0,True,-2.2,True,True,True,2026-08-21,-3.53
2026-08-20,298040,2841000.0,-2.3,False,B_ADK특_13일선,27.6,0.0,True,-0.3,True,True,True,2026-08-21,-4.29
2026-08-20,319660,129000.0,-0.1,True,B_ADK특_13일선,27.8,0.0,True,0.3,True,True,False,2026-08-21,-6.67
2026-08-20,332570,9460.0,10.0,False,A_일반양음양_8일선,29.9,0.41,True,-0.1,,,,2026-08-21,-4.76
2026-08-20,365660,5500.0,3.0,False,B_ADK특_20일선,29.9,0.0,True,0.4,True,False,True,2026-08-21,-5.09
2026-08-20,388050,9340.0,1.5,True,A_일반양음양_3일선,29.9,0.56,True,-1.9,,,,2026-08-21,-5.67
2026-08-20,396300,4560.0,-4.9,True,A_일반양음양_3일선,15.8,0.09,True,-2.9,,,,2026-08-21,-4.61
2026-08-20,445680,44450.0,2.5,True,A_일반양음양_3일선,29.9,0.61,True,0.6,,,,2026-08-21,-2.02
2026-08-20,457370,9350.0,-8.3,True,C_갭상승털기,29.9,0.64,True,2.4,,,,2026-08-21,-2.35
2026-08-20,475150,55900.0,-3.3,True,B_ADK특_20일선,19.9,0.0,True,1.1,False,True,False,2026-08-21,-8.41
2026-08-20,477850,27550.0,4.0,True,B_ADK특_13일선,29.8,0.0,True,-2.0,True,True,True,2026-08-21,0.18
2026-08-21,000500,158700.0,-3.8,False,B_ADK특_13일선,24.7,0.0,True,0.1,True,True,False,2026-08-24,-0.69
2026-08-21,000720,105300.0,-7.5,False,B_ADK특_20일선,15.8,0.0,True,-0.0,True,True,True,2026-08-24,-0.57
2026-08-21,000990,89000.0,-8.2,False,B_ADK특_20일선,16.7,0.0,True,-1.2,True,True,True,2026-08-24,-2.36
2026-08-21,001550,11060.0,-1.9,True,A_일반양음양_5일선,17.7,0.18,True,0.1,,,,2026-08-24,
2026-08-21,005180,84800.0,-2.8,True,A_일반양음양_3일선,19.9,0.11,True,1.1,,,,2026-08-24,3.77
2026-08-21,006360,33250.0,-6.6,True,B_ADK특_13일선,18.6,0.0,True,-1.3,True,True,True,2026-08-24,2.71
2026-08-21,006660,13770.0,-6.4,True,A_일반양음양_5일선,29.9,0.76,True,-1.5,,,,2026-08-24,-3.49
2026-08-21,007340,44700.0,-4.2,True,B_ADK특_20일선,19.1,0.0,True,-2.2,True,True,True,2026-08-24,7.16
2026-08-21,007820,4295.0,-6.8,True,A_일반양음양_8일선,29.9,0.16,True,-2.6,,,,2026-08-24,
2026-08-21,009150,1311000.0,-6.1,False,B_ADK특_13일선,29.9,0.0,True,-2.7,True,True,True,2026-08-24,0.38
2026-08-21,011070,550000.0,-6.3,False,B_ADK특_20일선,21.2,0.0,True,-2.2,True,True,True,2026-08-24,4.18
2026-08-21,017900,7950.0,-4.1,True,B_ADK특_13일선,15.0,0.0,True,-0.4,True,True,True,2026-08-24,-4.65
2026-08-21,019010,5270.0,0.4,True,A_일반양음양_3일선,29.8,0.36,True,0.7,,,,2026-08-24,-16.89
2026-08-21,024840,5330.0,-4.1,True,B_ADK특_13일선,30.0,0.0,True,0.5,True,True,True,2026-08-24,-2.06
2026-08-21,027360,3305.0,-10.1,True,B_ADK특_20일선,29.9,0.0,True,-2.0,True,True,True,2026-08-24,1.36
2026-08-21,030530,18930.0,-5.8,True,B_ADK특_20일선,30.0,0.0,True,1.6,True,True,True,2026-08-24,1.32
2026-08-21,042700,213500.0,-5.3,True,B_ADK특_13일선,28.0,0.0,True,-0.3,True,True,True,2026-08-24,-1.87
2026-08-21,043260,18060.0,-6.9,True,B_ADK특_20일선,20.0,0.0,True,1.3,True,True,True,2026-08-24,-0.55
2026-08-21,044490,28150.0,-6.6,True,B_ADK특_20일선,29.8,0.0,True,-2.8,True,True,True,2026-08-24,
2026-08-21,047770,3410.0,-3.0,True,A_일반양음양_5일선,30.0,6.48,True,1.7,,,,2026-08-24,-7.18
2026-08-21,058470,65100.0,-6.3,False,B_ADK특_20일선,16.1,0.0,True,-2.0,True,True,True,2026-08-24,-0.46
2026-08-21,062040,163500.0,-8.8,True,B_ADK특_20일선,16.8,0.0,True,-0.5,True,True,True,2026-08-24,0.98
2026-08-21,064550,8980.0,-5.5,True,A_일반양음양_3일선,30.0,0.65,True,-2.6,,,,2026-08-24,0.11
2026-08-21,067290,2075.0,-9.6,True,B_ADK특_20일선,16.2,0.0,True,1.6,True,True,True,2026-08-24,-1.69
2026-08-21,067310,35150.0,-4.7,False,B_ADK특_13일선,20.0,0.0,True,1.7,True,True,True,2026-08-24,-1.99
2026-08-21,069540,2550.0,-4.7,True,B_ADK특_20일선,29.9,0.0,True,1.8,True,True,True,2026-08-24,7.25
2026-08-21,073240,7270.0,-2.0,True,B_ADK특_20일선,19.9,0.0,True,1.9,True,True,True,2026-08-24,-1.51
2026-08-21,078600,82500.0,-5.5,True,B_ADK특_20일선,17.2,0.0,True,-0.4,True,True,True,2026-08-24,6.42
2026-08-21,079650,4930.0,-8.4,True,C_갭상승털기,16.2,0.47,False,-1.0,,,,2026-08-24,-3.65
2026-08-21,079650,4930.0,-8.4,True,A_일반양음양_3일선,19.8,0.37,True,-1.0,,,,2026-08-24,-3.65
2026-08-21,080220,73600.0,-3.8,False,B_ADK특_20일선,16.3,0.0,True,0.0,True,True,True,2026-08-24,-0.95
2026-08-21,087010,178700.0,-3.9,False,B_ADK특_13일선,30.0,0.0,True,-2.4,True,True,True,2026-08-24,1.96
2026-08-21,089030,48200.0,-5.7,True,B_ADK특_13일선,29.9,0.0,True,0.2,True,True,True,2026-08-24,-3.11
2026-08-21,090460,15850.0,-6.5,False,B_ADK특_20일선,16.8,0.0,True,-1.0,True,True,True,2026-08-24,2.08
2026-08-21,091590,6010.0,-4.9,True,A_일반양음양_3일선,29.9,0.35,True,0.0,,,,2026-08-24,1.16
2026-08-21,095610,131800.0,-7.3,True,B_ADK특_20일선,30.0,0.0,True,-1.7,True,True,True,2026-08-24,1.44
2026-08-21,098120,39700.0,-4.1,True,A_일반양음양_3일선,29.9,0.16,True,-2.8,,,,2026-08-24,-1.39
2026-08-21,098460,28100.0,-6.0,True,B_ADK특_20일선,20.8,0.0,True,-2.7,True,True,True,2026-08-24,-2.31
2026-08-21,100790,14570.0,-7.4,True,B_ADK특_20일선,15.2,0.0,True,0.5,True,True,True,2026-08-24,10.43
2026-08-21,103590,65100.0,-7.0,True,B_ADK특_13일선,17.3,0.0,True,-1.1,True,True,True,2026-08-24,1.84
2026-08-21,108490,252500.0,-3.8,True,B_ADK특_13일선,17.2,0.0,True,0.2,True,True,True,2026-08-24,-2.57
2026-08-21,125490,11260.0,-6.3,True,A_일반양음양_8일선,16.3,0.07,True,1.6,,,,2026-08-24,-2.84
2026-08-21,126640,4510.0,-0.6,True,A_일반양음양_5일선,29.8,0.18,True,-1.9,,,,2026-08-24,-3.77
2026-08-21,131970,76100.0,-7.3,False,A_일반양음양_3일선,15.1,0.36,True,-2.6,,,,2026-08-24,-1.45
2026-08-21,131970,76100.0,-7.3,False,B_ADK특_13일선,15.1,0.0,True,1.4,True,True,False,2026-08-24,-1.45
2026-08-21,138080,23450.0,-1.5,False,B_ADK특_13일선,29.8,0.0,True,-2.0,True,True,True,2026-08-24,2.77
2026-08-21,153890,13240.0,3.8,True,A_일반양음양_3일선,17.7,1.12,True,-0.5,,,,2026-08-24,0.0
2026-08-21,222800,99200.0,-13.7,False,B_ADK특_20일선,29.9,0.0,True,1.2,True,True,True,2026-08-24,6.35
2026-08-21,227950,1446.0,-24.9,True,C_갭상승털기,30.0,0.97,False,-10.6,,,,2026-08-24,
2026-08-21,240810,106400.0,-6.6,False,B_ADK특_13일선,27.9,0.0,True,1.1,True,True,False,2026-08-24,0.56
2026-08-21,264850,5900.0,-6.3,True,B_ADK특_20일선,29.8,0.0,True,1.5,True,True,True,2026-08-24,
2026-08-21,267260,717000.0,-3.9,False,B_ADK특_20일선,17.3,0.0,True,-2.6,True,True,True,2026-08-24,-0.14
2026-08-21,277810,451500.0,-4.2,True,B_ADK특_20일선,16.1,0.0,True,-1.4,True,True,True,2026-08-24,-1.88
2026-08-21,298040,2719000.0,-4.8,False,B_ADK특_20일선,27.6,0.0,True,1.2,True,True,True,2026-08-24,1.91
2026-08-21,304100,15640.0,0.8,True,B_ADK특_20일선,30.0,0.0,True,2.0,True,True,False,2026-08-24,11.51
2026-08-21,323280,48250.0,-9.1,False,B_ADK특_13일선,29.9,0.0,True,1.3,True,True,True,2026-08-24,-1.35
2026-08-21,332570,9010.0,-5.7,True,A_일반양음양_3일선,29.9,0.2,True,-0.5,,,,2026-08-24,-3.33
2026-08-21,332570,9010.0,-5.7,True,B_ADK특_13일선,29.9,0.0,True,-1.2,True,True,True,2026-08-24,-3.33
2026-08-21,347700,23400.0,-9.1,True,B_ADK특_13일선,23.1,0.0,True,-2.3,True,True,True,2026-08-24,-1.5
2026-08-21,353200,104200.0,-8.1,False,B_ADK특_20일선,29.9,0.0,True,0.8,True,True,True,2026-08-24,0.96
2026-08-21,387690,13290.0,-10.3,True,A_일반양음양_3일선,22.8,0.16,True,-2.7,,,,2026-08-24,-8.58
2026-08-21,388050,8810.0,-5.5,True,B_ADK특_13일선,29.9,0.0,True,1.4,True,True,True,2026-08-24,-3.06
2026-08-21,396300,4350.0,-4.7,True,B_ADK특_13일선,15.8,0.0,True,-0.2,False,True,True,2026-08-24,-0.34
2026-08-21,440110,61000.0,-7.4,False,B_ADK특_20일선,29.9,0.0,True,-0.9,True,True,False,2026-08-24,1.64
2026-08-21,445680,43550.0,-2.7,True,A_일반양음양_3일선,29.9,0.35,True,-0.8,,,,2026-08-24,25.6
2026-08-21,445680,43550.0,-2.7,True,B_ADK특_13일선,29.9,0.0,True,0.6,False,True,True,2026-08-24,25.6
2026-08-21,457370,9130.0,-4.9,True,A_일반양음양_5일선,29.9,0.72,True,0.0,,,,2026-08-24,-4.49
2026-08-21,459550,2400.0,7.6,True,A_일반양음양_3일선,30.0,0.86,True,1.2,,,,2026-08-24,-5.63
2026-08-21,465770,3595.0,3.6,True,A_일반양음양_3일선,29.9,0.5,True,-1.3,,,,2026-08-24,-5.42
2026-08-21,476060,14520.0,-1.4,True,B_ADK특_13일선,22.3,0.0,True,-0.0,True,True,True,2026-08-24,0.07
2026-08-21,900340,1568.0,11.2,True,B_ADK특_13일선,30.0,0.0,True,1.5,True,True,True,2026-08-24,
2026-08-24,000500,157600.0,-0.4,False,B_ADK특_13일선,24.7,0.0,True,-1.1,True,True,True,2026-08-25,2.16
2026-08-24,000720,104700.0,-0.9,False,B_ADK특_20일선,15.8,0.0,True,-0.5,True,True,True,2026-08-25,14.61
2026-08-24,000990,86900.0,-3.1,False,B_ADK특_20일선,16.7,0.0,True,-2.8,True,True,True,2026-08-25,5.29
2026-08-24,001820,92400.0,2.0,False,A_일반양음양_3일선,17.4,0.07,True,-1.2,,,,2026-08-25,12.66
2026-08-24,002990,14700.0,-0.3,True,A_일반양음양_3일선,24.2,0.23,True,-2.2,,,,2026-08-25,4.01
2026-08-24,003010,10640.0,12.4,True,A_일반양음양_5일선,29.9,0.81,True,-0.2,,,,2026-08-25,-0.85
2026-08-24,005180,88000.0,3.8,True,A_일반양음양_3일선,19.9,0.11,True,1.5,,,,2026-08-25,3.18
2026-08-24,005930,256500.0,-8.9,False,B_ADK특_13일선,26.8,0.0,True,1.0,True,True,True,2026-08-25,0.0
2026-08-24,006360,34150.0,2.7,True,B_ADK특_13일선,18.6,0.0,True,0.1,True,True,True,2026-08-25,2.34
2026-08-24,006660,13290.0,-2.9,True,A_일반양음양_8일선,29.9,0.13,True,0.3,,,,2026-08-25,1.66
2026-08-24,010120,191300.0,2.3,False,B_ADK특_20일선,23.0,0.0,True,-2.0,True,False,True,2026-08-25,1.62
2026-08-24,011070,573000.0,4.2,False,B_ADK특_13일선,21.2,0.0,True,-2.4,True,True,True,2026-08-25,4.36
2026-08-24,019010,4380.0,-15.4,True,B_ADK특_13일선,29.8,0.0,True,1.1,False,True,False,2026-08-25,
2026-08-24,025980,5160.0,-6.4,True,A_일반양음양_3일선,18.9,0.1,True,-2.6,,,,2026-08-25,-1.94
2026-08-24,027360,3350.0,2.0,False,A_일반양음양_3일선,29.9,0.59,True,-2.5,,,,2026-08-25,1.04
2026-08-24,027360,3350.0,2.0,False,B_ADK특_20일선,29.9,0.0,True,-0.8,True,True,False,2026-08-25,1.04
2026-08-24,028260,362000.0,-8.5,False,B_ADK특_13일선,19.6,0.0,True,1.5,True,True,True,2026-08-25,1.1
2026-08-24,032830,286500.0,-12.8,True,B_ADK특_13일선,18.0,0.0,True,-2.5,True,True,True,2026-08-25,-1.05
2026-08-24,033340,552.0,-7.2,True,A_일반양음양_3일선,29.8,3.46,True,-2.9,,,,2026-08-25,-12.32
2026-08-24,034730,546000.0,-6.8,False,B_ADK특_13일선,18.9,0.0,True,-0.6,True,True,False,2026-08-25,1.1
2026-08-24,042700,209500.0,-1.9,True,B_ADK특_13일선,28.0,0.0,True,-2.4,True,True,True,2026-08-25,2.86
2026-08-24,043260,17960.0,-0.9,True,B_ADK특_20일선,20.0,0.0,True,0.6,True,True,False,2026-08-25,-1.73
2026-08-24,047770,3165.0,-8.8,True,A_일반양음양_8일선,30.0,1.27,True,-0.0,,,,2026-08-25,2.69
2026-08-24,058470,64800.0,-1.4,False,B_ADK특_20일선,16.1,0.0,True,-2.2,True,False,True,2026-08-25,2.62
2026-08-24,062040,165100.0,0.2,False,B_ADK특_20일선,16.8,0.0,True,0.7,True,True,True,2026-08-25,2.24
2026-08-24,064550,8990.0,-0.4,True,A_일반양음양_3일선,30.0,0.41,True,-2.0,,,,2026-08-25,-7.9
2026-08-24,067290,2040.0,-0.5,True,B_ADK특_20일선,16.2,0.0,True,-0.4,True,True,True,2026-08-25,-3.33
2026-08-24,067310,34450.0,-1.6,False,B_ADK특_13일선,20.0,0.0,True,-1.0,True,True,True,2026-08-25,8.27
2026-08-24,073240,7160.0,-1.2,True,B_ADK특_20일선,19.9,0.0,True,-0.3,True,False,True,2026-08-25,-2.51
2026-08-24,078600,87800.0,5.9,True,B_ADK특_13일선,17.2,0.0,True,-2.6,True,False,True,2026-08-25,-0.68
2026-08-24,079650,4750.0,-3.1,True,B_ADK특_13일선,16.2,0.0,True,-1.9,True,True,True,2026-08-25,-1.26
2026-08-24,080220,72900.0,-0.8,False,B_ADK특_20일선,16.3,0.0,True,-1.1,True,False,False,2026-08-25,4.94
2026-08-24,087010,182200.0,2.0,True,B_ADK특_13일선,30.0,0.0,True,-0.8,True,False,True,2026-08-25,-0.16
2026-08-24,089030,46700.0,-3.5,True,B_ADK특_13일선,29.9,0.0,True,-2.8,True,True,True,2026-08-25,6.96
2026-08-24,090460,16180.0,1.9,False,B_ADK특_20일선,16.8,0.0,True,1.0,True,True,True,2026-08-25,1.55
2026-08-24,095610,133700.0,0.6,True,B_ADK특_20일선,30.0,0.0,True,-0.3,True,True,True,2026-08-25,3.14
2026-08-24,098120,39150.0,-1.6,True,A_일반양음양_3일선,29.9,0.21,True,-2.4,,,,2026-08-25,9.07
2026-08-24,100790,16090.0,11.0,False,B_ADK특_13일선,15.2,0.0,True,1.9,True,True,True,2026-08-25,0.12
2026-08-24,103590,66300.0,1.1,False,B_ADK특_13일선,17.3,0.0,True,-0.5,True,True,True,2026-08-25,-0.45
2026-08-24,108490,246000.0,-3.1,False,B_ADK특_13일선,17.2,0.0,True,-2.9,True,True,True,2026-08-25,2.85
2026-08-24,126640,4340.0,-4.8,True,A_일반양음양_8일선,29.8,0.1,True,-2.5,,,,2026-08-25,4.03
2026-08-24,126640,4340.0,-4.8,True,B_ADK특_13일선,29.8,0.0,True,0.4,True,True,True,2026-08-25,4.03
2026-08-24,126730,17960.0,-2.1,True,B_ADK특_13일선,29.7,0.0,True,1.1,True,True,True,2026-08-25,4.12
2026-08-24,131970,75000.0,-2.5,False,B_ADK특_13일선,15.1,0.0,True,-0.9,True,True,True,2026-08-25,5.47
2026-08-24,138080,24100.0,3.0,True,B_ADK특_13일선,29.8,0.0,True,-0.8,False,False,True,2026-08-25,-3.94
2026-08-24,141080,103000.0,3.0,True,B_ADK특_20일선,15.2,0.0,True,-0.8,True,False,False,2026-08-25,-3.98
2026-08-24,153890,13240.0,0.1,True,A_일반양음양_3일선,17.7,0.29,True,1.3,,,,2026-08-25,6.19
2026-08-24,222800,105500.0,5.8,False,B_ADK특_13일선,29.9,0.0,True,-2.7,True,True,True,2026-08-25,9.29
2026-08-24,240810,107000.0,-0.8,False,B_ADK특_13일선,27.9,0.0,True,0.8,True,True,True,2026-08-25,4.3
2026-08-24,267260,716000.0,-0.3,False,B_ADK특_20일선,17.3,0.0,True,-2.1,True,True,True,2026-08-25,-0.98
2026-08-24,290560,1325.0,-2.7,True,C_갭상승털기,30.0,1.68,True,6.4,,,,2026-08-25,18.87
2026-08-24,302430,6235.0,-6.2,True,C_갭상승털기,29.9,0.58,True,3.9,,,,2026-08-25,12.43
2026-08-24,319660,126100.0,3.2,True,B_ADK특_13일선,27.8,0.0,True,-1.8,True,False,False,2026-08-25,2.14
2026-08-24,323280,47600.0,-1.8,False,B_ADK특_13일선,29.9,0.0,True,-1.3,True,True,True,2026-08-25,2.63
2026-08-24,353200,105200.0,0.9,False,B_ADK특_20일선,29.9,0.0,True,2.0,True,True,True,2026-08-25,4.66
2026-08-24,387690,12150.0,-7.7,True,A_일반양음양_8일선,15.3,0.09,True,-1.1,,,,2026-08-25,-2.14
2026-08-24,388050,8540.0,-2.4,True,B_ADK특_13일선,29.9,0.0,True,-2.7,True,True,True,2026-08-25,15.93
2026-08-24,396300,4335.0,0.3,True,A_일반양음양_3일선,15.8,0.05,True,-1.6,,,,2026-08-25,
2026-08-24,396300,4335.0,0.3,True,B_ADK특_13일선,15.8,0.0,True,-0.9,True,True,True,2026-08-25,
2026-08-24,402340,1070000.0,-4.7,False,B_ADK특_13일선,29.9,0.0,True,1.7,True,True,False,2026-08-25,-1.78
2026-08-24,440110,62000.0,0.2,False,B_ADK특_13일선,29.9,0.0,True,-1.8,True,True,False,2026-08-25,2.42
2026-08-24,459550,2265.0,-5.0,True,A_일반양음양_3일선,30.0,0.29,True,-1.2,,,,2026-08-25,9.05
2026-08-24,465770,3400.0,-5.8,True,A_일반양음양_3일선,29.9,0.13,True,-2.7,,,,2026-08-25,
2026-08-24,475150,52900.0,3.1,True,B_ADK특_20일선,19.9,0.0,True,0.9,True,True,False,2026-08-25,4.35
2026-08-24,476060,14530.0,0.1,True,B_ADK특_13일선,22.3,0.0,True,-0.9,True,False,True,2026-08-25,-1.24
2026-08-24,477850,26950.0,-2.2,True,B_ADK특_20일선,29.8,0.0,True,0.9,True,False,True,2026-08-25,-9.83
2026-08-24,950160,20350.0,-1.9,True,A_일반양음양_3일선,19.9,0.4,True,-2.7,,,,2026-08-25,-1.92
2026-08-24,950200,3925.0,-3.2,True,A_일반양음양_3일선,30.0,5.55,True,0.4,,,,2026-08-25,-15.67
2026-08-25,001210,8650.0,-0.6,True,A_일반양음양_3일선,30.0,0.75,True,0.9,,,,2026-08-26,-2.31
2026-08-25,001510,2670.0,0.0,True,A_일반양음양_5일선,29.8,0.79,True,0.6,,,,2026-08-26,-1.69
2026-08-25,003010,10550.0,-2.6,True,A_일반양음양_5일선,29.9,0.43,True,-0.4,,,,2026-08-26,10.52
2026-08-25,006360,34950.0,3.1,True,B_ADK특_13일선,18.6,0.0,True,1.7,False,True,True,2026-08-26,8.15
2026-08-25,006660,13510.0,1.2,True,A_일반양음양_3일선,29.9,0.15,True,-0.0,,,,2026-08-26,-0.81
2026-08-25,007340,48550.0,1.6,True,A_일반양음양_5일선,19.1,0.2,True,0.6,,,,2026-08-26,-2.37
2026-08-25,007820,4110.0,-0.4,True,B_ADK특_13일선,29.9,0.0,True,-0.3,True,True,True,2026-08-26,1.22
2026-08-25,014990,3155.0,-5.5,True,A_일반양음양_5일선,29.9,0.44,True,0.9,,,,2026-08-26,
2026-08-25,024840,5280.0,1.5,True,B_ADK특_13일선,30.0,0.0,True,-2.7,True,True,True,2026-08-26,-0.95
2026-08-25,027360,3385.0,1.8,False,B_ADK특_20일선,29.9,0.0,True,0.1,True,False,False,2026-08-26,-0.74
2026-08-25,030530,19450.0,1.0,True,B_ADK특_13일선,30.0,0.0,True,-2.5,True,False,True,2026-08-26,-1.08
2026-08-25,043260,17650.0,-1.6,False,B_ADK특_20일선,20.0,0.0,True,-1.2,True,False,False,2026-08-26,-3.97
2026-08-25,047770,3250.0,5.0,True,A_일반양음양_3일선,30.0,10.93,True,-0.7,,,,2026-08-26,6.92
2026-08-25,049630,7120.0,3.0,False,A_일반양음양_3일선,29.9,0.12,True,-0.1,,,,2026-08-26,1.69
2026-08-25,049630,7120.0,3.0,False,B_ADK특_13일선,29.9,0.0,True,-1.1,True,True,True,2026-08-26,1.69
2026-08-25,064550,8280.0,-7.6,True,A_일반양음양_8일선,30.0,0.26,True,-0.5,,,,2026-08-26,
2026-08-25,079650,4690.0,-1.4,True,A_일반양음양_3일선,16.2,0.09,True,-1.9,,,,2026-08-26,-0.43
2026-08-25,087010,181900.0,-0.5,True,B_ADK특_13일선,30.0,0.0,True,-1.5,False,False,True,2026-08-26,1.7
2026-08-25,090460,16430.0,1.6,False,B_ADK특_13일선,16.8,0.0,True,-2.4,True,False,True,2026-08-26,3.65
2026-08-25,100790,16110.0,1.4,True,B_ADK특_13일선,15.2,0.0,True,1.4,True,False,True,2026-08-26,-4.16
2026-08-25,103590,66000.0,-0.2,False,B_ADK특_13일선,17.3,0.0,True,-1.5,True,True,True,2026-08-26,4.85
2026-08-25,108490,253000.0,2.2,False,B_ADK특_13일선,17.2,0.0,True,-0.5,True,True,True,2026-08-26,-0.99
2026-08-25,119850,50900.0,3.9,True,B_ADK특_13일선,21.9,0.0,True,-1.5,True,True,True,2026-08-26,1.38
2026-08-25,125490,10960.0,0.6,True,A_일반양음양_3일선,16.3,0.05,True,-0.5,,,,2026-08-26,-3.1
2026-08-25,126640,4515.0,3.8,True,A_일반양음양_3일선,29.8,0.1,True,0.9,,,,2026-08-26,-5.87
2026-08-25,128940,497000.0,-8.0,True,C_갭상승털기,30.0,1.34,True,2.7,,,,2026-08-26,6.64
2026-08-25,264850,5920.0,2.4,False,B_ADK특_20일선,29.8,0.0,True,0.3,True,False,False,2026-08-26,
2026-08-25,327260,34700.0,1.3,True,B_ADK특_13일선,29.9,0.0,True,-2.7,True,False,True,2026-08-26,5.76
2026-08-25,332570,8630.0,-0.5,False,B_ADK특_20일선,29.9,0.0,True,0.8,True,False,True,2026-08-26,-11.47
2026-08-25,457370,8750.0,-0.3,True,A_일반양음양_3일선,29.9,0.17,True,-2.5,,,,2026-08-26,-3.66
2026-08-25,475150,55200.0,3.8,True,B_ADK특_13일선,19.9,0.0,True,1.4,True,True,False,2026-08-26,-2.36
2026-08-25,476060,14350.0,-1.2,True,B_ADK특_13일선,22.3,0.0,True,-2.8,False,False,True,2026-08-26,0.77
2026-08-25,476830,31900.0,1.9,True,A_일반양음양_5일선,16.6,0.21,True,-1.4,,,,2026-08-26,-1.25
2026-08-25,484810,15350.0,12.4,True,B_ADK특_20일선,29.9,0.0,True,-1.8,True,False,False,2026-08-26,-8.21
2026-08-25,950200,3310.0,-13.2,True,A_일반양음양_8일선,30.0,1.86,True,-0.2,,,,2026-08-26,13.9
2026-08-25,950220,2855.0,-6.4,True,A_일반양음양_3일선,29.8,4.55,True,-2.2,,,,2026-08-26,-1.93
2026-08-26,001210,8450.0,-1.5,True,A_일반양음양_3일선,30.0,0.59,True,-1.5,,,,2026-08-27,-3.67
2026-08-26,001510,2625.0,-0.8,True,A_일반양음양_3일선,29.8,1.6,True,-0.8,,,,2026-08-27,0.0
2026-08-26,006660,13400.0,-1.0,True,A_일반양음양_3일선,29.9,0.09,True,-0.2,,,,2026-08-27,
2026-08-26,007340,47400.0,-2.4,True,B_ADK특_20일선,19.1,0.0,True,0.5,True,False,True,2026-08-27,-2.95
2026-08-26,007820,4160.0,1.7,True,B_ADK특_13일선,29.9,0.0,True,-0.7,True,True,True,2026-08-27,
2026-08-26,008250,3100.0,-10.7,True,C_갭상승털기,30.0,16.38,False,0.6,,,,2026-08-27,8.23
2026-08-26,019170,9300.0,0.8,True,A_일반양음양_5일선,29.9,0.4,True,2.0,,,,2026-08-27,-4.84
2026-08-26,025980,5240.0,2.9,True,A_일반양음양_3일선,18.9,0.05,True,1.9,,,,2026-08-27,-0.19
2026-08-26,027360,3360.0,-0.6,False,B_ADK특_20일선,29.9,0.0,True,-1.2,True,False,False,2026-08-27,4.32
2026-08-26,041190,6500.0,-4.4,True,A_일반양음양_3일선,20.0,0.29,True,1.7,,,,2026-08-27,-5.23
2026-08-26,049470,2595.0,-7.2,True,C_갭상승털기,30.0,0.84,True,3.2,,,,2026-08-27,
2026-08-26,049630,7240.0,1.5,True,B_ADK특_13일선,29.9,0.0,True,-0.5,True,True,True,2026-08-27,
2026-08-26,062040,176900.0,4.5,False,B_ADK특_13일선,16.8,0.0,True,0.2,False,False,True,2026-08-27,12.32
2026-08-26,066970,122200.0,1.5,True,A_일반양음양_3일선,16.4,0.41,True,0.7,,,,2026-08-27,6.96
2026-08-26,069540,2845.0,4.2,True,B_ADK특_13일선,29.9,0.0,True,0.3,False,False,True,2026-08-27,8.26
2026-08-26,078600,86100.0,-1.8,True,B_ADK특_20일선,17.2,0.0,True,1.3,True,False,True,2026-08-27,7.2
2026-08-26,079650,4670.0,-1.5,True,A_일반양음양_3일선,16.2,0.09,True,-1.1,,,,2026-08-27,2.14
2026-08-26,079650,4670.0,-1.5,True,B_ADK특_20일선,16.2,0.0,True,0.9,False,True,True,2026-08-27,2.14
2026-08-26,090460,17030.0,3.7,False,B_ADK특_13일선,16.8,0.0,True,-0.0,False,False,True,2026-08-27,1.0
2026-08-26,098120,41900.0,-3.8,True,A_일반양음양_3일선,29.9,0.07,True,1.1,,,,2026-08-27,-1.55
2026-08-26,119850,51600.0,1.4,True,B_ADK특_13일선,21.9,0.0,True,-0.2,True,False,True,2026-08-27,-3.1
2026-08-26,124500,39750.0,-1.9,True,A_일반양음양_3일선,16.4,0.23,True,0.9,,,,2026-08-27,-4.65
2026-08-26,125490,10620.0,-3.2,True,B_ADK특_13일선,16.3,0.0,True,-0.4,True,True,True,2026-08-27,0.47
2026-08-26,126640,4250.0,-6.6,True,B_ADK특_13일선,29.8,0.0,True,-2.3,True,True,True,2026-08-27,-0.47
2026-08-26,126730,18110.0,-3.3,True,B_ADK특_13일선,29.7,0.0,True,-2.5,True,True,True,2026-08-27,3.09
2026-08-26,128940,530000.0,5.8,True,A_일반양음양_3일선,30.0,1.08,True,1.2,,,,2026-08-27,-5.28
2026-08-26,138080,23600.0,1.5,True,B_ADK특_13일선,29.8,0.0,True,-2.5,False,False,True,2026-08-27,3.6
2026-08-26,153890,12910.0,-9.3,True,A_일반양음양_5일선,17.7,0.14,True,-2.8,,,,2026-08-27,-5.34
2026-08-26,181710,65300.0,-1.1,True,B_ADK특_13일선,29.8,0.0,True,1.8,True,True,True,2026-08-27,7.81
2026-08-26,214330,7270.0,-15.0,True,C_갭상승털기,29.9,2.59,False,-2.6,,,,2026-08-27,-7.57
2026-08-26,215600,2860.0,-3.4,True,C_갭상승털기,29.8,1.76,True,5.9,,,,2026-08-27,-8.04
2026-08-26,387690,11600.0,-2.5,True,A_일반양음양_3일선,15.3,0.08,True,-1.9,,,,2026-08-27,-4.4
2026-08-26,387690,11600.0,-2.5,True,B_ADK특_13일선,15.3,0.0,True,-1.7,True,True,True,2026-08-27,-4.4
2026-08-26,457370,8430.0,-3.0,True,A_일반양음양_3일선,29.9,0.09,True,-2.4,,,,2026-08-27,0.71
2026-08-26,457370,8430.0,-3.0,True,B_ADK특_13일선,29.9,0.0,True,-2.8,True,True,True,2026-08-27,0.71
2026-08-26,465770,3000.0,-9.1,True,B_ADK특_20일선,29.9,0.0,True,-2.8,True,True,True,2026-08-27,
2026-08-26,475150,53900.0,-2.4,True,B_ADK특_13일선,19.9,0.0,True,-0.9,True,False,False,2026-08-27,2.41
2026-08-26,476060,14460.0,0.6,True,B_ADK특_13일선,22.3,0.0,True,-1.3,False,False,True,2026-08-27,
2026-08-26,476830,31500.0,-1.4,True,A_일반양음양_3일선,16.6,0.18,True,-0.3,,,,2026-08-27,0.32
2026-08-26,476830,31500.0,-1.4,True,B_ADK특_20일선,16.6,0.0,True,1.3,True,True,False,2026-08-27,0.32
2026-08-26,950200,3770.0,10.4,True,A_일반양음양_5일선,30.0,8.1,True,0.2,,,,2026-08-27,-3.32
2026-08-26,950220,2800.0,-1.2,True,A_일반양음양_5일선,29.8,1.75,True,2.0,,,,2026-08-27,-8.57
2026-08-27,001210,8140.0,-3.7,True,A_일반양음양_3일선,30.0,0.27,True,-3.0,,,,2026-08-28,24.32
2026-08-27,001510,2625.0,0.0,True,A_일반양음양_3일선,29.8,0.62,True,-0.3,,,,2026-08-28,-2.29
2026-08-27,002990,15120.0,-3.6,True,A_일반양음양_3일선,24.2,0.13,True,-1.8,,,,2026-08-28,11.11
2026-08-27,008250,3355.0,8.2,True,A_일반양음양_3일선,30.0,12.77,True,1.4,,,,2026-08-28,-1.34
2026-08-27,019170,8850.0,-4.8,True,A_일반양음양_8일선,29.9,0.18,True,-0.3,,,,2026-08-28,12.54
2026-08-27,019170,8850.0,-4.8,True,B_ADK특_13일선,29.9,0.0,True,0.0,False,True,True,2026-08-28,12.54
2026-08-27,025980,5230.0,-0.2,True,A_일반양음양_3일선,18.9,0.03,True,0.8,,,,2026-08-28,0.76
2026-08-27,027360,3505.0,4.3,False,B_ADK특_20일선,29.9,0.0,True,1.7,True,False,False,2026-08-28,-3.42
2026-08-27,041190,6160.0,-5.2,True,A_일반양음양_5일선,15.8,0.1,True,-1.4,,,,2026-08-28,4.87
2026-08-27,079650,4770.0,2.1,True,A_일반양음양_3일선,16.2,0.07,True,0.9,,,,2026-08-28,5.03
2026-08-27,079650,4770.0,2.1,True,B_ADK특_20일선,16.2,0.0,True,1.3,True,False,True,2026-08-28,5.03
2026-08-27,080220,77500.0,1.8,False,B_ADK특_13일선,16.3,0.0,True,-2.9,False,False,False,2026-08-28,-1.42
2026-08-27,090460,17200.0,1.0,True,B_ADK특_13일선,16.8,0.0,True,-0.3,False,False,True,2026-08-28,-1.4
2026-08-27,100790,16180.0,4.8,True,B_ADK특_13일선,15.2,0.0,True,0.2,False,False,True,2026-08-28,-1.24
2026-08-27,124500,37900.0,-4.7,True,A_일반양음양_5일선,16.4,0.12,True,0.5,,,,2026-08-28,0.92
2026-08-27,125490,10670.0,0.5,True,B_ADK특_13일선,16.3,0.0,True,-1.5,True,True,True,2026-08-28,-3.47
2026-08-27,126640,4230.0,-0.5,True,A_일반양음양_3일선,29.8,0.09,True,-2.6,,,,2026-08-28,1.18
2026-08-27,126640,4230.0,-0.5,True,B_ADK특_20일선,29.8,0.0,True,-0.6,True,False,True,2026-08-28,1.18
2026-08-27,126730,18670.0,3.1,True,B_ADK특_13일선,29.7,0.0,True,-1.1,True,False,True,2026-08-28,3.37
2026-08-27,128940,502000.0,-5.3,True,A_일반양음양_3일선,30.0,0.37,True,-1.8,,,,2026-08-28,1.39
2026-08-27,138080,24450.0,3.6,False,B_ADK특_13일선,29.8,0.0,True,1.7,False,False,True,2026-08-28,-4.7
2026-08-27,153890,12220.0,-5.3,True,B_ADK특_13일선,17.7,0.0,True,-2.8,True,True,True,2026-08-28,-2.95
2026-08-27,214330,6720.0,-7.6,True,A_일반양음양_8일선,29.9,0.54,True,-0.3,,,,2026-08-28,-4.76
2026-08-27,215600,2630.0,-8.0,True,A_일반양음양_5일선,29.8,0.28,True,1.6,,,,2026-08-28,-0.38
2026-08-27,288980,250.0,-7.7,True,C_갭상승털기,29.7,1.55,True,2.7,,,,2026-08-28,24.8
2026-08-27,289080,2512.0,3.4,True,A_일반양음양_3일선,30.0,12.39,True,1.5,,,,2026-08-28,-1.87
2026-08-27,302430,7540.0,4.4,True,A_일반양음양_3일선,29.9,1.67,True,0.7,,,,2026-08-28,-3.45
2026-08-27,457370,8490.0,0.7,True,A_일반양음양_3일선,29.9,0.08,True,-0.5,,,,2026-08-28,1.06
2026-08-27,476830,31600.0,0.3,True,A_일반양음양_3일선,16.6,0.16,True,-0.3,,,,2026-08-28,-1.42
2026-08-27,476830,31600.0,0.3,True,B_ADK특_20일선,16.6,0.0,True,-0.1,True,False,False,2026-08-28,-1.42
2026-08-27,900300,3470.0,0.1,True,A_일반양음양_5일선,29.9,5.44,True,-0.6,,,,2026-08-28,
2026-08-27,950200,3645.0,-3.3,True,A_일반양음양_3일선,30.0,3.93,True,1.0,,,,2026-08-28,-2.61
2026-08-28,001510,2565.0,-1.9,True,A_일반양음양_3일선,29.8,0.29,True,-1.4,,,,2026-08-31,-0.58
2026-08-28,001510,2565.0,-1.9,True,B_ADK특_13일선,29.8,0.0,True,1.6,True,True,True,2026-08-31,-0.58
2026-08-28,003350,14300.0,6.6,True,A_일반양음양_3일선,23.0,0.52,True,1.8,,,,2026-08-31,4.83
2026-08-28,006660,12980.0,-0.5,True,B_ADK특_13일선,29.9,0.0,True,-0.9,True,True,True,2026-08-31,
2026-08-28,007340,46850.0,1.0,True,B_ADK특_20일선,19.1,0.0,True,-2.6,False,False,False,2026-08-31,0.64
2026-08-28,008250,3310.0,-0.6,True,A_일반양음양_3일선,30.0,1.77,True,2.0,,,,2026-08-31,
2026-08-28,008290,708.0,-1.9,True,A_일반양음양_3일선,29.9,1.0,True,1.6,,,,2026-08-31,
2026-08-28,008930,44550.0,5.8,True,A_일반양음양_3일선,25.7,0.05,True,2.0,,,,2026-08-31,0.56
2026-08-28,008930,44550.0,5.8,True,B_ADK특_13일선,25.7,0.0,True,-2.1,True,True,True,2026-08-31,0.56
2026-08-28,017900,7560.0,-4.1,True,B_ADK특_20일선,15.0,0.0,True,-0.9,True,False,False,2026-08-31,-0.26
2026-08-28,027360,3385.0,-2.7,True,B_ADK특_20일선,29.9,0.0,True,-3.0,False,False,False,2026-08-31,-0.89
2026-08-28,041190,6460.0,5.2,True,A_일반양음양_3일선,15.8,0.53,True,1.5,,,,2026-08-31,-6.97
2026-08-28,049470,2620.0,0.8,True,A_일반양음양_3일선,30.0,0.55,True,0.6,,,,2026-08-31,
2026-08-28,052690,122300.0,-3.2,True,A_일반양음양_3일선,20.3,0.21,True,-1.4,,,,2026-08-31,-6.54
2026-08-28,067290,2070.0,4.0,True,B_ADK특_13일선,16.2,0.0,True,-2.5,False,False,False,2026-08-31,12.56
2026-08-28,079650,5010.0,5.5,True,B_ADK특_13일선,16.2,0.0,True,-0.5,False,False,True,2026-08-31,3.79
2026-08-28,079900,41200.0,2.7,True,A_일반양음양_3일선,23.9,0.17,True,0.2,,,,2026-08-31,-4.25
2026-08-28,080220,76400.0,-1.7,True,B_ADK특_20일선,16.3,0.0,True,-0.8,False,False,False,2026-08-31,0.92
2026-08-28,090460,16960.0,-1.3,True,B_ADK특_13일선,16.8,0.0,True,-2.3,False,False,True,2026-08-31,7.13
2026-08-28,100790,15980.0,-1.2,True,B_ADK특_13일선,15.2,0.0,True,-0.8,False,False,True,2026-08-31,-2.44
2026-08-28,124500,38250.0,1.3,True,A_일반양음양_3일선,16.4,0.11,True,-0.9,,,,2026-08-31,-5.23
2026-08-28,126640,4280.0,0.7,True,B_ADK특_13일선,29.8,0.0,True,-2.5,True,False,True,2026-08-31,
2026-08-28,126730,19300.0,3.2,True,B_ADK특_13일선,29.7,0.0,True,0.6,False,False,True,2026-08-31,5.44
2026-08-28,128940,509000.0,1.0,True,A_일반양음양_3일선,30.0,0.24,True,-1.0,,,,2026-08-31,-3.73
2026-08-28,131970,81100.0,-2.4,True,B_ADK특_13일선,15.1,0.0,True,1.5,False,False,True,2026-08-31,-2.1
2026-08-28,181710,69800.0,-0.4,True,B_ADK특_13일선,29.8,0.0,True,1.9,True,True,True,2026-08-31,6.02
2026-08-28,214330,6400.0,-2.7,True,B_ADK특_13일선,29.9,0.0,True,0.2,True,True,True,2026-08-31,1.72
2026-08-28,215600,2620.0,-1.3,True,A_일반양음양_5일선,29.8,0.23,True,-2.1,,,,2026-08-31,-3.05
2026-08-28,289080,2465.0,-2.0,True,A_일반양음양_3일선,30.0,1.28,True,-0.2,,,,2026-08-31,-4.06
2026-08-28,299660,2210.0,6.8,True,A_일반양음양_5일선,30.0,1.03,True,-0.6,,,,2026-08-31,26.7
2026-08-28,300120,2600.0,-6.5,True,C_갭상승털기,29.9,1.57,True,3.7,,,,2026-08-31,
2026-08-28,302430,7280.0,-3.1,True,A_일반양음양_3일선,29.9,0.31,True,-0.8,,,,2026-08-31,11.95
2026-08-28,387690,12510.0,12.9,True,A_일반양음양_8일선,15.3,0.47,True,0.2,,,,2026-08-31,14.47
2026-08-28,396300,4510.0,-3.0,True,B_ADK특_13일선,15.8,0.0,True,0.8,False,False,True,2026-08-31,1.11
2026-08-28,476830,31150.0,-1.4,True,A_일반양음양_3일선,16.6,0.1,True,-0.8,,,,2026-08-31,-4.17
2026-08-28,950200,3550.0,-3.5,True,A_일반양음양_5일선,30.0,1.06,True,-2.6,,,,2026-08-31,
2026-08-28,950220,2510.0,-2.3,True,A_일반양음양_8일선,29.8,1.05,True,-2.0,,,,2026-08-31,0.0
