일자,종목코드,종목명,증권사,목표가상승률(%),리포트제목,PDF링크
2026-10-06,009150,삼성전기,한국투자,321.05,,
2026-10-06,222800,심텍,한국투자,207.69,,
2026-10-06,011070,LG이노텍,한국투자,93.18,,
2026-10-06,066570,LG전자,한국투자,89.29,,
2026-10-06,353200,대덕전자,한국투자,77.27,,
2026-10-06,096770,SK이노베이션,LS,48.41,,
2026-10-06,222800,심텍,iM,35.14,"CPU, LPDDR 수요 확대의 중심",https://m.stock.naver.com/research/company/96434
2026-10-06,018880,한온시스템,DB,33.33,,
2026-10-06,403870,HPSP,KB,30.77,,
2026-10-06,058470,리노공업,DS투자,29.87,반등의 서막,https://m.stock.naver.com/research/company/96460
2026-10-06,010950,S-Oil,유진투자,21.62,,
2026-10-06,036540,SFA반도체,한국투자,16.67,,
2026-10-06,241710,코스메카코리아,다올투자,15.38,,
2026-10-06,066570,LG전자,메리츠,13.64,,
2026-10-06,000880,한화,흥국,12.5,,
2026-10-06,062040,산일전기,한국투자,11.11,,
2026-10-06,460860,동국제강,현대차,10.4,,
2026-10-06,028670,팬오션,NH투자,7.79,,
2026-10-06,402340,SK스퀘어,DB,3.45,,
2026-10-06,096770,SK이노베이션,유진투자,2.34,,
2026-10-06,207940,삼성바이오로직스,대신,0.78,,
2026-10-06,207940,삼성바이오로직스,SK,0.78,3Q26 Pre: 파업과 환율 부담에도 컨센 부합,https://m.stock.naver.com/research/company/96440
2026-10-06,207940,삼성바이오로직스,삼성,0.78,,
2026-10-06,207940,삼성바이오로직스,삼성,0.78,,
2026-10-05,161890,한국콜마,한국투자,15.62,,
2026-10-02,066570,LG전자,신한투자,61.11,지금부터 달라진다,https://m.stock.naver.com/research/company/96420
2026-10-02,064290,인텍플러스,메리츠,55.74,,
2026-10-02,080580,오킨스전자,현대차,28.57,,
2026-10-02,003490,대한항공,LS,21.21,,
2026-10-02,033780,KT＆G,하나,9.09,,
2026-10-02,036570,NC,현대차,8.57,,
2026-10-02,241710,코스메카코리아,현대차,7.69,,
2026-10-02,086790,하나금융지주,iM,5.23,,
2026-10-02,122870,와이지엔터테인먼트,상상인,5.0,,
2026-10-01,161890,한국콜마,메리츠,87.5,,
2026-10-01,241710,코스메카코리아,메리츠,53.85,,
2026-10-01,251970,펌텍코리아,메리츠,45.45,,
2026-10-01,051900,LG생활건강,메리츠,39.62,,
2026-10-01,051900,LG생활건강,신영,28.0,,
2026-10-01,006360,GS건설,다올투자,26.32,,
2026-10-01,192820,코스맥스,메리츠,22.22,,
2026-10-01,181710,NHN,NH투자,21.43,,
2026-10-01,003670,포스코퓨처엠,신영,21.05,,
2026-10-01,483650,달바글로벌,메리츠,18.64,,
2026-10-01,006400,삼성SDI,신영,10.0,,
2026-10-01,278470,에이피알,메리츠,10.0,,
2026-10-01,017670,SK텔레콤,NH투자,8.7,,
2026-10-01,090430,아모레퍼시픽,메리츠,4.05,,
2026-09-30,079550,LIG디펜스앤에어로스페이스,미래에셋,119.61,미사일 수요의 종착지,https://m.stock.naver.com/research/company/96394
2026-09-30,010120,LS ELECTRIC,현대차,107.72,,
2026-09-30,032830,삼성생명,한국투자,48.51,,
2026-09-30,001450,현대해상,한국투자,33.33,,
2026-09-30,009830,한화솔루션,삼성,24.24,,
2026-09-30,192820,코스맥스,유진투자,17.86,,
2026-09-30,055550,신한지주,한국투자,16.0,,
2026-09-30,005830,DB손해보험,한국투자,15.71,,
2026-09-30,086790,하나금융지주,한국투자,14.67,,
2026-09-30,047810,한국항공우주,미래에셋,14.11,,
2026-09-30,000810,삼성화재,한국투자,12.99,,
2026-09-30,018880,한온시스템,삼성,12.5,,
2026-09-30,214320,이노션,DS투자,12.0,AI 솔루션과 브랜드 성장 파트너로 도약,https://m.stock.naver.com/research/company/96393
2026-09-30,140860,파크시스템스,SK,11.43,"후공정, 계측의 블루오션",https://m.stock.naver.com/research/company/96385
2026-09-30,138040,메리츠금융지주,한국투자,10.81,,
2026-09-30,316140,우리금융지주,한국투자,10.0,,
2026-09-30,175330,JB금융지주,한국투자,9.86,,
2026-09-30,105560,KB금융,한국투자,8.78,,
2026-09-30,086790,하나금융지주,BNK투자,6.25,,
2026-09-30,161890,한국콜마,유진투자,5.88,,
2026-09-30,420770,기가비스,메리츠,5.26,,
2026-09-30,028050,삼성E＆A,미래에셋,2.86,,
2026-09-29,064760,티씨케이,KB,20.0,,
2026-09-29,041510,에스엠,키움,18.18,,
2026-09-29,122870,와이지엔터테인먼트,키움,16.67,,
2026-09-29,161890,한국콜마,유안타,15.62,"튜브 용기 부족에도 견조한 수주, 4분기 기대",https://m.stock.naver.com/research/company/96345
2026-09-29,020000,한섬,iM,12.0,좋아질 이유가 많아지고 있다,https://m.stock.naver.com/research/company/96342
2026-09-29,105560,KB금융,BNK투자,10.0,,
2026-09-29,329180,HD현대중공업,미래에셋,8.11,제일 잘하는 회사의 가장 큰 증설,https://m.stock.naver.com/research/company/96357
2026-09-29,055550,신한지주,BNK투자,7.69,,
2026-09-29,003490,대한항공,유안타,5.26,유가 변동성에도 견조한 이익 체력,https://m.stock.naver.com/research/company/96344
2026-09-28,086280,현대글로비스,대신,39.13,,
2026-09-28,178320,서진시스템,SK,27.27,글로벌 AI 인프라 축을 담당한다,https://m.stock.naver.com/research/company/96320
2026-09-28,010950,S-Oil,삼성,27.27,,
2026-09-28,353200,대덕전자,iM,26.67,실적 시즌 가까워질수록 Peer를 캐치업할 전망,https://m.stock.naver.com/research/company/96321
2026-09-28,241710,코스메카코리아,유안타,25.0,"3분기 눈높이 조정, 성장 기대는 유효",https://m.stock.naver.com/research/company/96331
2026-09-28,006360,GS건설,LS,13.64,,
2026-09-28,403870,HPSP,대신,12.7,결국 숫자가 증명할 것,https://m.stock.naver.com/research/company/96326
2026-09-28,066570,LG전자,대신,12.5,,
2026-09-28,064960,SNT모티브,하나,10.0,,
2026-09-28,247540,에코프로비엠,신영,1.6,,
2026-09-23,005930,삼성전자,유안타,18.87,메모리 가격 상승폭 둔화보다 사이클 장기화!,https://m.stock.naver.com/research/company/96295
2026-09-23,006400,삼성SDI,삼성,16.36,,
2026-09-23,051900,LG생활건강,NH투자,10.0,,
2026-09-23,440110,파두,유진투자,10.0,뜨거워지는 시장,https://m.stock.naver.com/research/company/96293
2026-09-23,003490,대한항공,KB,5.0,,
2026-09-23,009150,삼성전기,메리츠,4.76,,
2026-09-22,020000,한섬,한화투자,28.57,26년 연말의 주식이 될 상인가?,https://m.stock.naver.com/research/company/96286
2026-09-22,278470,에이피알,LS,14.0,,
2026-09-22,002380,KCC,NH투자,7.35,,
2026-09-22,007660,이수페타시스,신한투자,6.25,반등이 보이는 이유,https://m.stock.naver.com/research/company/96276
2026-09-21,006400,삼성SDI,iM,35.59,전력 인프라 업체로서의 밸류에이션 재평가,https://m.stock.naver.com/research/company/96241
2026-09-21,004020,현대제철,현대차,27.95,,
2026-09-21,181710,NHN,메리츠,25.0,,
2026-09-21,307950,현대오토에버,삼성,25.0,,
2026-09-21,280360,롯데웰푸드,한화투자,17.65,재조명될 해외 사업,https://m.stock.naver.com/research/company/96266
2026-09-21,192820,코스맥스,한국투자,13.33,,
2026-09-21,006360,GS건설,KB,11.63,,
2026-09-21,195870,해성디에스,메리츠,10.0,,
2026-09-21,020000,한섬,NH투자,8.0,,
2026-09-21,020000,한섬,흥국,3.7,,
2026-09-21,028050,삼성E＆A,KB,2.82,,
2026-09-20,195870,해성디에스,DB,23.33,,
2026-09-18,018260,삼성에스디에스,미래에셋,15.38,AI DC 사업자 중 최선호,https://m.stock.naver.com/research/company/96233
2026-09-18,000150,두산,DS투자,14.58,광(光)속 성장과 증설,https://m.stock.naver.com/research/company/96229
2026-09-18,453340,현대그린푸드,흥국,7.41,,
2026-09-18,011760,현대코퍼레이션,흥국,5.26,,
2026-09-18,009150,삼성전기,iM,5.0,이익 컨센서스 상향 조정이 재가속화될 전망,https://m.stock.naver.com/research/company/96226
2026-09-17,034730,SK,키움,98.39,,
2026-09-17,078340,컴투스,KB,40.0,,
2026-09-17,001120,LX인터내셔널,흥국,9.43,,
2026-09-17,020150,롯데에너지머티리얼즈,NH투자,7.84,,
2026-09-17,195870,해성디에스,삼성,7.14,,
2026-09-16,003670,포스코퓨처엠,키움,87.1,,
2026-09-16,000880,한화,SK,30.77,쪼갠 후 증가한 시가총액,https://m.stock.naver.com/research/company/96172
2026-09-16,006360,GS건설,신한투자,23.68,,
2026-09-16,066970,엘앤에프,NH투자,23.08,,
2026-09-16,003670,포스코퓨처엠,NH투자,21.62,,
2026-09-16,000720,현대건설,iM,16.67,,
2026-09-16,010950,S-Oil,신한투자,10.0,,
2026-09-15,099320,쎄트렉아이,LS,79.1,,
2026-09-15,443060,HD현대마린솔루션,한국투자,23.08,,
2026-09-15,006400,삼성SDI,NH투자,21.67,,
2026-09-15,034020,두산에너빌리티,미래에셋,20.0,,
2026-09-15,068270,셀트리온,상상인,6.9,,
2026-09-15,128940,한미약품,삼성,6.56,,
2026-09-15,096770,SK이노베이션,유안타,5.26,,
2026-09-15,282330,BGF리테일,흥국,5.26,,
2026-09-15,128940,한미약품,다올투자,4.35,,
2026-09-15,068270,셀트리온,메리츠,3.45,,
2026-09-14,161890,한국콜마,상상인,70.0,,
2026-09-14,329180,HD현대중공업,IBK투자,29.23,,
2026-09-14,006360,GS건설,하나,27.78,,
2026-09-14,375500,DL이앤씨,하나,25.0,,
2026-09-14,036540,SFA반도체,한국투자,20.0,,
2026-09-14,090430,아모레퍼시픽,유진투자,11.76,,
2026-09-14,090430,아모레퍼시픽,한화투자,11.11,,
2026-09-14,251970,펌텍코리아,상상인,10.77,,
2026-09-14,443060,HD현대마린솔루션,유안타,8.74,,
2026-09-14,017670,SK텔레콤,다올투자,7.69,,
2026-09-14,090430,아모레퍼시픽,상상인,5.88,,
2026-09-14,010140,삼성중공업,IBK투자,2.78,,
2026-09-14,356860,티엘비,메리츠,1.79,,
2026-09-13,105560,KB금융,하나,6.82,,
2026-09-11,006800,미래에셋증권,현대차,83.4,,
2026-09-11,016360,삼성증권,현대차,60.44,,
2026-09-11,001450,현대해상,상상인,46.67,,
2026-09-11,071050,한국금융지주,현대차,36.84,,
2026-09-11,047040,대우건설,NH투자,15.38,,
2026-09-11,005830,DB손해보험,상상인,12.5,,
2026-09-11,443060,HD현대마린솔루션,NH투자,10.71,,
2026-09-11,112610,씨에스윈드,DS투자,8.64,,
2026-09-11,047050,포스코인터내셔널,흥국,5.13,,
2026-09-11,329180,HD현대중공업,NH투자,2.86,,
2026-09-10,031980,피에스케이홀딩스,하나,34.15,,
2026-09-10,078340,컴투스,NH투자,16.28,,
2026-09-10,128940,한미약품,KB,12.07,,
2026-09-09,356860,티엘비,대신,79.78,,
2026-09-09,336260,두산퓨얼셀,SK,76.19,,
2026-09-09,237880,클리오,현대차,21.43,,
2026-09-09,267250,HD현대,흥국,10.0,,
2026-09-09,086790,하나금융지주,키움,8.57,,
2026-09-09,055550,신한지주,키움,6.67,,
2026-09-09,105560,KB금융,키움,4.35,,
2026-09-08,047040,대우건설,신영,193.33,,
2026-09-08,000990,DB하이텍,KB,17.65,,
2026-09-08,006360,GS건설,신영,12.5,,
2026-09-08,003490,대한항공,미래에셋,12.12,,
2026-09-07,336260,두산퓨얼셀,NH투자,70.59,,
2026-09-07,031980,피에스케이홀딩스,DS투자,48.15,,
2026-09-07,010950,S-Oil,NH투자,27.27,,
2026-09-07,192820,코스맥스,SK,20.69,,
2026-09-07,079160,CJ CGV,KB,20.0,,
2026-09-07,031980,피에스케이홀딩스,현대차,20.0,,
2026-09-07,222800,심텍,신한투자,20.0,,
2026-09-07,000660,SK하이닉스,DB,15.0,,
2026-09-07,089600,KT나스미디어,NH투자,14.29,,
2026-09-07,000660,SK하이닉스,미래에셋,10.71,,
2026-09-07,000270,기아,다올투자,9.09,,
2026-09-07,090430,아모레퍼시픽,NH투자,8.82,,
2026-09-07,257720,실리콘투,SK,8.77,,
2026-09-07,441270,파인엠텍,메리츠,8.33,,
2026-09-07,005930,삼성전자,미래에셋,8.11,,
2026-09-07,161890,한국콜마,SK,5.88,,
2026-09-07,300720,한일시멘트,현대차,5.26,,
2026-09-07,356860,티엘비,신한투자,4.87,,
