date,category,event,source
0000-00-00,정부정책,[문체부] 에이펙 관광장관회의,문체부 RSS
2023-09-01,해외학회/전시,국제포럼,Google Alerts 1
2024-05-23,해외학회/전시,제3회 증례 교류 심포지엄(CES),Google Alerts 3
2024-05-26,해외학회/전시,모바일 월드 콩그레스 2024,Google Alerts 3
2024-06-26,정부정책,[복지부] 제6기 사회보장 평가전문위원회(이하 ‘평가전문위’) 2026년도 제3차 회의,복지부 RSS
2024-08-23,해외학회/전시,벳아너스 CES,Google Alerts 3
2024-10-13,해외학회/전시,CES 아시아 언베일드 서울 (CES Asia Unveiled Seoul),Google Alerts 3
2024-10-20,해외학회/전시,IAC의 첫 회의,Google Alerts 1
2025-01-31,해외학회/전시,CES 2025,Google Alerts 3
2025-05-31,해외학회/전시,ASCO Annual Meeting,Google Alerts 4
2025-09-04,해외학회/전시,IFA,Google Alerts 3
2026-04-20,해외학회/전시,Hannover Messe,Google Alerts 2
2026-04-24,해외학회/전시,Hannover Messe 2026,Google Alerts 2
2026-05-29,해외학회/전시,ASCO Annual Meeting,Google Alerts 4
2026-05-30,해외학회/전시,2026 ASCO Annual Meeting,Google Alerts 4
2026-06-01,해외학회/전시,ICRA 2026,Google Alerts 2
2026-06-01,해외학회/전시,ASCO Annual Meeting,Google Alerts 4
2026-06-16,해외학회/전시,BIO USA 2026 본행사 (바이오 인터내셔널),정적 캘린더
2026-06-26,경제 일반,[스코넥] [기재정정]주요사항보고서(유상증자결정),DART
2026-06-26,정부정책,[복지부] 제1차 처우개선위원회,복지부 RSS
2026-06-26,해외학회/전시,ASCO Breakthrough Meeting,Google Alerts 4
2026-06-29,배당/권리락,[권리락] [페니트리움바이오] 유상증자 권리락 (정정),DART
2026-06-29,정부정책,[금융위] 금융소비자보호 정책평가위원회 출범 회의,금융위 RSS
2026-06-29,신규상장,[신규상장] 져스텍,38커뮤니케이션
2026-06-30,배당/권리락,[권리락] [썸에이지] 유상증자 권리락 (정정),DART
2026-06-30,정부정책,[국회] 제436회국회(임시회) 제4차 본회의 (제436-4차(의사일정)...),국회사무처
2026-06-30,정부정책,[금융위] 관계기관 합동 가계부채 점검회의,금융위 RSS
2026-06-30,신규상장,[신규상장] 한국스팩16호,38커뮤니케이션
2026-06-30,신규상장,[신규상장] 스트라드비젼,38커뮤니케이션
2026-07-01,경제 일반,[메타케어] 유상증자 신주상장예정일 (정정),DART
2026-07-01,경제 일반,[수출입] 관세청 월간 수출입 동향 발표(예정)일,관세청
2026-07-01,공모청약,[공모청약] 레메디,38커뮤니케이션
2026-07-01,정부정책,[금융위] 제12차 금융위원회 정례회의,금융위 RSS
2026-07-01,경제 일반,[휴맥스] 회사합병 합병기일,DART
2026-07-01,신규상장,[신규상장] 매드업,38커뮤니케이션
2026-07-01,보호예수 해제,"[보호예수] 리센스메디컬 의무보유 해제 (1,246,456 주, 11%)",예탁결제원(PDF)
2026-07-02,보호예수 해제,"[보호예수] 인벤테라 의무보유 해제 (660,380 주, 8%)",예탁결제원(PDF)
2026-07-02,오버행(잠재매도),[잠재매도] 꿈비 CB/BW 전환청구 가능 (1년 전 발행),DART(과거검색)
2026-07-03,오버행(잠재매도),[잠재매도] 모아데이타 CB/BW 전환청구 가능 (1년 전 발행),DART(과거검색)
2026-07-03,보호예수 해제,"[보호예수] 손오공 의무보유 해제 (1,291,990 주, 10%)",예탁결제원(PDF)
2026-07-04,보호예수 해제,"[보호예수] 뉴엔에이아이 의무보유 해제 (93,900 주, 1%)",예탁결제원(PDF)
2026-07-06,배당/권리락,[권리락] [클로봇] 유상증자 권리락 (정정),DART
2026-07-06,거시 일정,[발표예정] Nikkei Indexes,FRED API
2026-07-06,신규상장,[신규상장] 레몬헬스케어,38커뮤니케이션
2026-07-06,거시 지표,[매크로] 🇺🇸 미국 실효연방기금금리 (기준금리) : 3.63% (발표일: 2026-07-01),FRED API
2026-07-06,거시 지표,[매크로] 💼 미국 실업률 : 4.2% (발표일: 2026-06-01),FRED API
2026-07-06,거시 일정,[발표예정] Federal Funds Data,FRED API
2026-07-06,보호예수 해제,"[보호예수] 이노시뮬레이션 의무보유 해제 (2,030,580 주, 22%)",예탁결제원(PDF)
2026-07-06,정부정책,[금융위] 「포용금융 전략 추진단」 감독총괄분과 첫 회의,금융위 RSS
2026-07-06,거시 일정,[발표예정] Euro Short Term Rate,FRED API
2026-07-06,정부정책,[금융위] 홈플러스 금융권 대응 점검회의,금융위 RSS
2026-07-06,거시 일정,[발표예정] Historical Overnight AMERIBOR Unsecured Interest Rate,FRED API
2026-07-06,거시 지표,[매크로] 🛒 미국 소비자물가지수(CPI) : 334 (발표일: 2026-05-01),FRED API
2026-07-06,거시 일정,[발표예정] Economic Policy Uncertainty,FRED API
2026-07-07,경제 일반,[클로봇] 유상증자 신주배정기준일 (정정),DART
2026-07-07,거시 일정,[발표예정] SONIA Interest Rate Benchmark,FRED API
2026-07-07,보호예수 해제,"[보호예수] 청보 의무보유 해제 (1,000,000 주, 2%)",예탁결제원(PDF)
2026-07-07,거시 지표,[매크로] 💼 미국 실업률 : 4.2% (발표일: 2026-06-01),FRED API
2026-07-07,거시 지표,[매크로] 🛒 미국 소비자물가지수(CPI) : 334 (발표일: 2026-05-01),FRED API
2026-07-07,오버행(잠재매도),[잠재매도] 캐리 CB/BW 전환청구 가능 (1년 전 발행),DART(과거검색)
2026-07-07,거시 지표,[매크로] 🇺🇸 미국 실효연방기금금리 (기준금리) : 3.63% (발표일: 2026-07-03),FRED API
2026-07-08,거시 일정,[발표예정] SONIA Interest Rate Benchmark,FRED API
2026-07-08,거시 지표,[매크로] 🇺🇸 미국 10년물 국채 금리 : 4.48% (발표일: 2026-07-06),FRED API
2026-07-08,보호예수 해제,"[보호예수] 피스피스스튜디오 의무보유 해제 (634,312 주, 4%)",예탁결제원(PDF)
2026-07-08,거시 지표,[매크로] 🛒 미국 소비자물가지수(CPI) : 334 (발표일: 2026-05-01),FRED API
2026-07-08,경제 일반,[센서뷰] 유상증자 신주배정기준일 (정정),DART
2026-07-08,거시 지표,[매크로] 🇺🇸 미국 실효연방기금금리 (기준금리) : 3.63% (발표일: 2026-07-06),FRED API
2026-07-09,거시 일정,[발표예정] Economic Policy Uncertainty,FRED API
2026-07-09,파생만기,[파생만기] 2026년 7월 옵션 만기일,정적계산
2026-07-09,거시 지표,[매크로] 🛒 미국 소비자물가지수(CPI) : 334 (발표일: 2026-05-01),FRED API
2026-07-09,거시 일정,[발표예정] Historical Overnight AMERIBOR Unsecured Interest Rate,FRED API
2026-07-09,오버행(잠재매도),[잠재매도] 엑스플러스 CB/BW 전환청구 가능 (1년 전 발행),DART(과거검색)
2026-07-09,거시 일정,[발표예정] Existing Home Sales,FRED API
2026-07-09,거시 일정,[발표예정] FOMC Press Release,FRED API
2026-07-09,거시 지표,[매크로] 💼 미국 실업률 : 4.2% (발표일: 2026-06-01),FRED API
2026-07-09,거시 일정,[발표예정] Nikkei Indexes,FRED API
2026-07-09,거시 일정,[발표예정] Euro Short Term Rate,FRED API
2026-07-09,보호예수 해제,"[보호예수] 앱토크롬 의무보유 해제 (1,000,000 주, 7%)",예탁결제원(PDF)
2026-07-09,거시 지표,[매크로] 🇺🇸 미국 실효연방기금금리 (기준금리) : 3.63% (발표일: 2026-07-07),FRED API
2026-07-10,보호예수 해제,"[보호예수] 세미티에스 의무보유 해제 (1,564,484 주, 5%)",예탁결제원(PDF)
2026-07-10,거시 일정,[발표예정] Historical Overnight AMERIBOR Unsecured Interest Rate,FRED API
2026-07-10,거시 지표,[매크로] 🇺🇸 미국 실효연방기금금리 (기준금리) : 3.63% (발표일: 2026-07-07),FRED API
2026-07-10,거시 일정,[발표예정] FOMC Press Release,FRED API
2026-07-10,거시 지표,[매크로] 🛒 미국 소비자물가지수(CPI) : 334 (발표일: 2026-05-01),FRED API
2026-07-10,거시 일정,[발표예정] Nikkei Indexes,FRED API
2026-07-10,오버행(잠재매도),[잠재매도] 다원시스 CB/BW 전환청구 가능 (1년 전 발행),DART(과거검색)
2026-07-10,거시 지표,[매크로] 💼 미국 실업률 : 4.2% (발표일: 2026-06-01),FRED API
2026-07-10,거시 일정,[발표예정] Euro Short Term Rate,FRED API
2026-07-10,거시 일정,[발표예정] Economic Policy Uncertainty,FRED API
2026-07-10,배당/권리락,[권리락] [한솔테크닉스] 유상증자 권리락 (정정),DART
2026-07-11,거시 지표,[매크로] 🇺🇸 미국 실효연방기금금리 (기준금리) : 3.62% (발표일: 2026-07-09),FRED API
2026-07-11,거시 지표,[매크로] 💼 미국 실업률 : 4.2% (발표일: 2026-06-01),FRED API
2026-07-11,보호예수 해제,"[보호예수] 메타케어 의무보유 해제 (700,000 주, 3%)",예탁결제원(PDF)
2026-07-11,거시 일정,[발표예정] FOMC Press Release,FRED API
2026-07-11,오버행(잠재매도),[잠재매도] 에너토크 CB/BW 전환청구 가능 (1년 전 발행),DART(과거검색)
2026-07-11,거시 지표,[매크로] 🛒 미국 소비자물가지수(CPI) : 334 (발표일: 2026-05-01),FRED API
2026-07-11,정부정책,[복지부] 2026년 생명존중 캠페인,복지부 RSS
2026-07-12,거시 지표,[매크로] 🛒 미국 소비자물가지수(CPI) : 334 (발표일: 2026-05-01),FRED API
2026-07-12,거시 지표,[매크로] 🇺🇸 미국 10년물 국채 금리 : 4.54% (발표일: 2026-07-09),FRED API
2026-07-12,거시 일정,[발표예정] FOMC Press Release,FRED API
2026-07-12,거시 지표,[매크로] 💼 미국 실업률 : 4.2% (발표일: 2026-06-01),FRED API
2026-07-13,거시 일정,[발표예정] Nikkei Indexes,FRED API
2026-07-13,거시 일정,[발표예정] FOMC Press Release,FRED API
2026-07-13,거시 지표,[매크로] 🇺🇸 미국 실효연방기금금리 (기준금리) : 3.62% (발표일: 2026-07-09),FRED API
2026-07-13,거시 지표,[매크로] 💼 미국 실업률 : 4.2% (발표일: 2026-06-01),FRED API
2026-07-13,경제 일반,[수출입] 관세청 10일 단위 수출입 동향 발표(예정)일,관세청
2026-07-13,거시 일정,[발표예정] Economic Policy Uncertainty,FRED API
2026-07-13,공모청약,[공모청약] 에이치엘지노믹스,38커뮤니케이션
2026-07-13,경제 일반,[아시아나항공] 회사합병 신주상장예정일 (정정),DART
2026-07-13,경제 일반,[한솔테크닉스] 유상증자 신주배정기준일 (정정),DART
2026-07-13,거시 일정,[발표예정] Euro Short Term Rate,FRED API
2026-07-13,거시 지표,[매크로] 🛒 미국 소비자물가지수(CPI) : 334 (발표일: 2026-05-01),FRED API
2026-07-13,신규상장,[신규상장] 레메디,38커뮤니케이션
2026-07-13,거시 일정,[발표예정] Historical Overnight AMERIBOR Unsecured Interest Rate,FRED API
2026-07-14,거시 일정,[발표예정] Nikkei Indexes,FRED API
2026-07-14,거시 지표,[매크로] 🇺🇸 미국 10년물 국채 금리 : 4.56% (발표일: 2026-07-10),FRED API
2026-07-14,거시 일정,[발표예정] Overnight Bank Funding Rate Data,FRED API
2026-07-14,오버행(잠재매도),[잠재매도] 비트맥스 CB/BW 전환청구 가능 (1년 전 발행),DART(과거검색)
2026-07-14,거시 일정,[발표예정] Economic Policy Uncertainty,FRED API
2026-07-14,거시 지표,[매크로] 🛒 미국 소비자물가지수(CPI) : 334 (발표일: 2026-05-01),FRED API
2026-07-14,거시 일정,[발표예정] Euro Short Term Rate,FRED API
2026-07-14,거시 일정,[발표예정] Gasoline and Diesel Fuel Update,FRED API
2026-07-14,보호예수 해제,"[보호예수] 지에프아이 의무보유 해제 (1,254,222 주, 16%)",예탁결제원(PDF)
2026-07-14,거시 일정,[발표예정] FOMC Press Release,FRED API
2026-07-14,정부정책,[금융위] 금융위원회 관계부처 합동 ‘경제적 위기자 자살예방대책’ 국무회의 보고,금융위 RSS
2026-07-15,보호예수 해제,"[보호예수] 엑셀세라퓨틱스 의무보유 해제 (869,631 주, 5%)",예탁결제원(PDF)
2026-07-15,경제 일반,[에스트래픽] 회사합병 합병기일,DART
2026-07-15,거시 지표,[매크로] 💼 미국 실업률 : 4.2% (발표일: 2026-06-01),FRED API
2026-07-15,거시 일정,[발표예정] Key ECB Interest Rates,FRED API
2026-07-15,거시 지표,[매크로] 🛒 미국 소비자물가지수(CPI) : 333 (발표일: 2026-06-01),FRED API
2026-07-15,배당/권리락,[권리락] [큐리오시스] 무상증자 권리락,DART
2026-07-15,거시 일정,[발표예정] Euro Short Term Rate,FRED API
2026-07-15,거시 일정,[발표예정] Federal Funds Data,FRED API
2026-07-15,정부정책,[금융위] 부실정리계획 승인,금융위 RSS
2026-07-15,거시 일정,[발표예정] Economic Policy Uncertainty,FRED API
2026-07-15,오버행(잠재매도),[잠재매도] 롤링스톤 CB/BW 전환청구 가능 (1년 전 발행),DART(과거검색)
2026-07-15,거시 일정,[발표예정] Nikkei Indexes,FRED API
2026-07-15,거시 일정,[발표예정] Empire State Manufacturing Survey,FRED API
2026-07-16,경제 일반,[큐리오시스] 무상증자 신주배정기준일,DART
2026-07-16,오버행(잠재매도),[잠재매도] 아모센스 CB/BW 전환청구 가능 (1년 전 발행),DART(과거검색)
2026-07-16,보호예수 해제,"[보호예수] 파라택시스코리아 의무보유 해제 (30,627,872 주, 29%)",예탁결제원(PDF)
2026-07-16,거시 일정,[발표예정] Advance Monthly Sales for Retail and Food Services,FRED API
2026-07-16,거시 일정,[발표예정] Business Leaders Survey,FRED API
2026-07-16,거시 일정,[발표예정] Historical Overnight AMERIBOR Unsecured Interest Rate,FRED API
2026-07-16,거시 지표,[매크로] 💼 미국 실업률 : 4.2% (발표일: 2026-06-01),FRED API
2026-07-16,거시 일정,[발표예정] Euro Short Term Rate,FRED API
2026-07-16,거시 지표,[매크로] 🇺🇸 미국 실효연방기금금리 (기준금리) : 3.63% (발표일: 2026-07-14),FRED API
2026-07-16,거시 일정,[발표예정] Economic Policy Uncertainty,FRED API
2026-07-16,거시 일정,[발표예정] Zillow Home Value Index (ZHVI),FRED API
2026-07-16,경제 일반,[상지건설] 유상증자 신주배정기준일 (정정),DART
2026-07-16,거시 일정,[발표예정] Federal Funds Data,FRED API
2026-07-17,거시 일정,[발표예정] Harmonized Indices of Consumer Prices (HICP),FRED API
2026-07-17,배당/권리락,[권리락] [티엘비] 유무상증자 권리락 (정정),DART
2026-07-17,오버행(잠재매도),[잠재매도] 파인디앤씨 CB/BW 전환청구 가능 (1년 전 발행),DART(과거검색)
2026-07-17,거시 일정,[발표예정] New Residential Construction,FRED API
2026-07-17,거시 일정,[발표예정] Euro Short Term Rate,FRED API
2026-07-17,거시 지표,[매크로] 💼 미국 실업률 : 4.2% (발표일: 2026-06-01),FRED API
2026-07-17,거시 지표,[매크로] 🛒 미국 소비자물가지수(CPI) : 333 (발표일: 2026-06-01),FRED API
2026-07-17,거시 일정,[발표예정] Federal Funds Data,FRED API
2026-07-17,거시 일정,[발표예정] G.17 Industrial Production and Capacity Utilization,FRED API
2026-07-17,거시 일정,[발표예정] Key ECB Interest Rates,FRED API
2026-07-17,거시 일정,[발표예정] Economic Policy Uncertainty,FRED API
2026-07-17,거시 일정,[발표예정] Nikkei Indexes,FRED API
2026-07-18,거시 일정,[발표예정] FOMC Press Release,FRED API
2026-07-18,거시 지표,[매크로] 💼 미국 실업률 : 4.2% (발표일: 2026-06-01),FRED API
2026-07-18,오버행(잠재매도),[잠재매도] 모아데이타 CB/BW 전환청구 가능 (1년 전 발행),DART(과거검색)
2026-07-18,거시 지표,[매크로] 🛒 미국 소비자물가지수(CPI) : 333 (발표일: 2026-06-01),FRED API
2026-07-19,거시 지표,[매크로] 💼 미국 실업률 : 4.2% (발표일: 2026-06-01),FRED API
2026-07-19,거시 지표,[매크로] 🛒 미국 소비자물가지수(CPI) : 333 (발표일: 2026-06-01),FRED API
2026-07-19,거시 일정,[발표예정] FOMC Press Release,FRED API
2026-07-19,보호예수 해제,"[보호예수] 센서뷰 의무보유 해제 (5,334,755 주, 10%)",예탁결제원(PDF)
2026-07-20,보호예수 해제,"[보호예수] 마키나락스 의무보유 해제 (1,995,141 주, 11%)",예탁결제원(PDF)
2026-07-20,거시 지표,[매크로] 🇺🇸 미국 10년물 국채 금리 : 4.57% (발표일: 2026-07-16),FRED API
2026-07-20,거시 일정,[발표예정] International Financial Statistics,FRED API
2026-07-20,거시 일정,[발표예정] Key ECB Interest Rates,FRED API
2026-07-20,거시 일정,[발표예정] FOMC Press Release,FRED API
2026-07-20,정부정책,[복지부] 지역필수의료법 시행령·시행규칙 입법예고,복지부 RSS
2026-07-20,거시 일정,[발표예정] Euro Short Term Rate,FRED API
2026-07-20,거시 지표,[매크로] 💼 미국 실업률 : 4.2% (발표일: 2026-06-01),FRED API
2026-07-21,거시 일정,[발표예정] Labor Force Participation by State,FRED API
2026-07-21,오버행(잠재매도),[잠재매도] 온코크로스 CB/BW 전환청구 가능 (1년 전 발행),DART(과거검색)
2026-07-21,거시 지표,[매크로] 🛒 미국 소비자물가지수(CPI) : 333 (발표일: 2026-06-01),FRED API
2026-07-21,거시 일정,[발표예정] Key ECB Interest Rates,FRED API
2026-07-21,보호예수 해제,"[보호예수] 블랙야크아이앤씨 의무보유 해제 (19,682,500 주, 76%)",예탁결제원(PDF)
2026-07-21,거시 일정,[발표예정] Nonmanufacturing Business Outlook Survey,FRED API
2026-07-21,거시 일정,[발표예정] Gasoline and Diesel Fuel Update,FRED API
2026-07-21,거시 일정,[발표예정] Swiss National Bank Monthly Statistical Bulletin,FRED API
2026-07-21,거시 일정,[발표예정] Federal Funds Data,FRED API
2026-07-21,거시 지표,[매크로] 💼 미국 실업률 : 4.2% (발표일: 2026-06-01),FRED API
2026-07-21,거시 일정,[발표예정] Euro Short Term Rate,FRED API
2026-07-21,거시 일정,[발표예정] Economic Policy Uncertainty,FRED API
2026-07-21,배당/권리락,[권리락] [엔젠바이오] 유상증자 권리락 (정정),DART
2026-07-21,경제 일반,[수출입] 관세청 20일 단위 수출입 동향 발표(예정)일,관세청
2026-07-21,해외학회/전시,AACR Conference on Drug Discovery,Google Alerts 4
2026-07-22,거시 일정,[발표예정] Euro Short Term Rate,FRED API
2026-07-22,거시 일정,[발표예정] Nikkei Indexes,FRED API
2026-07-22,경제 일반,[휴맥스홀딩스] 회사합병 합병기일 (정정),DART
2026-07-22,거시 지표,[매크로] 💼 미국 실업률 : 4.2% (발표일: 2026-06-01),FRED API
2026-07-22,배당/권리락,[권리락] [부스타] 무상증자 권리락,DART
2026-07-22,경제 일반,[SG] 유상증자 신주배정기준일 (정정),DART
2026-07-22,거시 지표,[매크로] 🛒 미국 소비자물가지수(CPI) : 333 (발표일: 2026-06-01),FRED API
2026-07-22,거시 일정,[발표예정] Overnight Bank Funding Rate Data,FRED API
2026-07-22,거시 일정,[발표예정] FOMC Press Release,FRED API
2026-07-22,거시 일정,[발표예정] Economic Policy Uncertainty,FRED API
2026-07-22,정부정책,[복지부] 2026년 장애인일자리-중증장애인직업재활지원사업 통합 우수사례 성과대회,복지부 RSS
2026-07-22,보호예수 해제,"[보호예수] 아스타 의무보유 해제 (754,200 주, 5%)",예탁결제원(PDF)
2026-07-23,오버행(잠재매도),[잠재매도] 마이크로디지탈 CB/BW 전환청구 가능 (1년 전 발행),DART(과거검색)
2026-07-23,거시 일정,[발표예정] Euro Short Term Rate,FRED API
2026-07-23,거시 일정,[발표예정] Key ECB Interest Rates,FRED API
2026-07-23,실적발표,테슬라 실적발표,YFINANCE
2026-07-23,거시 지표,[매크로] 🛒 미국 소비자물가지수(CPI) : 333 (발표일: 2026-06-01),FRED API
2026-07-23,실적발표,알파벳 실적발표,YFINANCE
2026-07-23,공모청약,[공모청약] 인제니아테라퓨틱스,38커뮤니케이션
2026-07-23,거시 일정,[발표예정] Nikkei Indexes,FRED API
2026-07-23,거시 일정,[발표예정] Bankrate Monitor (BRM) National Index,FRED API
2026-07-23,거시 지표,[매크로] 🇺🇸 미국 10년물 국채 금리 : 4.63% (발표일: 2026-07-21),FRED API
2026-07-23,거시 일정,[발표예정] Economic Policy Uncertainty,FRED API
2026-07-23,경제 일반,[부스타] 무상증자 신주배정기준일,DART
2026-07-24,오버행(잠재매도),[잠재매도] 이녹스 CB/BW 전환청구 가능 (1년 전 발행),DART(과거검색)
2026-07-24,거시 지표,[매크로] 🇺🇸 미국 실효연방기금금리 (기준금리) : 3.63% (발표일: 2026-07-22),FRED API
2026-07-24,신규상장,[신규상장] 에이치엘지노믹스,38커뮤니케이션
2026-07-24,거시 일정,[발표예정] Nikkei Indexes,FRED API
2026-07-24,거시 일정,[발표예정] Key ECB Interest Rates,FRED API
2026-07-24,거시 일정,[발표예정] Federal Funds Data,FRED API
2026-07-24,거시 일정,[발표예정] Housing Units Authorized By Building Permits,FRED API
2026-07-24,거시 일정,[발표예정] Euro Short Term Rate,FRED API
2026-07-24,거시 일정,[발표예정] New Residential Sales,FRED API
2026-07-24,보호예수 해제,"[보호예수] 데이원컴퍼니 의무보유 해제 (396,439 주, 3%)",예탁결제원(PDF)
2026-07-24,배당/권리락,[권리락] [RF머트리얼즈] 무상증자 권리락,DART
2026-07-24,거시 일정,[발표예정] Economic Policy Uncertainty,FRED API
2026-07-24,배당/권리락,[권리락] [한울반도체] 유상증자 권리락 (정정),DART
2026-07-24,거시 지표,[매크로] 💼 미국 실업률 : 4.2% (발표일: 2026-06-01),FRED API
2026-07-25,오버행(잠재매도),[잠재매도] 한국유니온제약 CB/BW 전환청구 가능 (1년 전 발행),DART(과거검색)
2026-07-25,보호예수 해제,"[보호예수] 엑스페릭스 의무보유 해제 (1,660,577 주, 5%)",예탁결제원(PDF)
2026-07-25,거시 지표,[매크로] 🇺🇸 미국 실효연방기금금리 (기준금리) : 3.63% (발표일: 2026-07-23),FRED API
2026-07-25,거시 일정,[발표예정] FOMC Press Release,FRED API
2026-07-25,거시 지표,[매크로] 💼 미국 실업률 : 4.2% (발표일: 2026-06-01),FRED API
2026-07-26,거시 지표,[매크로] 🇺🇸 미국 10년물 국채 금리 : 4.71% (발표일: 2026-07-23),FRED API
2026-07-26,거시 일정,[발표예정] FOMC Press Release,FRED API
2026-07-26,거시 지표,[매크로] 💼 미국 실업률 : 4.2% (발표일: 2026-06-01),FRED API
2026-07-26,거시 지표,[매크로] 🛒 미국 소비자물가지수(CPI) : 333 (발표일: 2026-06-01),FRED API
2026-07-27,거시 일정,[발표예정] Euro Short Term Rate,FRED API
2026-07-27,배당/권리락,[권리락] [계양전기] 유상증자 권리락 (정정),DART
2026-07-27,거시 지표,[매크로] 💼 미국 실업률 : 4.2% (발표일: 2026-06-01),FRED API
2026-07-27,거시 일정,[발표예정] Nikkei Indexes,FRED API
2026-07-27,거시 지표,[매크로] 🇺🇸 미국 10년물 국채 금리 : 4.71% (발표일: 2026-07-23),FRED API
2026-07-27,경제 일반,[RF머트리얼즈] 무상증자 신주배정기준일,DART
2026-07-27,거시 일정,"[발표예정] Manufacturer's Shipments, Inventories, and Orders (M3) Survey",FRED API
2026-07-27,거시 일정,[발표예정] Economic Policy Uncertainty,FRED API
2026-07-27,보호예수 해제,"[보호예수] 파로스아이바이오 의무보유 해제 (4,221,000 주, 33%)",예탁결제원(PDF)
2026-07-27,거시 일정,[발표예정] Overnight Bank Funding Rate Data,FRED API
2026-07-27,거시 일정,[발표예정] FOMC Press Release,FRED API
2026-07-27,거시 지표,[매크로] 🛒 미국 소비자물가지수(CPI) : 333 (발표일: 2026-06-01),FRED API
2026-07-27,공모청약,[공모청약] 케이앤에스아이앤씨,38커뮤니케이션
2026-07-28,거시 일정,[발표예정] Housing Vacancies and Homeownership,FRED API
2026-07-28,거시 일정,[발표예정] Euro Short Term Rate,FRED API
2026-07-28,거시 지표,[매크로] 🇺🇸 미국 10년물 국채 금리 : 4.69% (발표일: 2026-07-24),FRED API
2026-07-28,거시 일정,[발표예정] Historical Overnight AMERIBOR Unsecured Interest Rate,FRED API
2026-07-28,실적발표,SK하이닉스 실적발표,YFINANCE
2026-07-28,거시 일정,[발표예정] Gasoline and Diesel Fuel Update,FRED API
2026-07-28,거시 일정,[발표예정] FOMC Press Release,FRED API
2026-07-28,경제 일반,[뉴온] 유상증자 신주상장예정일,DART
2026-07-28,거시 일정,[발표예정] GDPNow,FRED API
2026-07-28,경제 일반,[계양전기] 유상증자 신주배정기준일 (정정),DART
2026-07-28,거시 일정,[발표예정] Advance Economic Indicators,FRED API
2026-07-28,오버행(잠재매도),[잠재매도] 성호전자 CB/BW 전환청구 가능 (1년 전 발행),DART(과거검색)
2026-07-28,거시 일정,[발표예정] House Price Index,FRED API
2026-07-29,거시 일정,[발표예정] Chicago Fed National Financial Conditions Index,FRED API
2026-07-29,거시 일정,미국 FOMC 금리결정 발표 ★,정적 캘린더
2026-07-29,경제 일반,[한양증권] 유상증자 신주상장예정일 (정정),DART
2026-07-29,보호예수 해제,"[보호예수] 져스텍 의무보유 해제 (1,513,980 주, 13%)",예탁결제원(PDF)
2026-07-29,오버행(잠재매도),[잠재매도] 흥국에프엔비 CB/BW 전환청구 가능 (1년 전 발행),DART(과거검색)
2026-07-29,배당/권리락,[권리락] [유진테크놀로지] 무상증자 권리락,DART
2026-07-29,거시 일정,[발표예정] Euro Short Term Rate,FRED API
2026-07-29,거시 일정,[발표예정] Nikkei Indexes,FRED API
2026-07-29,거시 지표,[매크로] 💼 미국 실업률 : 4.2% (발표일: 2026-06-01),FRED API
2026-07-29,거시 일정,[발표예정] Economic Policy Uncertainty,FRED API
2026-07-29,거시 일정,[발표예정] Overnight Bank Funding Rate Data,FRED API
2026-07-29,거시 지표,[매크로] 🇺🇸 미국 실효연방기금금리 (기준금리) : 3.63% (발표일: 2026-07-27),FRED API
2026-07-29,실적발표,삼성전자 실적발표,YFINANCE
2026-07-30,거시 일정,[발표예정] Nikkei Indexes,FRED API
2026-07-30,경제 일반,[유진테크놀로지] 무상증자 신주배정기준일,DART
2026-07-30,거시 일정,[발표예정] Personal Income and Outlays,FRED API
2026-07-30,거시 일정,[발표예정] FOMC Press Release,FRED API
2026-07-30,거시 일정,[발표예정] Euro Short Term Rate,FRED API
2026-07-30,거시 지표,[매크로] 🛒 미국 소비자물가지수(CPI) : 333 (발표일: 2026-06-01),FRED API
2026-07-30,실적발표,마이크로소프트 실적발표,YFINANCE
2026-07-30,정부정책,[대한민국정부] 충청권 초광역 협력 오찬 간담회,korea.kr 파서
2026-07-30,거시 일정,[발표예정] GDPNow,FRED API
2026-07-30,거시 일정,[발표예정] Overnight Bank Funding Rate Data,FRED API
2026-07-30,거시 지표,[매크로] 🇺🇸 미국 10년물 국채 금리 : 4.61% (발표일: 2026-07-28),FRED API
2026-07-30,실적발표,메타 실적발표,YFINANCE
2026-07-30,보호예수 해제,"[보호예수] 네오리진 의무보유 해제 (2,650,000 주, 5%)",예탁결제원(PDF)
2026-07-30,오버행(잠재매도),[잠재매도] 코미팜 CB/BW 전환청구 가능 (1년 전 발행),DART(과거검색)
2026-07-30,공모청약,[공모청약] 인제니아테라퓨틱스,38커뮤니케이션
2026-07-31,거시 일정,[발표예정] Economic Policy Uncertainty,FRED API
2026-07-31,거시 일정,[발표예정] Federal Funds Data,FRED API
2026-07-31,거시 일정,[발표예정] Employment Cost Index,FRED API
2026-07-31,경제 일반,[케이바이오랩스] 유상증자 신주상장예정일,DART
2026-07-31,정부정책,[대한민국정부] 디자인 개발 현장 방문 및 간담회,korea.kr 파서
2026-07-31,정부정책,[금융위] 제14차 금융위원회 조치 의결,금융위 RSS
2026-07-31,거시 일정,[발표예정] Nikkei Indexes,FRED API
2026-07-31,실적발표,아마존 실적발표,YFINANCE
2026-07-31,거시 지표,[매크로] 💼 미국 실업률 : 4.2% (발표일: 2026-06-01),FRED API
2026-07-31,거시 일정,[발표예정] Key ECB Interest Rates,FRED API
2026-07-31,오버행(잠재매도),[잠재매도] 케이피항공산업 CB/BW 전환청구 가능 (1년 전 발행),DART(과거검색)
2026-07-31,거시 일정,[발표예정] Euro Short Term Rate,FRED API
2026-07-31,거시 지표,[매크로] 🇺🇸 미국 실효연방기금금리 (기준금리) : 3.63% (발표일: 2026-07-29),FRED API
2026-07-31,실적발표,애플 실적발표,YFINANCE
2026-08-01,보호예수 해제,"[보호예수] 레이저옵텍 의무보유 해제 (2,630,754 주, 18%)",예탁결제원(PDF)
2026-08-01,오버행(잠재매도),[잠재매도] 에스아이리소스 CB/BW 전환청구 가능 (1년 전 발행),DART(과거검색)
2026-08-01,보호예수 해제,"[보호예수] 대한조선 의무보유 해제 (8,885,923 주, 23%)",예탁결제원(PDF)
2026-08-01,보호예수 해제,"[보호예수] 매드업 의무보유 해제 (2,563,800 주, 14%)",예탁결제원(PDF)
2026-08-01,거시 일정,[발표예정] FOMC Press Release,FRED API
2026-08-01,거시 지표,[매크로] 🇺🇸 미국 10년물 국채 금리 : 4.68% (발표일: 2026-07-30),FRED API
2026-08-01,거시 지표,[매크로] 🛒 미국 소비자물가지수(CPI) : 333 (발표일: 2026-06-01),FRED API
2026-08-02,거시 지표,[매크로] 💼 미국 실업률 : 4.2% (발표일: 2026-06-01),FRED API
2026-08-02,거시 일정,[발표예정] FOMC Press Release,FRED API
2026-08-02,거시 지표,[매크로] 🇺🇸 미국 실효연방기금금리 (기준금리) : 3.63% (발표일: 2026-07-30),FRED API
2026-08-03,거시 지표,[매크로] 🛒 미국 소비자물가지수(CPI) : 333 (발표일: 2026-06-01),FRED API
2026-08-03,정부정책,[대한민국정부] 제5회 기상-인공지능 활용 역량 강화 과정,korea.kr 파서
2026-08-03,거시 일정,[발표예정] Construction Spending,FRED API
2026-08-03,정부정책,[대한민국정부] 우주항공청 인사(2026. 8. 3.),korea.kr 파서
2026-08-03,정부정책,[금융위] 중복상장 제도개선 방안 시행,금융위 RSS
2026-08-03,경제 일반,[비비안] 무상증자 신주배정기준일,DART
2026-08-03,거시 일정,[발표예정] Economic Policy Uncertainty,FRED API
2026-08-03,거시 일정,[발표예정] Financial Soundness Indicators,FRED API
2026-08-03,경제 일반,[수출입] 관세청 월간 수출입 동향 발표(예정)일,관세청
2026-08-03,거시 일정,[발표예정] Euro Short Term Rate,FRED API
2026-08-03,공모청약,[공모청약] 딜리셔스,38커뮤니케이션
2026-08-03,보호예수 해제,"[보호예수] 시지트로닉스 의무보유 해제 (1,362,600 주, 21%)",예탁결제원(PDF)
2026-08-03,경제 일반,[한양증권] 유상증자 신주상장예정일 (정정),DART
2026-08-03,거시 지표,[매크로] 🇺🇸 미국 10년물 국채 금리 : 4.68% (발표일: 2026-07-30),FRED API
2026-08-03,거시 일정,[발표예정] Historical Overnight AMERIBOR Unsecured Interest Rate,FRED API
2026-08-03,거시 일정,[발표예정] FOMC Press Release,FRED API
2026-08-04,해외학회/전시,IFA 2026,Google Alerts 3
2026-08-04,배당/권리락,[권리락] [한울반도체] 유상증자 권리락 (정정),DART
2026-08-04,보호예수 해제,"[보호예수] 메이슨캐피탈 의무보유 해제 (2,000,000 주, 9%)",예탁결제원(PDF)
2026-08-04,거시 지표,[매크로] 🛒 미국 소비자물가지수(CPI) : 333 (발표일: 2026-06-01),FRED API
2026-08-04,경제 일반,[플레이그램] 유상증자 신주상장예정일,DART
2026-08-04,거시 일정,[발표예정] Euro Short Term Rate,FRED API
2026-08-04,거시 지표,[매크로] 🇺🇸 미국 10년물 국채 금리 : 4.75% (발표일: 2026-07-31),FRED API
2026-08-04,정부정책,[복지부] 제23회 대한민국 아동총회,복지부 RSS
2026-08-04,배당/권리락,[권리락] [HLB제약] 유상증자 권리락 (정정),DART
2026-08-04,공모청약,[공모청약] 케이앤에스아이앤씨,38커뮤니케이션
2026-08-04,거시 지표,[매크로] 💼 미국 실업률 : 4.20% (발표일: 2026-06-01),FRED API
2026-08-05,거시 지표,[매크로] 🛒 미국 소비자물가지수(CPI) : 333 (발표일: 2026-06-01),FRED API
2026-08-05,경제 일반,[핑거스토리] 유상증자 신주상장예정일 (정정),DART
2026-08-05,거시 일정,[발표예정] Euro Short Term Rate,FRED API
2026-08-05,정부정책,[대한민국정부] 없음,korea.kr 파서
2026-08-05,거시 지표,[매크로] 💼 미국 실업률 : 4.20% (발표일: 2026-06-01),FRED API
2026-08-05,정부정책,[대한민국정부] 「(해양수산부)자연재난 복구비용 산정기준(단가) 고시」 개정,korea.kr 파서
2026-08-05,정부정책,[대한민국정부] 방송영상 데이터 개방 내역,korea.kr 파서
2026-08-05,경제 일반,[HLB제약] 유상증자 신주배정기준일 (정정),DART
2026-08-05,배당/권리락,[권리락] [알테오젠] 무상증자 권리락 (정정),DART
2026-08-05,오버행(잠재매도),[잠재매도] 엠케이전자 CB/BW 전환청구 가능 (1년 전 발행),DART(과거검색)
2026-08-05,공모청약,[공모청약] 빅웨이브로보틱스,38커뮤니케이션
2026-08-05,보호예수 해제,"[보호예수] 지아이에스 의무보유 해제 (1,550,389 주, 3%)",예탁결제원(PDF)
2026-08-05,공모청약,[공모청약] 니어스랩,38커뮤니케이션
2026-08-05,오버행(잠재매도),[잠재매도] 한창제지 CB/BW 전환청구 가능 (1년 전 발행),DART(과거검색)
2026-08-06,보호예수 해제,"[보호예수] 엑스플러스 의무보유 해제 (1,828,153 주, 7%)",예탁결제원(PDF)
2026-08-06,보호예수 해제,"[보호예수] 아이빔테크놀로지 의무보유 해제 (875,000 주, 6%)",예탁결제원(PDF)
2026-08-06,경제 일반,[뉴로메카] 유무상증자 신주배정기준일 (정정),DART
2026-08-06,경제 일반,[제이에스링크] 유상증자 신주상장예정일,DART
2026-08-06,보호예수 해제,"[보호예수] 레몬헬스케어 의무보유 해제 (2,287,012 주, 17%)",예탁결제원(PDF)
2026-08-06,배당/권리락,[권리락] [티앤엘] 무상증자 권리락 (정정),DART
2026-08-06,오버행(잠재매도),[잠재매도] 엑스페릭스 CB/BW 전환청구 가능 (1년 전 발행),DART(과거검색)
2026-08-06,보호예수 해제,"[보호예수] 스튜디오삼익 의무보유 해제 (3,105,000 주, 27%)",예탁결제원(PDF)
2026-08-06,공모청약,[공모청약] 해치텍,38커뮤니케이션
2026-08-06,실적발표,[카카오] 실적발표,YFINANCE
2026-08-06,오버행(잠재매도),[잠재매도] 캔버스엔 CB/BW 전환청구 가능 (1년 전 발행),DART(과거검색)
2026-08-07,오버행(잠재매도),[잠재매도] 대진첨단소재 CB/BW 전환청구 가능 (1년 전 발행),DART(과거검색)
2026-08-07,실적발표,[네이버] 실적발표,YFINANCE
2026-08-07,정부정책,[대한민국정부] 폭염대응 비상대책본부 구성·운영,korea.kr 파서
2026-08-07,거시 일정,[발표예정] Economic Policy Uncertainty,FRED API
2026-08-07,보호예수 해제,"[보호예수] 에스앤더블류 의무보유 해제 (3,641,309 주, 51%)",예탁결제원(PDF)
2026-08-07,거시 일정,[발표예정] Employment Situation,FRED API
2026-08-07,거시 지표,[매크로] 🛒 미국 소비자물가지수(CPI) : 333 (발표일: 2026-06-01),FRED API
2026-08-07,거시 일정,[발표예정] Federal Funds Data,FRED API
2026-08-07,오버행(잠재매도),[잠재매도] 피아이이 CB/BW 전환청구 가능 (1년 전 발행),DART(과거검색)
2026-08-07,거시 일정,[발표예정] Euro Short Term Rate,FRED API
2026-08-07,경제 일반,[남성] 무상증자 신주상장예정일 (정정),DART
2026-08-07,거시 일정,[발표예정] Key ECB Interest Rates,FRED API
2026-08-07,경제 일반,[블루산업개발] 유상증자 신주상장예정일 (정정),DART
2026-08-07,거시 지표,[매크로] 💼 미국 실업률 : 4.10% (발표일: 2026-07-01),FRED API
2026-08-07,보호예수 해제,"[보호예수] 파두 의무보유 해제 (10,238,000 주, 20%)",예탁결제원(PDF)
2026-08-07,경제 일반,[삼부토건] 유상증자 신주상장예정일 (정정),DART
2026-08-07,거시 일정,[발표예정] Nikkei Indexes,FRED API
2026-08-08,정부정책,[대한민국정부] 생생生生 일자리 대화,korea.kr 파서
2026-08-08,보호예수 해제,"[보호예수] 지놈앤컴퍼니 의무보유 해제 (6,900,732 주, 13%)",예탁결제원(PDF)
2026-08-08,거시 일정,[발표예정] FOMC Press Release,FRED API
2026-08-08,거시 지표,[매크로] 🇺🇸 미국 10년물 국채 금리 : 4.69% (발표일: 2026-08-06),FRED API
2026-08-08,오버행(잠재매도),[잠재매도] 트리니티항공 CB/BW 전환청구 가능 (1년 전 발행),DART(과거검색)
2026-08-08,보호예수 해제,"[보호예수] 필옵틱스 의무보유 해제 (513,015 주, 2%)",예탁결제원(PDF)
2026-08-08,보호예수 해제,"[보호예수] 피스피스스튜디오 의무보유 해제 (707,135 주, 5%)",예탁결제원(PDF)
2026-08-08,경제 일반,[세기상사] 회사합병 합병기일 (정정),DART
2026-08-09,거시 지표,[매크로] 💼 미국 실업률 : 4.10% (발표일: 2026-07-01),FRED API
2026-08-09,정부정책,[대한민국정부] 폭염 재난 대응 중대본 회의,korea.kr 파서
2026-08-09,거시 지표,[매크로] 🛒 미국 소비자물가지수(CPI) : 333 (발표일: 2026-06-01),FRED API
2026-08-10,보호예수 해제,"[보호예수] 큐리옥스바이오시스템즈 의무보유 해제 (2,368,680 주, 14%)",예탁결제원(PDF)
2026-08-10,보호예수 해제,"[보호예수] 세미티에스 의무보유 해제 (2,377,629 주, 8%)",예탁결제원(PDF)
2026-08-10,경제 일반,[남성] 무상증자 신주상장예정일,DART
2026-08-10,경제 일반,[우성머티리얼스] 유상증자 신주상장예정일,DART
2026-08-10,경제 일반,[이노진] 유상증자 신주상장예정일 (정정),DART
2026-08-11,정부정책,[대한민국정부] 개정 하도급법 시행,korea.kr 파서
2026-08-11,경제 일반,[수출입] 관세청 10일 단위 수출입 동향 발표(예정)일,관세청
2026-08-11,정부정책,"[대한민국정부] 국제교류전시 그리스, 바다가 빚은 위대한 문명",korea.kr 파서
2026-08-11,보호예수 해제,"[보호예수] 코스모로보틱스 의무보유 해제 (299,731 주, 1%)",예탁결제원(PDF)
2026-08-11,거시 지표,[매크로] 🛒 미국 소비자물가지수(CPI) : 333 (발표일: 2026-06-01),FRED API
2026-08-11,거시 지표,[매크로] 💼 미국 실업률 : 4.10% (발표일: 2026-07-01),FRED API
2026-08-11,공모청약,[공모청약] 기도산업,38커뮤니케이션
2026-08-11,경제 일반,[푸드나무] 유상증자 신주상장예정일 (정정),DART
2026-08-11,보호예수 해제,"[보호예수] 테크엘 의무보유 해제 (2,242,990 주, 10%)",예탁결제원(PDF)
2026-08-11,오버행(잠재매도),[잠재매도] 한울소재과학 CB/BW 전환청구 가능 (1년 전 발행),DART(과거검색)
2026-08-12,보호예수 해제,"[보호예수] 리튬포어스 의무보유 해제 (902,256 주, 8%)",예탁결제원(PDF)
2026-08-12,거시 일정,[발표예정] Nikkei Indexes,FRED API
2026-08-12,거시 일정,미국 7월 소비자물가지수 (CPI) 발표,정적 캘린더
2026-08-12,정부정책,[대한민국정부] 추석 명절 대비 전국 전통시장 소방용수시설·비상소화장치 일제점검,korea.kr 파서
2026-08-12,오버행(잠재매도),[잠재매도] 아이톡시 CB/BW 전환청구 가능 (1년 전 발행),DART(과거검색)
2026-08-12,공모청약,[공모청약] 해치텍,38커뮤니케이션
2026-08-12,공모청약,[공모청약] 니어스랩,38커뮤니케이션
2026-08-12,거시 지표,[매크로] 🇺🇸 미국 10년물 국채 금리 : 4.72% (발표일: 2026-08-10),FRED API
2026-08-12,거시 일정,[발표예정] Consumer Price Index,FRED API
2026-08-12,거시 일정,[발표예정] Economic Policy Uncertainty,FRED API
2026-08-12,경제 일반,[에이전트AI] 유상증자 신주상장예정일,DART
2026-08-12,신규상장,[신규상장] 딜리셔스,38커뮤니케이션
2026-08-12,거시 일정,[발표예정] Euro Short Term Rate,FRED API
2026-08-12,거시 일정,[발표예정] Key ECB Interest Rates,FRED API
2026-08-12,오버행(잠재매도),[잠재매도] 파라텍 CB/BW 전환청구 가능 (1년 전 발행),DART(과거검색)
2026-08-12,배당/권리락,[권리락] [이렘] 유상증자 권리락 (정정),DART
2026-08-12,거시 일정,[발표예정] Federal Funds Data,FRED API
2026-08-12,보호예수 해제,"[보호예수] 아이에스티이 의무보유 해제 (552,000 주, 6%)",예탁결제원(PDF)
2026-08-12,거시 지표,[매크로] 🛒 미국 소비자물가지수(CPI) : 333 (발표일: 2026-06-01),FRED API
2026-08-13,보호예수 해제,"[보호예수] 레메디 의무보유 해제 (141,036 주, 2%)",예탁결제원(PDF)
2026-08-13,해외학회/전시,SNO/ASCO CNS Metastases Conference,Google Alerts 4
2026-08-13,공모청약,[공모청약] 빅웨이브로보틱스,38커뮤니케이션
2026-08-13,공모청약,[공모청약] 스카이랩스,38커뮤니케이션
2026-08-13,경제 일반,[씨엑스아이] 유상증자 신주상장예정일,DART
2026-08-13,신규상장,[신규상장] 케이앤에스아이앤,38커뮤니케이션
2026-08-13,정부정책,[대한민국정부] 「해양수도권 조성 및 공동 투자유치 활성화를 위한 상생협약(MOU)」 체결,korea.kr 파서
2026-08-13,파생만기,[파생만기] 2026년 8월 옵션 만기일,정적계산
2026-08-14,경제 일반,[부스타] 무상증자 신주상장예정일,DART
2026-08-14,신규상장,[신규상장] 케이앤에스아이앤,38커뮤니케이션
2026-08-14,거시 일정,[발표예정] Euro Short Term Rate,FRED API
2026-08-14,거시 지표,[매크로] 💼 미국 실업률 : 4.10% (발표일: 2026-07-01),FRED API
2026-08-14,거시 일정,[발표예정] National Accounts - GDP (Eurostat),FRED API
2026-08-14,거시 일정,[발표예정] Monthly Retail Trade and Food Services,FRED API
2026-08-14,경제 일반,[미래산업] 유상증자 신주상장예정일 (정정),DART
2026-08-14,정부정책,[대한민국정부] 국방부와 방위사업청 조직 보강 (직제 개정안 시행),korea.kr 파서
2026-08-14,정부정책,[대한민국정부] 건설현장·물류센터 등 폭염 취약사업장 집중점검,korea.kr 파서
2026-08-14,오버행(잠재매도),[잠재매도] 위츠 CB/BW 전환청구 가능 (1년 전 발행),DART(과거검색)
2026-08-14,정부정책,"[대한민국정부] ""대한민국 인공지능 윤리원칙"" 대토론회 개최",korea.kr 파서
2026-08-14,정부정책,[대한민국정부] 2026년 무궁화 우수분화 품평회 온라인 국민평가,korea.kr 파서
2026-08-14,거시 지표,[매크로] 🇺🇸 미국 실효연방기금금리 (기준금리) : 3.63% (발표일: 2026-08-12),FRED API
2026-08-14,정부정책,[대한민국정부] 전국 165개 지역소통담당관을 통한 현장상황 일제 점검 및 기술지원 추진,korea.kr 파서
2026-08-14,보호예수 해제,"[보호예수] 롤링스톤 의무보유 해제 (3,232,758 주, 39%)",예탁결제원(PDF)
2026-08-14,보호예수 해제,"[보호예수] 지투지바이오 의무보유 해제 (501,477 주, 3%)",예탁결제원(PDF)
2026-08-14,보호예수 해제,"[보호예수] 폴레드 의무보유 해제 (4,293,433 주, 17%)",예탁결제원(PDF)
2026-08-14,정부정책,[금융위] 하반기 영세·중소가맹점 우대수수료율 적용,금융위 RSS
2026-08-14,보호예수 해제,"[보호예수] 지슨 의무보유 해제 (871,185 주, 8%)",예탁결제원(PDF)
2026-08-14,거시 일정,[발표예정] Key ECB Interest Rates,FRED API
2026-08-14,거시 일정,[발표예정] Federal Funds Data,FRED API
2026-08-15,정부정책,[대한민국정부] 입체 영상(홀로그램) 상설 전시관 개소식 개최,korea.kr 파서
2026-08-15,정부정책,[대한민국정부] 연휴 기간 호우 대비 관계기관 대응 태세 점검,korea.kr 파서
2026-08-16,정부정책,[대한민국정부] 해안가 저지대 침수 대비와 갯바위 등 위험지역의 사전 통제,korea.kr 파서
2026-08-16,거시 지표,[매크로] 🇺🇸 미국 10년물 국채 금리 : 4.63% (발표일: 2026-08-13),FRED API
2026-08-16,거시 일정,[발표예정] FOMC Press Release,FRED API
2026-08-18,거시 일정,[발표예정] New Residential Construction,FRED API
2026-08-18,경제 일반,[한울앤제주] 유상증자 신주상장예정일 (정정),DART
2026-08-18,정부정책,[대한민국정부] 거제 등 남부지방 호우 피해 지역 중소기업에 대한 신속한 세정지원 실시,korea.kr 파서
2026-08-18,보호예수 해제,"[보호예수] 삼양컴텍 의무보유 해제 (24,002,540 주, 58%)",예탁결제원(PDF)
2026-08-18,거시 일정,[발표예정] Economic Policy Uncertainty,FRED API
2026-08-18,거시 일정,[발표예정] Federal Funds Data,FRED API
2026-08-18,거시 지표,[매크로] 💼 미국 실업률 : 4.10% (발표일: 2026-07-01),FRED API
2026-08-18,정부정책,[대한민국정부] HD현대중공업 고강도 감독 착수,korea.kr 파서
2026-08-18,거시 일정,[발표예정] Key ECB Interest Rates,FRED API
2026-08-18,신규상장,[신규상장] 인제니아테라퓨틱,38커뮤니케이션
2026-08-18,거시 지표,[매크로] 🇺🇸 미국 실효연방기금금리 (기준금리) : 3.63% (발표일: 2026-08-14),FRED API
2026-08-18,오버행(잠재매도),[잠재매도] 라온텍 CB/BW 전환청구 가능 (1년 전 발행),DART(과거검색)
2026-08-18,경제 일반,[한국유니온제약] 유상증자 신주상장예정일 (정정),DART
2026-08-18,거시 일정,[발표예정] Business Leaders Survey,FRED API
2026-08-18,거시 일정,[발표예정] Euro Short Term Rate,FRED API
2026-08-18,보호예수 해제,"[보호예수] 풍전약품 의무보유 해제 (1,342,281 주, 14%)",예탁결제원(PDF)
2026-08-18,거시 일정,[발표예정] Gasoline and Diesel Fuel Update,FRED API
2026-08-19,거시 일정,[발표예정] Harmonized Indices of Consumer Prices (HICP),FRED API
2026-08-19,거시 일정,[발표예정] Historical Overnight AMERIBOR Unsecured Interest Rate,FRED API
2026-08-19,정부정책,[금융위] 2026 금융권 공동채용 박람회,금융위 RSS
2026-08-19,보호예수 해제,"[보호예수] 에스엔시스 의무보유 해제 (804,037 주, 9%)",예탁결제원(PDF)
2026-08-19,거시 일정,[발표예정] Chicago Fed National Financial Conditions Index,FRED API
2026-08-19,경제 일반,[오에스피] 유상증자 신주상장예정일,DART
2026-08-19,거시 일정,[발표예정] Economic Policy Uncertainty,FRED API
2026-08-19,거시 일정,[발표예정] Euro Short Term Rate,FRED API
2026-08-19,거시 일정,[발표예정] Nikkei Indexes,FRED API
2026-08-19,거시 지표,[매크로] 💼 미국 실업률 : 4.10% (발표일: 2026-07-01),FRED API
2026-08-19,오버행(잠재매도),[잠재매도] 자연과환경 CB/BW 전환청구 가능 (1년 전 발행),DART(과거검색)
2026-08-19,거시 지표,[매크로] 🇺🇸 미국 실효연방기금금리 (기준금리) : 3.63% (발표일: 2026-08-17),FRED API
2026-08-19,해외학회/전시,Emerging Growth Conference 95,Google Alerts 3
2026-08-19,정부정책,[대한민국정부] 2026년 상반기 우수 심사·심판관 품질경연 시상식,korea.kr 파서
2026-08-19,거시 일정,[발표예정] FOMC Press Release,FRED API
2026-08-20,보호예수 해제,"[보호예수] 케이쓰리아이 의무보유 해제 (3,426,000 주, 46%)",예탁결제원(PDF)
2026-08-20,경제 일반,[알테오젠] 무상증자 신주상장예정일,DART
2026-08-20,경제 일반,[비비안] 무상증자 신주상장예정일 (정정),DART
2026-08-20,오버행(잠재매도),[잠재매도] HLB CB/BW 전환청구 가능 (1년 전 발행),DART(과거검색)
2026-08-20,보호예수 해제,"[보호예수] 포커스에이아이 의무보유 해제 (1,514,386 주, 4%)",예탁결제원(PDF)
2026-08-20,오버행(잠재매도),[잠재매도] 삼성제약 CB/BW 전환청구 가능 (1년 전 발행),DART(과거검색)
2026-08-20,정부정책,[금융위] 가상자산사업자 신고제 강화 및 자금세탁방지 의무 관련 법규 시행,금융위 RSS
2026-08-20,정부정책,[복지부] 국립대학병원 및 국립대학치과병원 설치법 시행령 개정 시행,복지부 RSS
2026-08-20,보호예수 해제,"[보호예수] 마키나락스 의무보유 해제 (399,124 주, 2%)",예탁결제원(PDF)
2026-08-20,경제 일반,[아이큐어] 유상증자 신주상장예정일,DART
2026-08-21,경제 일반,[한울앤제주] 유상증자 신주상장예정일 (정정),DART
2026-08-21,거시 일정,[발표예정] Swiss National Bank Monthly Statistical Bulletin,FRED API
2026-08-21,정부정책,[대한민국정부] 고민수 상임위원을 방송미디어통신위원회 부위원장으로 선출 및 임기 시작,korea.kr 파서
2026-08-21,경제 일반,[디와이디] 유상증자 신주상장예정일 (정정),DART
2026-08-21,거시 일정,[발표예정] Economic Policy Uncertainty,FRED API
2026-08-21,거시 일정,[발표예정] Key ECB Interest Rates,FRED API
2026-08-21,신규상장,[신규상장] 기도산업,38커뮤니케이션
2026-08-21,오버행(잠재매도),[잠재매도] 알비더블유 CB/BW 전환청구 가능 (1년 전 발행),DART(과거검색)
2026-08-21,오버행(잠재매도),[잠재매도] 오에스피 CB/BW 전환청구 가능 (1년 전 발행),DART(과거검색)
2026-08-21,보호예수 해제,"[보호예수] 나노실리칸첨단소재 의무보유 해제 (5,747,125 주, 18%)",예탁결제원(PDF)
2026-08-21,정부정책,[대한민국정부] 출력상승시험 등 후속검사를 통한 새울 1호기 안전성 최종 확인,korea.kr 파서
2026-08-21,경제 일반,[수출입] 관세청 20일 단위 수출입 동향 발표(예정)일,관세청
2026-08-21,정부정책,[대한민국정부] 글로벌 디아스포라 청년 포럼,korea.kr 파서
2026-08-21,거시 일정,[발표예정] Nikkei Indexes,FRED API
2026-08-21,거시 지표,[매크로] 🇺🇸 미국 10년물 국채 금리 : 4.65% (발표일: 2026-08-19),FRED API
2026-08-21,정부정책,[대한민국정부] 한국공정거래조정원·한국산업조직학회·산업연구원 공동 학술대회 개최,korea.kr 파서
2026-08-21,경제 일반,[한주에이알티] 유상증자 신주상장예정일 (정정),DART
2026-08-21,정부정책,[대한민국정부] 위탁병원 이용 연령 확대 등 법률 개정안 국회 본회의 통과,korea.kr 파서
2026-08-21,거시 일정,[발표예정] FOMC Press Release,FRED API
2026-08-21,거시 일정,[발표예정] Secured Overnight Financing Rate Data,FRED API
2026-08-21,거시 일정,[발표예정] Labor Force Participation by State,FRED API
2026-08-21,정부정책,[대한민국정부] 네덜란드 헤이그 시장 얀 판자넌 방한 첫 일정으로 이준 열사 묘역 참배,korea.kr 파서
2026-08-22,거시 일정,[발표예정] FOMC Press Release,FRED API
2026-08-22,거시 지표,[매크로] 💼 미국 실업률 : 4.10% (발표일: 2026-07-01),FRED API
2026-08-22,보호예수 해제,"[보호예수] 제이에스링크 의무보유 해제 (810,373 주, 2%)",예탁결제원(PDF)
2026-08-22,거시 지표,[매크로] 🛒 미국 소비자물가지수(CPI) : 333 (발표일: 2026-07-01),FRED API
2026-08-22,오버행(잠재매도),[잠재매도] 아이큐어 CB/BW 전환청구 가능 (1년 전 발행),DART(과거검색)
2026-08-22,보호예수 해제,"[보호예수] 유니트론텍 의무보유 해제 (1,763,979 주, 9%)",예탁결제원(PDF)
2026-08-22,보호예수 해제,"[보호예수] 엠83 의무보유 해제 (2,431,000 주, 30%)",예탁결제원(PDF)
2026-08-22,오버행(잠재매도),[잠재매도] 코아스 CB/BW 전환청구 가능 (1년 전 발행),DART(과거검색)
2026-08-22,오버행(잠재매도),[잠재매도] 이삭엔지니어링 CB/BW 전환청구 가능 (1년 전 발행),DART(과거검색)
2026-08-23,거시 지표,[매크로] 🇺🇸 미국 10년물 국채 금리 : 4.69% (발표일: 2026-08-20),FRED API
2026-08-23,보호예수 해제,"[보호예수] 이엔셀 의무보유 해제 (900,205 주, 8%)",예탁결제원(PDF)
2026-08-23,정부정책,[대한민국정부] APEC 보건실무그룹 회의 및 건강한 고령화 워크숍 (8월 23일~8월 26일),korea.kr 파서
2026-08-23,해외학회/전시,핫 칩스 2026,Google Alerts 3
2026-08-23,거시 일정,[발표예정] FOMC Press Release,FRED API
2026-08-24,정부정책,"[대한민국정부] 30by30시대, 산림OECM의 역할과 확산 전략 특별세미나",korea.kr 파서
2026-08-24,거시 지표,[매크로] 🛒 미국 소비자물가지수(CPI) : 333 (발표일: 2026-07-01),FRED API
2026-08-24,정부정책,[대한민국정부] 2026년 해양안전 콘텐츠 공모전,korea.kr 파서
2026-08-24,거시 지표,[매크로] 💼 미국 실업률 : 4.10% (발표일: 2026-07-01),FRED API
2026-08-24,경제 일반,[판타지오] 유상증자 신주상장예정일,DART
2026-08-24,신규상장,[신규상장] 니어스랩,38커뮤니케이션
2026-08-24,경제 일반,[대동기어] 유무상증자 신주상장예정일 (정정),DART
2026-08-24,정부정책,[대한민국정부] 제5차 한중 정보통신기술(ICT) 협력 전략대화 개최,korea.kr 파서
2026-08-24,보호예수 해제,"[보호예수] 시큐레터 의무보유 해제 (2,120,214 주, 29%)",예탁결제원(PDF)
2026-08-24,거시 일정,[발표예정] Euro Short Term Rate,FRED API
2026-08-24,경제 일반,[본느] 유상증자 신주상장예정일,DART
2026-08-25,보호예수 해제,"[보호예수] 그래피 의무보유 해제 (122,471 주, 1%)",예탁결제원(PDF)
2026-08-25,공모청약,[공모청약] 브릴스,38커뮤니케이션
2026-08-25,해외학회/전시,Gamescom 2026 (유럽 최대 게임쇼 개최),정적 캘린더
2026-08-25,보호예수 해제,"[보호예수] NH투자증권 의무보유 해제 (32,258,064 주, 9%)",예탁결제원(PDF)
2026-08-25,정부정책,[대한민국정부] 전력산업 산재예방 및 안전보건 상생협력 체계 강화를 위한 업무협약,korea.kr 파서
2026-08-25,경제 일반,[세기상사] 회사합병 신주상장예정일 (정정),DART
2026-08-25,거시 일정,[발표예정] Housing Units Authorized By Building Permits,FRED API
2026-08-25,경제 일반,[비비안] 무상증자 신주상장예정일,DART
2026-08-25,거시 일정,[발표예정] Euro Short Term Rate,FRED API
2026-08-25,정부정책,[대한민국정부] 홈플러스 협력·입점업체 간담회,korea.kr 파서
2026-08-25,거시 지표,[매크로] 💼 미국 실업률 : 4.10% (발표일: 2026-07-01),FRED API
2026-08-25,거시 일정,[발표예정] Federal Funds Data,FRED API
2026-08-25,정부정책,[대한민국정부] 제20차 한·중 지식재산 정보화 전문가 회의,korea.kr 파서
2026-08-25,정부정책,[대한민국정부] KOICA 초청연수 일정표,korea.kr 파서
2026-08-25,신규상장,[신규상장] 해치텍,38커뮤니케이션
2026-08-25,정부정책,[대한민국정부] 인천 ICT콤플렉스 개소식 개최,korea.kr 파서
2026-08-25,정부정책,"[대한민국정부] 「시험인증(TIC) 산업 특별관」 운영 및 전시회 (8월 25일~27일, 코엑스 A홀)",korea.kr 파서
2026-08-25,거시 일정,[발표예정] House Price Index,FRED API
2026-08-25,경제 일반,[주성코퍼레이션] 유상증자 신주상장예정일,DART
2026-08-25,보호예수 해제,"[보호예수] 리튬포어스 의무보유 해제 (1,340,781 주, 11%)",예탁결제원(PDF)
2026-08-25,거시 지표,[매크로] 🛒 미국 소비자물가지수(CPI) : 333 (발표일: 2026-07-01),FRED API
2026-08-25,보호예수 해제,"[보호예수] None 의무보유 해제 (1,340,781 주, 11%)",예탁결제원(PDF)
2026-08-25,거시 일정,[발표예정] Economic Policy Uncertainty,FRED API
2026-08-25,거시 일정,[발표예정] Key ECB Interest Rates,FRED API
2026-08-25,거시 일정,[발표예정] Gasoline and Diesel Fuel Update,FRED API
2026-08-26,거시 일정,[발표예정] Job Postings on Indeed,FRED API
2026-08-26,거시 일정,[발표예정] GDPNow,FRED API
2026-08-26,거시 지표,[매크로] 🛒 미국 소비자물가지수(CPI) : 333 (발표일: 2026-07-01),FRED API
2026-08-26,경제 일반,[알테오젠] 무상증자 신주상장예정일 (정정),DART
2026-08-26,거시 지표,[매크로] 🇺🇸 미국 10년물 국채 금리 : 4.70% (발표일: 2026-08-24),FRED API
2026-08-26,거시 일정,[발표예정] Euro Short Term Rate,FRED API
2026-08-26,오버행(잠재매도),[잠재매도] 에어레인 CB/BW 전환청구 가능 (1년 전 발행),DART(과거검색)
2026-08-26,정부정책,[국회] 제438회국회(임시회) 제2차 본회의 (제438-2차(의사일정)...),국회사무처
2026-08-26,공모청약,[공모청약] 스카이랩스,38커뮤니케이션
2026-08-26,거시 일정,[발표예정] Economic Policy Uncertainty,FRED API
2026-08-26,정부정책,[대한민국정부] 제11회 세계시민교육 국제회의,korea.kr 파서
2026-08-26,거시 일정,[발표예정] Historical Overnight AMERIBOR Unsecured Interest Rate,FRED API
2026-08-26,거시 일정,[발표예정] Gross Domestic Product,FRED API
2026-08-26,거시 일정,[발표예정] Chicago Fed National Financial Conditions Index,FRED API
2026-08-26,경제 일반,[오에스피] 유상증자 신주상장예정일 (정정),DART
2026-08-26,정부정책,[대한민국정부] 1123년 송나라 사신 서긍의 고려국 항해 루트,korea.kr 파서
2026-08-26,정부정책,[대한민국정부] 국군사관학교 창설 관련 공청회,korea.kr 파서
2026-08-26,거시 일정,[발표예정] FOMC Press Release,FRED API
2026-08-26,정부정책,[대한민국정부] 국제원자력기구(IAEA) ATLAS 출범식 참석,korea.kr 파서
2026-08-27,실적발표,[엔비디아] 실적발표,YFINANCE
2026-08-27,거시 일정,[발표예정] Euro Short Term Rate,FRED API
2026-08-27,거시 지표,[매크로] 💼 미국 실업률 : 4.10% (발표일: 2026-07-01),FRED API
2026-08-27,정부정책,[대한민국정부] 바이브 코딩 워크숍,korea.kr 파서
2026-08-27,경제 일반,[시선AI] 유상증자 신주상장예정일 (정정),DART
2026-08-27,정부정책,"[대한민국정부] Singapore IP Week 2026 발표 ('인공지능 시대, 지식재산의 새로운 체계 구축')",korea.kr 파서
2026-08-27,보호예수 해제,"[보호예수] 푸드나무 의무보유 해제 (4,854,368 주, 13%)",예탁결제원(PDF)
2026-08-27,정부정책,[대한민국정부] 공공데이터 TOP100 조기개방 및 공공저작물 37종 AI 학습 허용,korea.kr 파서
2026-08-27,거시 지표,[매크로] 🛒 미국 소비자물가지수(CPI) : 333 (발표일: 2026-07-01),FRED API
2026-08-27,정부정책,[대한민국정부] 조현 장관 네팔 출국 및 카트만두 도착,korea.kr 파서
2026-08-27,정부정책,[대한민국정부] 정부합동신속대응팀 현지 파견,korea.kr 파서
2026-08-27,보호예수 해제,"[보호예수] 에이피알 의무보유 해제 (12,350,970 주, 33%)",예탁결제원(PDF)
2026-08-27,정부정책,[대한민국정부] 2026 대한민국 목재산업박람회,korea.kr 파서
2026-08-27,정부정책,[대한민국정부] 해외통관제도 설명회,korea.kr 파서
2026-08-28,경제 일반,[뉴로메카] 유무상증자 신주상장예정일 (정정),DART
2026-08-28,정부정책,[금융위] 금융&middot;건설업계 정례 간담회 킥오프회의,금융위 RSS
2026-08-28,거시 일정,[발표예정] Historical Overnight AMERIBOR Unsecured Interest Rate,FRED API
2026-08-28,거시 일정,[발표예정] Nikkei Indexes,FRED API
2026-08-28,거시 일정,[발표예정] FOMC Press Release,FRED API
2026-08-28,정부정책,[복지부] 청년 예산 언박싱(UNBOXING) 2027,복지부 RSS
2026-08-28,오버행(잠재매도),[잠재매도] 솔디펜스 CB/BW 전환청구 가능 (1년 전 발행),DART(과거검색)
2026-08-28,오버행(잠재매도),[잠재매도] 엘앤에프 CB/BW 전환청구 가능 (1년 전 발행),DART(과거검색)
2026-08-28,거시 일정,[발표예정] Economic Policy Uncertainty,FRED API
2026-08-28,보호예수 해제,"[보호예수] 에스케이아이이테크놀로지 의무보유 해제 (10,489,508 주, 13%)",예탁결제원(PDF)
2026-08-28,오버행(잠재매도),[잠재매도] 누보 CB/BW 전환청구 가능 (1년 전 발행),DART(과거검색)
2026-08-28,배당/권리락,[권리락] [하이퍼코퍼레이션] 유상증자 권리락 (정정),DART
2026-08-28,오버행(잠재매도),[잠재매도] KR모터스 CB/BW 전환청구 가능 (1년 전 발행),DART(과거검색)
2026-08-28,거시 일정,[발표예정] Euro Short Term Rate,FRED API
2026-08-28,경제 일반,[페니트리움바이오] 유상증자 신주상장예정일 (정정),DART
2026-08-28,경제 일반,[디와이디] 유상증자 신주상장예정일 (정정),DART
2026-08-28,정부정책,[대한민국정부] 농어촌 기본소득 시범사업 첫 지급,korea.kr 파서
2026-08-28,정부정책,[대한민국정부] 전승공예품 '악기은행' 대여자 모집,korea.kr 파서
2026-08-28,정부정책,[대한민국정부] 지식재산 거래 네트워크(IP-LINK) 행사,korea.kr 파서
2026-08-28,거시 지표,[매크로] 🇺🇸 미국 실효연방기금금리 (기준금리) : 3.63% (발표일: 2026-08-26),FRED API
2026-08-28,거시 지표,[매크로] 💼 미국 실업률 : 4.10% (발표일: 2026-07-01),FRED API
2026-08-29,정부정책,[복지부] 100인의 아빠단 찾아가는 육아멘토링(육친소DAY) (인천),복지부 RSS
2026-08-29,보호예수 해제,"[보호예수] 빛과전자 의무보유 해제 (5,828,156 주, 5%)",예탁결제원(PDF)
2026-08-29,거시 일정,[발표예정] FOMC Press Release,FRED API
2026-08-29,거시 지표,[매크로] 🇺🇸 미국 10년물 국채 금리 : 4.67% (발표일: 2026-08-27),FRED API
2026-08-30,거시 일정,[발표예정] FOMC Press Release,FRED API
2026-08-30,정부정책,[대한민국정부] 호우 재난 위기경보 '주의'단계 격상 및 중앙재난안전대책본부 1단계 가동,korea.kr 파서
2026-08-30,거시 지표,[매크로] 🇺🇸 미국 10년물 국채 금리 : 4.67% (발표일: 2026-08-27),FRED API
2026-08-31,정부정책,[대한민국정부] 장애인증명서 온라인 아포스티유 발급 서비스,korea.kr 파서
2026-08-31,정부정책,[대한민국정부] 중앙재난안전대책본부 회의,korea.kr 파서
2026-08-31,정부정책,[금융위] 제2차 금융교육협의회,금융위 RSS
2026-08-31,정부정책,[대한민국정부] 청년 응원 프로젝트 '너의 근황을 들려줘' 공모전,korea.kr 파서
2026-08-31,거시 일정,[발표예정] Nikkei Indexes,FRED API
2026-08-31,정부정책,[대한민국정부] 본인부담상한액 초과금 지급 절차 시작,korea.kr 파서
2026-08-31,거시 지표,[매크로] 🇺🇸 미국 실효연방기금금리 (기준금리) : 3.63% (발표일: 2026-08-27),FRED API
2026-08-31,정부정책,[대한민국정부] 양곡수급관리위원회 출범식,korea.kr 파서
2026-08-31,거시 지표,[매크로] 💼 미국 실업률 : 4.10% (발표일: 2026-07-01),FRED API
2026-08-31,정부정책,[대한민국정부] 파키스탄 발루치스탄州 여행경보 4단계(여행금지) 발령,korea.kr 파서
2026-08-31,정부정책,[대한민국정부] 23차 오염수 방류계획,korea.kr 파서
2026-08-31,정부정책,[복지부] 2026년 위기임신 및 보호출산 지원사업 종사자 워크숍,복지부 RSS
2026-08-31,거시 일정,[발표예정] Overnight Bank Funding Rate Data,FRED API
2026-08-31,경제 일반,[코퍼스코리아] 유상증자 신주상장예정일 (정정),DART
2026-08-31,거시 일정,[발표예정] Economic Policy Uncertainty,FRED API
2026-08-31,정부정책,[대한민국정부] 한-베트남 해양플랜트 서비스산업 협력센터 시범운영,korea.kr 파서
2026-08-31,거시 일정,[발표예정] Euro Short Term Rate,FRED API
2026-08-31,정부정책,[대한민국정부] 자발적 탄소시장법 제정 방향 토론회,korea.kr 파서
2026-08-31,정부정책,[대한민국정부] P4G 2026년 국가플랫폼 회의(NP Gathering),korea.kr 파서
2026-08-31,정부정책,[대한민국정부] 주요 20개국(G20) 재무장관·중앙은행 총재 회의,korea.kr 파서
2026-08-31,경제 일반,[하이퍼코퍼레이션] 유상증자 신주배정기준일 (정정),DART
2026-08-31,거시 일정,[발표예정] FOMC Press Release,FRED API
2026-08-31,경제 일반,[시선AI] 유상증자 신주상장예정일 (정정),DART
2026-08-31,보호예수 해제,"[보호예수] 크라우드웍스 의무보유 해제 (1,399,300 주, 9%)",예탁결제원(PDF)
2026-09-00,해외학회/전시,IFA 2026,Google Alerts 3
2026-09-01,경제 일반,[E8] 유상증자 신주상장예정일,DART
2026-09-01,정부정책,[국회] 제439회국회(정기회) 제1차 본회의 (제439-1차(의사일정)...),국회사무처
2026-09-01,거시 일정,[발표예정] Key ECB Interest Rates,FRED API
2026-09-01,정부정책,[대한민국정부] 국민연금 보험료 추후납부제도 개요,korea.kr 파서
2026-09-01,정부정책,[대한민국정부] 제4차「국토대전환 범정부 추진협의회」,korea.kr 파서
2026-09-01,정부정책,[대한민국정부] 국가과학기술자문회의 제9회 심의회의 개최,korea.kr 파서
2026-09-01,보호예수 해제,"[보호예수] 케이이엠텍 의무보유 해제 (343,515 주, 6%)",예탁결제원(PDF)
2026-09-01,공모청약,[공모청약] NH스팩34호,38커뮤니케이션
2026-09-01,거시 일정,[발표예정] Economic Policy Uncertainty,FRED API
2026-09-01,정부정책,[대한민국정부] 직원 보호 및 지원에 관한 훈령 제정시행,korea.kr 파서
2026-09-01,정부정책,[대한민국정부] 제2기 사업 시작,korea.kr 파서
2026-09-01,경제 일반,[수출입] 관세청 월간 수출입 동향 발표(예정)일,관세청
2026-09-01,정부정책,[대한민국정부] 지역 성장을 견인할 국가대표 거점국립대학 선정 결과 발표,korea.kr 파서
2026-09-01,거시 일정,[발표예정] Financial Soundness Indicators,FRED API
2026-09-01,거시 일정,[발표예정] FOMC Press Release,FRED API
2026-09-01,경제 일반,[큐로홀딩스] 유상증자 신주상장예정일,DART
2026-09-01,거시 지표,[매크로] 💼 미국 실업률 : 4.10% (발표일: 2026-07-01),FRED API
2026-09-01,거시 일정,[발표예정] Construction Spending,FRED API
2026-09-01,정부정책,[대한민국정부] 동물보호센터 운영지침 주요 개정 내용,korea.kr 파서
2026-09-01,경제 일반,[아센디오] 유상증자 신주상장예정일 (정정),DART
2026-09-01,정부정책,[대한민국정부] 정비사업 정책설명회 '주택 신속공급 방안' 후속조치 본격화,korea.kr 파서
2026-09-01,거시 일정,[발표예정] Euro Short Term Rate,FRED API
2026-09-01,정부정책,[대한민국정부] 제21회 전국 산림생태복원 기술대전 수상작 목록,korea.kr 파서
2026-09-01,거시 지표,[매크로] 🇺🇸 미국 실효연방기금금리 (기준금리) : 3.63% (발표일: 2026-08-28),FRED API
2026-09-01,거시 일정,[발표예정] Job Openings and Labor Turnover Survey,FRED API
2026-09-01,경제 일반,[삼부토건] 유상증자 신주상장예정일 (정정),DART
2026-09-01,정부정책,[대한민국정부] 제24차 화학무기금지협약 아시아지역 국가담당기관 회의,korea.kr 파서
2026-09-01,경제 일반,[씨앤투스] 회사합병 합병기일,DART
2026-09-02,정부정책,[대한민국정부] 제1회 국토대전환 미래전략 포럼,korea.kr 파서
2026-09-02,거시 일정,[발표예정] Euro Short Term Rate,FRED API
2026-09-02,오버행(잠재매도),[잠재매도] 퀄리타스반도체 CB/BW 전환청구 가능 (1년 전 발행),DART(과거검색)
2026-09-02,거시 지표,[매크로] 💼 미국 실업률 : 4.10% (발표일: 2026-07-01),FRED API
2026-09-02,거시 지표,[매크로] 🛒 미국 소비자물가지수(CPI) : 333 (발표일: 2026-07-01),FRED API
2026-09-02,정부정책,[금융위] 제15차 증권선물위원회 조치 의결,금융위 RSS
2026-09-02,정부정책,[금융위] 안전한 금융생활 공익광고 캠페인,금융위 RSS
2026-09-02,정부정책,[대한민국정부] 경회루·향원정 특별관람,korea.kr 파서
2026-09-02,오버행(잠재매도),[잠재매도] 삼기에너지솔루션즈 CB/BW 전환청구 가능 (1년 전 발행),DART(과거검색)
2026-09-02,오버행(잠재매도),[잠재매도] 제이에스링크 CB/BW 전환청구 가능 (1년 전 발행),DART(과거검색)
2026-09-02,경제 일반,[에이전트AI] 유상증자 신주상장예정일 (정정),DART
2026-09-02,정부정책,[대한민국정부] PATINEX 2026,korea.kr 파서
2026-09-02,정부정책,[대한민국정부] 제7기 전문위원회 정책 이슈 종합 발표회,korea.kr 파서
2026-09-02,경제 일반,[아이큐어] 유상증자 신주상장예정일 (정정),DART
2026-09-02,경제 일반,[광진실업] 유상증자 신주상장예정일 (정정),DART
2026-09-02,경제 일반,[블루산업개발] 유상증자 신주상장예정일 (정정),DART
2026-09-03,보호예수 해제,"[보호예수] 아이비젼웍스 의무보유 해제 (10,624,930 주, 31%)",예탁결제원(PDF)
2026-09-03,배당/권리락,[권리락] [에코프로비엠] 유상증자 권리락 (정정),DART
2026-09-03,오버행(잠재매도),[잠재매도] 한중엔시에스 CB/BW 전환청구 가능 (1년 전 발행),DART(과거검색)
2026-09-03,정부정책,[국회] 제439회국회(정기회) 제2차 본회의 (제439-2차(의사일정)...),국회사무처
2026-09-03,배당/권리락,[권리락] [한울반도체] 유상증자 권리락 (정정),DART
2026-09-03,경제 일반,[블루산업개발] 유상증자 신주상장예정일 (정정),DART
2026-09-03,경제 일반,[센서뷰] 유상증자 신주상장예정일 (정정),DART
2026-09-04,오버행(잠재매도),[잠재매도] 케이엔에스 CB/BW 전환청구 가능 (1년 전 발행),DART(과거검색)
2026-09-04,오버행(잠재매도),[잠재매도] 프리티 CB/BW 전환청구 가능 (1년 전 발행),DART(과거검색)
2026-09-04,경제 일반,[유티아이] 유상증자 신주상장예정일,DART
2026-09-04,신규상장,[신규상장] 스카이랩스,38커뮤니케이션
2026-09-04,해외학회/전시,IFA 2026,Google Alerts 3
2026-09-04,경제 일반,[아모텍] 유무상증자 신주상장예정일 (정정),DART
2026-09-04,경제 일반,[한국유니온제약] 유상증자 신주상장예정일 (정정),DART
2026-09-04,해외학회/전시,IFA Berlin,Google Alerts 3
2026-09-04,경제 일반,[한울반도체] 유상증자 신주배정기준일 (정정),DART
2026-09-04,경제 일반,[에코프로비엠] 유상증자 신주배정기준일 (정정),DART
2026-09-05,보호예수 해제,"[보호예수] 센코 의무보유 해제 (1,887,583 주, 5%)",예탁결제원(PDF)
2026-09-05,보호예수 해제,"[보호예수] SK이노베이션 의무보유 해제 (18,018,012 주, 11%)",예탁결제원(PDF)
2026-09-05,오버행(잠재매도),[잠재매도] 풍전약품 CB/BW 전환청구 가능 (1년 전 발행),DART(과거검색)
2026-09-05,오버행(잠재매도),[잠재매도] HLB글로벌 CB/BW 전환청구 가능 (1년 전 발행),DART(과거검색)
2026-09-05,보호예수 해제,"[보호예수] 넥사다이내믹스 의무보유 해제 (6,807,866 주, 23%)",예탁결제원(PDF)
2026-09-05,오버행(잠재매도),[잠재매도] 한국석유공업 CB/BW 전환청구 가능 (1년 전 발행),DART(과거검색)
2026-09-05,보호예수 해제,"[보호예수] 케이뱅크 의무보유 해제 (81,775,566 주, 20%)",예탁결제원(PDF)
2026-09-06,보호예수 해제,"[보호예수] 에스팀 의무보유 해제 (835,894 주, 10%)",예탁결제원(PDF)
2026-09-07,배당/권리락,[권리락] [상지건설] 유상증자 권리락 (정정),DART
2026-09-07,경제 일반,[풍원정밀] 유상증자 신주상장예정일,DART
2026-09-07,경제 일반,[캔버스엔] 유상증자 신주상장예정일 (정정),DART
2026-09-07,해외학회/전시,IFA Podcast Days,Google Alerts 3
2026-09-08,보호예수 해제,"[보호예수] 피스피스스튜디오 의무보유 해제 (342,664 주, 2%)",예탁결제원(PDF)
2026-09-08,보호예수 해제,"[보호예수] 니어스랩 의무보유 해제 (642,522 주, 11%)",예탁결제원(PDF)
2026-09-08,오버행(잠재매도),[잠재매도] 지엔코 CB/BW 전환청구 가능 (1년 전 발행),DART(과거검색)
2026-09-08,공모청약,[공모청약] 브릴스,38커뮤니케이션
2026-09-08,배당/권리락,[권리락] [휴림에이텍] 유상증자 권리락 (정정),DART
2026-09-08,경제 일반,[HLB테라퓨틱스] 유상증자 신주상장예정일,DART
2026-09-08,공모청약,[공모청약] 네오사피엔스,38커뮤니케이션
2026-09-08,경제 일반,[상지건설] 유상증자 신주배정기준일 (정정),DART
2026-09-08,오버행(잠재매도),[잠재매도] 더블유씨피 CB/BW 전환청구 가능 (1년 전 발행),DART(과거검색)
2026-09-08,오버행(잠재매도),[잠재매도] 유니켐 CB/BW 전환청구 가능 (1년 전 발행),DART(과거검색)
2026-09-08,오버행(잠재매도),[잠재매도] 에이럭스 CB/BW 전환청구 가능 (1년 전 발행),DART(과거검색)
2026-09-09,보호예수 해제,"[보호예수] 액스비스 의무보유 해제 (243,767 주, 3%)",예탁결제원(PDF)
2026-09-09,오버행(잠재매도),[잠재매도] 케이에스피 CB/BW 전환청구 가능 (1년 전 발행),DART(과거검색)
2026-09-09,보호예수 해제,"[보호예수] 케이알모터스 의무보유 해제 (5,248,463 주, 30%)",예탁결제원(PDF)
2026-09-09,경제 일반,[휴림에이텍] 유상증자 신주배정기준일 (정정),DART
2026-09-09,경제 일반,[엑시온그룹] 유상증자 신주상장예정일,DART
2026-09-09,오버행(잠재매도),[잠재매도] 옵티코어 CB/BW 전환청구 가능 (1년 전 발행),DART(과거검색)
2026-09-10,정부정책,[복지부] 「저출산ㆍ고령사회기본법」이 「인구전략기본법」으로 개정(시행),복지부 RSS
2026-09-10,오버행(잠재매도),[잠재매도] 엑시큐어하이트론 CB/BW 전환청구 가능 (1년 전 발행),DART(과거검색)
2026-09-10,보호예수 해제,"[보호예수] 비트플래닛 의무보유 해제 (2,294,770 주, 10%)",예탁결제원(PDF)
2026-09-10,파생만기,[파생만기] 2026년 9월 옵션 만기일,정적계산
2026-09-10,신규상장,[신규상장] NH스팩34호,38커뮤니케이션
2026-09-10,공모청약,[공모청약] 한국스팩17호,38커뮤니케이션
2026-09-10,공모청약,[공모청약] KB스팩34호,38커뮤니케이션
2026-09-10,공모청약,[공모청약] 네오사피엔스,38커뮤니케이션
2026-09-10,정부정책,[대한민국정부] 2026 대한민국 농업박람회 특별전시회 및 시상식,korea.kr 파서
2026-09-10,경제 일반,[나노씨엠에스] 유상증자 신주상장예정일 (정정),DART
2026-09-10,오버행(잠재매도),[잠재매도] 디에스엠 CB/BW 전환청구 가능 (1년 전 발행),DART(과거검색)
2026-09-11,경제 일반,[아이큐어] 유상증자 신주상장예정일 (정정),DART
2026-09-11,경제 일반,[수출입] 관세청 10일 단위 수출입 동향 발표(예정)일,관세청
2026-09-11,해외학회/전시,ESMO 2026 유럽종양내과학회 본행사 (~09-15),정적 캘린더
2026-09-11,정부정책,[대한민국정부] 사할린동포법 개정 시행 (사망한 사할린동포의 배우자 및 자녀 영주귀국 지원 대상 포함),korea.kr 파서
2026-09-11,오버행(잠재매도),[잠재매도] 엠디바이스 CB/BW 전환청구 가능 (1년 전 발행),DART(과거검색)
2026-09-11,경제 일반,[한국첨단소재] 유상증자 신주상장예정일,DART
2026-09-11,신규상장,[신규상장] NH스팩34호,38커뮤니케이션
2026-09-11,배당/권리락,[권리락] [이렘] 유상증자 권리락 (정정),DART
2026-09-11,경제 일반,[이노진] 유상증자 신주상장예정일,DART
2026-09-12,보호예수 해제,"[보호예수] 딜리셔스 의무보유 해제 (2,289,279 주, 10%)",예탁결제원(PDF)
2026-09-12,오버행(잠재매도),[잠재매도] 신테카바이오 CB/BW 전환청구 가능 (1년 전 발행),DART(과거검색)
2026-09-12,오버행(잠재매도),[잠재매도] 다이나믹솔루션 CB/BW 전환청구 가능 (1년 전 발행),DART(과거검색)
2026-09-12,오버행(잠재매도),[잠재매도] 코오롱티슈진 CB/BW 전환청구 가능 (1년 전 발행),DART(과거검색)
2026-09-13,보호예수 해제,"[보호예수] 오상헬스케어 의무보유 해제 (8,485,603 주, 59%)",예탁결제원(PDF)
2026-09-13,보호예수 해제,"[보호예수] 레메디 의무보유 해제 (13,244 주, -%)",예탁결제원(PDF)
2026-09-13,정부정책,[대한민국정부] 119시민수상구조대 운영 연장,korea.kr 파서
2026-09-13,보호예수 해제,"[보호예수] 케이앤에스아이앤씨 의무보유 해제 (1,007,002 주, 10%)",예탁결제원(PDF)
2026-09-14,공모청약,[공모청약] 와이즈플래닛컴퍼니,38커뮤니케이션
2026-09-14,경제 일반,[서울전자통신] 유상증자 신주상장예정일,DART
2026-09-14,경제 일반,[본느] 유상증자 신주상장예정일 (정정),DART
2026-09-14,경제 일반,[플레이그램] 유상증자 신주상장예정일 (정정),DART
2026-09-14,경제 일반,[에이루트] 유상증자 신주상장예정일 (정정),DART
2026-09-14,경제 일반,[이렘] 유상증자 신주배정기준일 (정정),DART
2026-09-14,경제 일반,[모아데이타] 유상증자 신주상장예정일,DART
2026-09-15,보호예수 해제,"[보호예수] 트리니티항공 의무보유 해제 (11,357,770 주, 11%)",예탁결제원(PDF)
2026-09-15,보호예수 해제,"[보호예수] 비투엔 의무보유 해제 (5,640,423 주, 8%)",예탁결제원(PDF)
2026-09-15,경제 일반,[핑거스토리] 유상증자 신주상장예정일,DART
2026-09-15,배당/권리락,[권리락] [아이에이] 유상증자 권리락,DART
2026-09-15,오버행(잠재매도),[잠재매도] 드래곤플라이 CB/BW 전환청구 가능 (1년 전 발행),DART(과거검색)
2026-09-15,공모청약,[공모청약] 빅웨이브로보틱스,38커뮤니케이션
2026-09-16,보호예수 해제,"[보호예수] 티에스트릴리온 의무보유 해제 (961,538 주, 3%)",예탁결제원(PDF)
2026-09-16,경제 일반,[CSA 코스믹] 유상증자 신주상장예정일 (정정),DART
2026-09-16,경제 일반,[HLB테라퓨틱스] 유상증자 신주상장예정일 (정정),DART
2026-09-16,배당/권리락,[권리락] [미트박스] 무상증자 권리락,DART
2026-09-16,공모청약,[공모청약] 빅웨이브로보틱스,38커뮤니케이션
2026-09-16,정부정책,[대한민국정부] 제1차 한․중앙아시아 정상회의,korea.kr 파서
2026-09-16,공모청약,[공모청약] 글로벌테크놀로지,38커뮤니케이션
2026-09-16,공모청약,[공모청약] 덕산넵코어스(구.넵코어스),38커뮤니케이션
2026-09-16,경제 일반,[모아데이타] 유상증자 신주상장예정일 (정정),DART
2026-09-16,경제 일반,[엑시온그룹] 유상증자 신주상장예정일,DART
2026-09-16,경제 일반,[아이에이] 유상증자 신주배정기준일,DART
2026-09-16,경제 일반,[IBKS제25호스팩] 회사합병 합병기일,DART
2026-09-16,거시 일정,미국 FOMC 금리결정 및 분기 전망 점도표 발표 ★★,정적 캘린더
2026-09-16,거시 일정,미국 8월 소비자물가지수 (CPI) 발표,정적 캘린더
2026-09-17,오버행(잠재매도),[잠재매도] 지아이에스 CB/BW 전환청구 가능 (1년 전 발행),DART(과거검색)
2026-09-17,보호예수 해제,"[보호예수] 빛과전자 의무보유 해제 (6,139,723 주, 5%)",예탁결제원(PDF)
2026-09-17,배당/권리락,[권리락] [퓨쳐켐] 유무상증자 권리락 (정정),DART
2026-09-17,오버행(잠재매도),[잠재매도] 큐로셀 CB/BW 전환청구 가능 (1년 전 발행),DART(과거검색)
2026-09-17,경제 일반,[미트박스] 무상증자 신주배정기준일,DART
2026-09-17,공모청약,[공모청약] 브릴스,38커뮤니케이션
2026-09-17,경제 일반,[판타지오] 유상증자 신주상장예정일 (정정),DART
2026-09-17,경제 일반,[이렘] 유상증자 신주상장예정일 (정정),DART
2026-09-17,경제 일반,[대동금속] 유상증자 신주상장예정일,DART
2026-09-18,경제 일반,[퓨쳐켐] 유무상증자 신주배정기준일 (정정),DART
2026-09-18,공모청약,[공모청약] 엘리스그룹,38커뮤니케이션
2026-09-18,경제 일반,[엑시온그룹] 유상증자 신주상장예정일 (정정),DART
2026-09-18,경제 일반,[아이오케이이엔엠] 유상증자 신주상장예정일 (정정),DART
2026-09-18,경제 일반,[넥사다이내믹스] 유상증자 신주상장예정일 (정정),DART
2026-09-18,보호예수 해제,"[보호예수] 인제니아테라퓨틱스 KDR 의무보유 해제 (16,218,189 주, 33%)",예탁결제원(PDF)
2026-09-18,오버행(잠재매도),[잠재매도] 넥써쓰 CB/BW 전환청구 가능 (1년 전 발행),DART(과거검색)
2026-09-18,오버행(잠재매도),[잠재매도] 알파AI CB/BW 전환청구 가능 (1년 전 발행),DART(과거검색)
2026-09-19,오버행(잠재매도),[잠재매도] 형지글로벌 CB/BW 전환청구 가능 (1년 전 발행),DART(과거검색)
2026-09-19,오버행(잠재매도),[잠재매도] 에이전트AI CB/BW 전환청구 가능 (1년 전 발행),DART(과거검색)
2026-09-19,오버행(잠재매도),[잠재매도] 디모아 CB/BW 전환청구 가능 (1년 전 발행),DART(과거검색)
2026-09-19,보호예수 해제,"[보호예수] 태영건설 의무보유 해제 (3,093,857 주, 1%)",예탁결제원(PDF)
2026-09-19,보호예수 해제,"[보호예수] 에스투더블유 의무보유 해제 (379,490 주, 4%)",예탁결제원(PDF)
2026-09-19,오버행(잠재매도),[잠재매도] 시선AI CB/BW 전환청구 가능 (1년 전 발행),DART(과거검색)
2026-09-20,보호예수 해제,"[보호예수] 티엑스알로보틱스 의무보유 해제 (1,080,845 주, 7%)",예탁결제원(PDF)
2026-09-20,보호예수 해제,"[보호예수] 아이엠바이오로직스 의무보유 해제 (1,317,497 주, 9%)",예탁결제원(PDF)
2026-09-21,경제 일반,[삼영무역] 회사합병 합병기일,DART
2026-09-21,경제 일반,[수출입] 관세청 20일 단위 수출입 동향 발표(예정)일,관세청
2026-09-21,경제 일반,[태영건설] 유상증자 신주상장예정일,DART
2026-09-21,경제 일반,[육일씨엔에쓰] 유상증자 신주상장예정일 (정정),DART
2026-09-21,경제 일반,[에넥스] 유상증자 신주상장예정일 (정정),DART
2026-09-21,경제 일반,[캔버스엔] 유상증자 신주상장예정일 (정정),DART
2026-09-21,경제 일반,[넥스턴앤롤코리아] 유상증자 신주상장예정일 (정정),DART
2026-09-21,보호예수 해제,"[보호예수] 휴림에이텍 의무보유 해제 (2,157,978 주, 22%)",예탁결제원(PDF)
2026-09-22,오버행(잠재매도),[잠재매도] 제이에스링크 CB/BW 전환청구 가능 (1년 전 발행),DART(과거검색)
2026-09-22,배당/권리락,[권리락] [삼성FN리츠] 유상증자 권리락,DART
2026-09-22,경제 일반,[비비안] 유상증자 신주상장예정일 (정정),DART
2026-09-22,오버행(잠재매도),[잠재매도] 드림씨아이에스 CB/BW 전환청구 가능 (1년 전 발행),DART(과거검색)
2026-09-22,경제 일반,[신테카바이오] 유상증자 신주상장예정일 (정정),DART
2026-09-22,경제 일반,[알에프텍] 회사합병 합병기일 (정정),DART
2026-09-23,보호예수 해제,"[보호예수] 아이언디바이스 의무보유 해제 (2,500,000 주, 18%)",예탁결제원(PDF)
2026-09-23,보호예수 해제,"[보호예수] 파라택시스코리아 의무보유 해제 (4,784,688 주, 5%)",예탁결제원(PDF)
2026-09-23,경제 일반,[아이텍] 유상증자 신주상장예정일 (정정),DART
2026-09-23,경제 일반,[휴온스] 회사합병 합병기일 (정정),DART
2026-09-23,오버행(잠재매도),[잠재매도] 서플러스글로벌 CB/BW 전환청구 가능 (1년 전 발행),DART(과거검색)
2026-09-23,경제 일반,[헝셩그룹] 유상증자 신주상장예정일,DART
2026-09-23,경제 일반,[삼성FN리츠] 유상증자 신주배정기준일,DART
2026-09-23,정부정책,[대한민국정부] 직불금 수령 분야 선택,korea.kr 파서
2026-09-23,경제 일반,[사토시홀딩스] 유상증자 신주상장예정일,DART
2026-09-24,오버행(잠재매도),[잠재매도] 제넥신 CB/BW 전환청구 가능 (1년 전 발행),DART(과거검색)
2026-09-24,오버행(잠재매도),[잠재매도] HLB CB/BW 전환청구 가능 (1년 전 발행),DART(과거검색)
2026-09-24,보호예수 해제,"[보호예수] 비트플래닛 의무보유 해제 (11,772,449 주, 50%)",예탁결제원(PDF)
2026-09-24,보호예수 해제,"[보호예수] 알파AI 의무보유 해제 (3,003,004 주, 15%)",예탁결제원(PDF)
2026-09-24,보호예수 해제,"[보호예수] 폴라리스에이아이핸디 의무보유 해제 (4,522,842 주, 19%)",예탁결제원(PDF)
2026-09-24,보호예수 해제,"[보호예수] 코오롱티슈진 의무보유 해제 (7,100 주, -%)",예탁결제원(PDF)
2026-09-24,보호예수 해제,"[보호예수] 니어스랩 의무보유 해제 (569,622 주, 10%)",예탁결제원(PDF)
2026-09-25,보호예수 해제,"[보호예수] 해치텍 의무보유 해제 (547,017 주, 10%)",예탁결제원(PDF)
2026-09-25,보호예수 해제,"[보호예수] 중앙첨단소재 의무보유 해제 (4,849,410 주, 4%)",예탁결제원(PDF)
2026-09-25,보호예수 해제,"[보호예수] 한패스 의무보유 해제 (551,217 주, 5%)",예탁결제원(PDF)
2026-09-25,보호예수 해제,"[보호예수] 제이투케이바이오 의무보유 해제 (3,301,500 주, 56%)",예탁결제원(PDF)
2026-09-25,오버행(잠재매도),[잠재매도] 츌립앤사이언스 CB/BW 전환청구 가능 (1년 전 발행),DART(과거검색)
2026-09-25,오버행(잠재매도),[잠재매도] 라닉스 CB/BW 전환청구 가능 (1년 전 발행),DART(과거검색)
2026-09-25,오버행(잠재매도),[잠재매도] LSK아이로봇 CB/BW 전환청구 가능 (1년 전 발행),DART(과거검색)
2026-09-25,오버행(잠재매도),[잠재매도] 메타케어 CB/BW 전환청구 가능 (1년 전 발행),DART(과거검색)
2026-09-25,오버행(잠재매도),[잠재매도] 현대바이오 CB/BW 전환청구 가능 (1년 전 발행),DART(과거검색)
2026-09-26,오버행(잠재매도),[잠재매도] 한울앤제주 CB/BW 전환청구 가능 (1년 전 발행),DART(과거검색)
2026-09-28,경제 일반,[본느] 유상증자 신주상장예정일 (정정),DART
2026-09-28,경제 일반,[서울전자통신] 유상증자 신주상장예정일 (정정),DART
2026-09-28,경제 일반,[한울반도체] 유상증자 신주상장예정일 (정정),DART
2026-09-28,경제 일반,[대양금속] 유상증자 신주상장예정일,DART
2026-09-29,오버행(잠재매도),[잠재매도] 와이씨켐 CB/BW 전환청구 가능 (1년 전 발행),DART(과거검색)
2026-09-29,보호예수 해제,"[보호예수] 져스텍 의무보유 해제 (48,000 주, -%)",예탁결제원(PDF)
2026-09-29,보호예수 해제,"[보호예수] 세미파이브 의무보유 해제 (2,739,039 주, 8%)",예탁결제원(PDF)
2026-09-29,오버행(잠재매도),[잠재매도] 넥스턴앤롤코리아 CB/BW 전환청구 가능 (1년 전 발행),DART(과거검색)
2026-09-29,보호예수 해제,"[보호예수] 휴림에이텍 의무보유 해제 (999,999 주, 10%)",예탁결제원(PDF)
2026-09-29,오버행(잠재매도),[잠재매도] 프리티 CB/BW 전환청구 가능 (1년 전 발행),DART(과거검색)
2026-09-29,경제 일반,[광진실업] 유상증자 신주상장예정일 (정정),DART
2026-09-29,경제 일반,[계양전기] 유상증자 신주상장예정일 (정정),DART
2026-09-29,경제 일반,[SG] 유상증자 신주상장예정일 (정정),DART
2026-09-29,경제 일반,[핀텔] 유상증자 신주상장예정일,DART
2026-09-29,오버행(잠재매도),[잠재매도] 옵티코어 CB/BW 전환청구 가능 (1년 전 발행),DART(과거검색)
2026-09-30,정부정책,[대한민국정부] 「폭염안전 특별대책반」 운영 및 물류·유통업 등 폭염 취약사업장 점검 강화,korea.kr 파서
2026-09-30,경제 일반,[KR모터스] 회사합병 합병기일,DART
2026-09-30,정부정책,[대한민국정부] 재외동포협력센터 폐쇄,korea.kr 파서
2026-09-30,경제 일반,[케스피온] 유상증자 신주상장예정일 (정정),DART
2026-09-30,배당/권리락,[권리락] [한울반도체] 유상증자 권리락 (정정),DART
2026-09-30,경제 일반,[다보링크] 유상증자 신주상장예정일 (정정),DART
2026-09-30,오버행(잠재매도),[잠재매도] SKAI CB/BW 전환청구 가능 (1년 전 발행),DART(과거검색)
2026-09-30,보호예수 해제,"[보호예수] 스트라드비젼 의무보유 해제 (83,333 주, -%)",예탁결제원(PDF)
2026-09-30,오버행(잠재매도),[잠재매도] 시선AI CB/BW 전환청구 가능 (1년 전 발행),DART(과거검색)
2026-09-30,경제 일반,[모아데이타] 유상증자 신주상장예정일 (정정),DART
2026-09-30,오버행(잠재매도),[잠재매도] 풍전약품 CB/BW 전환청구 가능 (1년 전 발행),DART(과거검색)
2026-10-01,공모청약,[공모청약] 멜콘(구.에스앤에프솔루션),38커뮤니케이션
2026-10-01,배당/권리락,[권리락] [뷰노] 유상증자 권리락,DART
2026-10-01,경제 일반,[상지건설] 유상증자 신주상장예정일 (정정),DART
2026-10-01,오버행(잠재매도),[잠재매도] KR모터스 CB/BW 전환청구 가능 (1년 전 발행),DART(과거검색)
2026-10-01,오버행(잠재매도),[잠재매도] 앱클론 CB/BW 전환청구 가능 (1년 전 발행),DART(과거검색)
2026-10-01,오버행(잠재매도),[잠재매도] 스코넥 CB/BW 전환청구 가능 (1년 전 발행),DART(과거검색)
2026-10-01,정부정책,[대한민국정부] 재외동포청 통합 시행,korea.kr 파서
2026-10-01,정부정책,[대한민국정부] 개정 형사소송법 시행,korea.kr 파서
2026-10-01,경제 일반,[한울반도체] 유상증자 신주배정기준일 (정정),DART
2026-10-01,경제 일반,[메타케어] 회사합병 합병기일,DART
2026-10-01,정부정책,[대한민국정부] 방송광고 일총량제·중간광고 확대,korea.kr 파서
2026-10-01,경제 일반,[피노] 유상증자 신주상장예정일,DART
2026-10-01,경제 일반,[S&K폴리텍] 회사합병 합병기일 (정정),DART
2026-10-02,경제 일반,[뷰노] 유상증자 신주배정기준일,DART
2026-10-02,경제 일반,[엔젠바이오] 유상증자 신주상장예정일 (정정),DART
2026-10-02,정부정책,[대한민국정부] 중대범죄수사청 개청 및 임용,korea.kr 파서
2026-10-02,경제 일반,[더코디] 유상증자 신주상장예정일,DART
2026-10-02,경제 일반,[듀켐바이오] 회사합병 합병기일,DART
2026-10-02,오버행(잠재매도),[잠재매도] 다이나믹솔루션 CB/BW 전환청구 가능 (1년 전 발행),DART(과거검색)
2026-10-02,경제 일반,[HLB이노베이션] 유상증자 신주상장예정일,DART
2026-10-02,공모청약,[공모청약] 진코스텍,38커뮤니케이션
2026-10-02,오버행(잠재매도),[잠재매도] 디모아 CB/BW 전환청구 가능 (1년 전 발행),DART(과거검색)
2026-10-02,경제 일반,[엑시온그룹] 유상증자 신주상장예정일,DART
2026-10-02,오버행(잠재매도),[잠재매도] 알파AI CB/BW 전환청구 가능 (1년 전 발행),DART(과거검색)
2026-10-03,경제 일반,[알에프텍] 회사합병 합병기일 (정정),DART
2026-10-05,배당/권리락,[권리락] [삼성바이오로직스] 유상증자 권리락,DART
2026-10-05,배당/권리락,[권리락] [SK디앤디] 유상증자 권리락 (정정),DART
2026-10-06,경제 일반,[캔버스엔] 유상증자 신주상장예정일 (정정),DART
2026-10-06,공모청약,[공모청약] 엠비디,38커뮤니케이션
2026-10-06,경제 일반,[삼성바이오로직스] 유상증자 신주배정기준일,DART
2026-10-06,경제 일반,[한울반도체] 유상증자 신주상장예정일 (정정),DART
2026-10-06,경제 일반,[SK디앤디] 유상증자 신주배정기준일 (정정),DART
2026-10-06,경제 일반,[엣지파운드리] 유상증자 신주상장예정일 (정정),DART
2026-10-07,경제 일반,[아센디오] 유상증자 신주상장예정일,DART
2026-10-07,정부정책,[대한민국정부] 누리호 5차 발사,korea.kr 파서
2026-10-07,경제 일반,[메타랩스] 회사합병 합병기일,DART
2026-10-07,경제 일반,[파이온엑스] 유상증자 신주상장예정일,DART
2026-10-07,경제 일반,[씨엑스아이] 유상증자 신주상장예정일,DART
2026-10-07,경제 일반,[HLB제약] 유상증자 신주상장예정일 (정정),DART
2026-10-08,경제 일반,[아이텍] 유상증자 신주상장예정일 (정정),DART
2026-10-08,경제 일반,[이렘] 유상증자 신주상장예정일 (정정),DART
2026-10-08,파생만기,[파생만기] 2026년 10월 옵션 만기일,정적계산
2026-10-10,정부정책,[대한민국정부] 「방송법」 제20조 제3항 및 제4항 위반사항 시정,korea.kr 파서
2026-10-12,공모청약,[공모청약] 래블업,38커뮤니케이션
2026-10-12,경제 일반,[툴젠] 유상증자 신주상장예정일 (정정),DART
2026-10-12,경제 일반,[HLB글로벌] 회사합병 합병기일,DART
2026-10-13,경제 일반,[퓨쳐켐] 유무상증자 신주상장예정일 (정정),DART
2026-10-13,경제 일반,[에코볼트] 회사합병 신주상장예정일 (정정),DART
2026-10-13,경제 일반,[벡트] 유상증자 신주상장예정일 (정정),DART
2026-10-13,경제 일반,[미트박스] 무상증자 신주상장예정일,DART
2026-10-13,경제 일반,[에코글로우] 유상증자 신주상장예정일,DART
2026-10-14,경제 일반,[MSDI] 유상증자 신주상장예정일 (정정),DART
2026-10-14,경제 일반,[E8] 유상증자 신주상장예정일 (정정),DART
2026-10-14,경제 일반,[제이아이테크] 유상증자 신주상장예정일,DART
2026-10-14,거시 일정,미국 9월 소비자물가지수 (CPI) 발표,정적 캘린더
2026-10-15,정부정책,[대한민국정부] 설계공모 심사,korea.kr 파서
2026-10-15,경제 일반,[주성코퍼레이션] 유상증자 신주상장예정일 (정정),DART
2026-10-15,정부정책,[대한민국정부] 각종 온·오프라인 소비 촉진 행사,korea.kr 파서
2026-10-15,공모청약,[공모청약] SK증권스팩14호,38커뮤니케이션
2026-10-16,경제 일반,[더코디] 유상증자 신주상장예정일 (정정),DART
2026-10-16,경제 일반,[인산가] 유상증자 신주상장예정일,DART
2026-10-16,경제 일반,[진원생명과학] 유상증자 신주상장예정일 (정정),DART
2026-10-18,정부정책,[대한민국정부] 온누리상품권 가맹점 등록 유효기간 만료,korea.kr 파서
2026-10-19,경제 일반,[광진실업] 유상증자 신주상장예정일 (정정),DART
2026-10-19,경제 일반,[아이오케이이엔엠] 유상증자 신주상장예정일 (정정),DART
2026-10-19,경제 일반,[휴맥스홀딩스] 회사합병 신주상장예정일 (정정),DART
2026-10-20,경제 일반,[한주에이알티] 유상증자 신주상장예정일,DART
2026-10-21,경제 일반,[일월지엠엘] 유상증자 신주상장예정일,DART
2026-10-21,경제 일반,[스코넥] 유상증자 신주상장예정일 (정정),DART
2026-10-22,실적발표,[테슬라] 실적발표,YFINANCE
2026-10-22,경제 일반,[더코디] 유상증자 신주상장예정일 (정정),DART
2026-10-23,경제 일반,[다보링크] 유상증자 신주상장예정일 (정정),DART
2026-10-23,해외학회/전시,ESMO,Google Alerts 4
2026-10-23,경제 일반,[비비안] 유상증자 신주상장예정일 (정정),DART
2026-10-23,해외학회/전시,ESMO 2026,Google Alerts 4
2026-10-24,정부정책,[대한민국정부] 제6회 양봉요리 경연대회,korea.kr 파서
2026-10-26,경제 일반,[에스에스알] 유상증자 신주상장예정일 (정정),DART
2026-10-26,경제 일반,[테라사이언스] 유상증자 신주상장예정일 (정정),DART
2026-10-26,배당/권리락,[권리락] [엘앤씨바이오] 유무상증자 권리락 (정정),DART
2026-10-27,경제 일반,[상지건설] 유상증자 신주상장예정일 (정정),DART
2026-10-27,경제 일반,[알에프텍] 회사합병 합병기일 (정정),DART
2026-10-27,경제 일반,[에코볼트] 회사합병 합병기일 (정정),DART
2026-10-27,실적발표,[SK하이닉스] 실적발표,YFINANCE
2026-10-27,경제 일반,[엘앤씨바이오] 유무상증자 신주배정기준일 (정정),DART
2026-10-28,경제 일반,[SK디앤디] 유상증자 신주상장예정일 (정정),DART
2026-10-28,거시 일정,미국 FOMC 금리결정 발표 ★,정적 캘린더
2026-10-28,실적발표,[삼성전자] 실적발표,YFINANCE
2026-10-29,실적발표,[알파벳] 실적발표,YFINANCE
2026-10-29,실적발표,[메타] 실적발표,YFINANCE
2026-10-29,실적발표,[마이크로소프트] 실적발표,YFINANCE
2026-10-29,경제 일반,[에코볼트] 회사합병 신주상장예정일 (정정),DART
2026-10-29,경제 일반,[판타지오] 유상증자 신주상장예정일 (정정),DART
2026-10-30,경제 일반,[더코디] 유상증자 신주상장예정일 (정정),DART
2026-10-30,경제 일반,[프리티] 유상증자 신주상장예정일 (정정),DART
2026-10-30,정부정책,[대한민국정부] 공모전 결과 발표,korea.kr 파서
2026-10-30,경제 일반,[SJG세종] 회사합병 합병기일,DART
2026-10-30,실적발표,[아마존] 실적발표,YFINANCE
2026-10-30,실적발표,[애플] 실적발표,YFINANCE
2026-11-01,경제 일반,[메타랩스] 회사합병 합병기일 (정정),DART
2026-11-02,경제 일반,[한국카본] 회사합병 합병기일,DART
2026-11-03,경제 일반,[SNT모티브] 회사합병 합병기일,DART
2026-11-03,경제 일반,[블루산업개발] 유상증자 신주상장예정일 (정정),DART
2026-11-03,경제 일반,[휴림에이텍] 유상증자 신주상장예정일 (정정),DART
2026-11-04,경제 일반,[SK가스] 회사합병 합병기일,DART
2026-11-05,경제 일반,[한울반도체] 유상증자 신주상장예정일 (정정),DART
2026-11-05,경제 일반,[에코프로비엠] 유상증자 신주상장예정일 (정정),DART
2026-11-06,경제 일반,[휴림에이텍] 유상증자 신주상장예정일 (정정),DART
2026-11-06,실적발표,[카카오] 실적발표,YFINANCE
2026-11-06,실적발표,[네이버] 실적발표,YFINANCE
2026-11-06,해외학회/전시,SITC 2026 면역항암학회 본행사 (~11-08),정적 캘린더
2026-11-10,경제 일반,[포커스에이아이] 유상증자 신주상장예정일 (정정),DART
2026-11-11,경제 일반,[엘앤씨바이오] 유무상증자 신주상장예정일 (정정),DART
2026-11-11,경제 일반,[하이퍼코퍼레이션] 유상증자 신주상장예정일 (정정),DART
2026-11-11,경제 일반,[아이에이] 유상증자 신주상장예정일,DART
2026-11-11,경제 일반,[이렘] 유상증자 신주상장예정일 (정정),DART
2026-11-12,경제 일반,[교보15호스팩] 회사합병 합병기일 (정정),DART
2026-11-12,거시 일정,미국 10월 소비자물가지수 (CPI) 발표,정적 캘린더
2026-11-16,경제 일반,[블루산업개발] 유상증자 신주상장예정일 (정정),DART
2026-11-16,경제 일반,[알엔투테크놀로지] 유상증자 신주상장예정일 (정정),DART
2026-11-17,경제 일반,[알에프텍] 회사합병 신주상장예정일 (정정),DART
2026-11-17,경제 일반,[에코볼트] 회사합병 신주상장예정일 (정정),DART
2026-11-18,실적발표,[엔비디아] 실적발표,YFINANCE
2026-11-18,경제 일반,[에이루트] 유상증자 신주상장예정일 (정정),DART
2026-11-19,경제 일반,[푸드나무] 유상증자 신주상장예정일 (정정),DART
2026-11-20,해외학회/전시,GM TECH EXPO 2026,Google Alerts 3
2026-11-20,경제 일반,[NAVER] 유상증자 신주상장예정일,DART
2026-11-23,경제 일반,[서울전자통신] 유상증자 신주상장예정일 (정정),DART
2026-11-25,경제 일반,[삼성FN리츠] 유상증자 신주상장예정일,DART
2026-11-25,정부정책,[금융위] 코리아 핀테크 위크(Korea Fintech Week) 2026,금융위 RSS
2026-11-27,경제 일반,[셀피글로벌] 유상증자 신주상장예정일 (정정),DART
2026-11-27,경제 일반,[대양금속] 유상증자 신주상장예정일 (정정),DART
2026-11-27,경제 일반,[블루산업개발] 유상증자 신주상장예정일 (정정),DART
2026-11-29,해외학회/전시,RSNA 2026 북미방사선학회 (의료AI 중심) (~12-03),정적 캘린더
2026-11-30,경제 일반,[삼성바이오로직스] 유상증자 신주상장예정일,DART
2026-11-30,경제 일반,[휴비츠] 회사합병 합병기일,DART
2026-11-30,경제 일반,[뷰노] 유상증자 신주상장예정일,DART
2026-11-30,경제 일반,[한울반도체] 유상증자 신주상장예정일 (정정),DART
2026-11-30,경제 일반,[큐브엔터] 유상증자 신주상장예정일 (정정),DART
2026-11-30,경제 일반,[교보15호스팩] 회사합병 신주상장예정일 (정정),DART
2026-12-01,경제 일반,[BGF에코머티리얼즈] 회사합병 합병기일,DART
2026-12-01,경제 일반,[모다이노칩] 회사합병 합병기일 (정정),DART
2026-12-04,경제 일반,[소룩스] 회사합병 합병기일 (정정),DART
2026-12-05,해외학회/전시,ASH 2026 미국혈액학회 본행사 (~12-08),정적 캘린더
2026-12-10,경제 일반,[금호전기] 유상증자 신주상장예정일 (정정),DART
2026-12-11,거시 일정,미국 11월 소비자물가지수 (CPI) 발표,정적 캘린더
2026-12-15,경제 일반,[에이루트] 유상증자 신주상장예정일 (정정),DART
2026-12-16,경제 일반,[대한항공] 회사합병 합병기일 (정정),DART
2026-12-16,거시 일정,미국 FOMC 금리결정 발표 ★,정적 캘린더
2026-12-21,경제 일반,[모다이노칩] 회사합병 신주상장예정일 (정정),DART
2026-12-24,경제 일반,[IBKS제25호스팩] 회사합병 신주상장예정일,DART
2026-12-30,경제 일반,[소룩스] 회사합병 신주상장예정일 (정정),DART
2026-12-31,정부정책,[금융위] 하반기 관계기관(금융위·금감원·예보·SIFI 등) 합동 모의훈련,금융위 RSS
2027-01-01,정부정책,[대한민국정부] 궁능 관람료 현실화 적용,korea.kr 파서
2027-01-01,정부정책,[대한민국정부] 국가 잔류검사 계획 수립 및 적용 (위해도 기반 검사 역량 집중),korea.kr 파서
2027-01-01,경제 일반,[SK이노베이션] 회사합병 합병기일 (정정),DART
2027-01-01,정부정책,[대한민국정부] 어업법인 현물출자 과세특례 상시화 적용 시작,korea.kr 파서
2027-01-01,정부정책,[대한민국정부] 목재펠릿 보일러·난로 설치 (사용 예정 시점),korea.kr 파서
2027-01-01,경제 일반,[카카오] 회사합병 합병기일,DART
2027-01-01,해외학회/전시,CES 2027,Google Alerts 3
2027-01-01,경제 일반,[파라택시스코리아] 회사합병 합병기일 (정정),DART
2027-01-01,정부정책,[대한민국정부] 모든 조사 참여자 대상 AI 건강리포트 서비스 전면 확대,korea.kr 파서
2027-01-03,해외학회/전시,CES,Google Alerts 3
2027-01-04,경제 일반,[아시아나항공] 회사합병 신주상장예정일 (정정),DART
2027-01-06,해외학회/전시,CES 2027 세계최대 가전/IT 전시회 (~01-09),정적 캘린더
2027-01-06,해외학회/전시,CES,Google Alerts 3
2027-01-11,경제 일반,[베노티앤알] 유상증자 신주상장예정일,DART
2027-01-11,해외학회/전시,JP모건 헬스케어 컨퍼런스 2027 (~01-14),정적 캘린더
2027-01-18,경제 일반,[SK이노베이션] 회사합병 신주상장예정일 (정정),DART
2027-01-18,경제 일반,[SK아이이테크놀로지] 회사합병 신주상장예정일,DART
2027-01-22,경제 일반,[한창] 유상증자 신주상장예정일 (정정),DART
2027-01-26,경제 일반,[유진스팩10호] 회사합병 합병기일 (정정),DART
2027-01-27,경제 일반,[파라택시스코리아] 회사합병 신주상장예정일 (정정),DART
2027-02-10,경제 일반,[유진스팩10호] 회사합병 신주상장예정일 (정정),DART
2027-02-12,정부정책,[대한민국정부] 우주개발 진흥법 일부개정법률 시행,korea.kr 파서
2027-02-19,경제 일반,[넥스턴앤롤코리아] 유상증자 신주상장예정일 (정정),DART
2027-03-03,경제 일반,[한화플러스제5호스팩] 회사합병 신주상장예정일,DART
2027-03-16,경제 일반,[진에어] 회사합병 합병기일,DART
2027-03-16,경제 일반,[에어부산] 회사합병 합병기일,DART
2027-03-31,경제 일반,[진에어] 회사합병 신주상장예정일,DART
2027-03-31,경제 일반,[에어부산] 회사합병 신주상장예정일,DART
2027-04-01,정부정책,[대한민국정부] 부전~마산 복선전철 부분 개통,korea.kr 파서
2027-07-01,정부정책,"[대한민국정부] 혼인지원금 및 아이맞이지원금 신설, 아동기본수당 도입",korea.kr 파서
2027-10-29,정부정책,[복지부] 문신사법 시행,복지부 RSS
2028-01-11,해외학회/전시,CES 2028,Google Alerts 3
2028-04-01,정부정책,[대한민국정부] 2028 울산국제정원박람회,korea.kr 파서
2028-06-01,정부정책,[대한민국정부] 제4차 UN해양총회,korea.kr 파서
2028-12-31,정부정책,[대한민국정부] 음식점업 부가가치세 의제매입세액공제 우대 공제율 적용,korea.kr 파서
2036-12-31,정부정책,[대한민국정부] 국내생산세액공제 적용 기한,korea.kr 파서
<<<<<<< HEAD,,nan,
=======,,nan,
>>>>>>> 7e7d915 (Build: Auto-update investment schedule database and dashboard),,nan,
>>>>>>> 947a457 (Build: Auto-update investment schedule database and dashboard),,nan,
>>>>>>> a091900 (Build: Auto-update investment schedule database and dashboard),,nan,
>>>>>>> c4f7caa (Build: Auto-update investment schedule database and dashboard),,nan,
