date_captured,source,estimated_timeline,issue,sector,target_stocks,link
2026-06-28,구글알리미RSS,단기 급등 모멘텀 발생 시점,한일 간 고위급 국방장관 회담 및 안보 협력 강화 재점화,IT·신기술,"한화에어로스페이스, LIG넥스원, 한국전기(또는 방산/IT 대기업)",https://www.google.com/url?rct=j&sa=t&url=https://news.bbsi.co.kr/news/articleView.html%3Fidxno%3D4091694&ct=ga&cd=CAIyHDIyYjNhMWU0Mjg4Zjc0Yjg6Y28ua3I6a286S1I&usg=AOvVaw3Fn4wLsONTkC6zSOvkgTDU
2026-06-28,구글알리미RSS,단기적(즉각적) 변동성 확대 및 중장기 지정학 리스크 반영 시점,호르무즈 해협 불안정화에 따른 글로벌 에너지 공급망 붕괴 우려 증폭,전력·에너지 / IT·신기술 (방산 포함),"한화에어로스페이스, LIG넥스원, SK이노베이션(또는 정유/화학 대형사)",https://www.google.com/url?rct=j&sa=t&url=https://www.hani.co.kr/arti/international/arabafrica/1265589.html&ct=ga&cd=CAIyHDIyYjNhMWU0Mjg4Zjc0Yjg6Y28ua3I6a286S1I&usg=AOvVaw1Y82sJ8OtFm_9uBPtJBFXQ
2026-06-28,구글알리미RSS,단기 집중 모멘텀 (향후 1~3개월),엔비디아 CEO 방한 및 새만금 대규모 첨단 산업 유치 협상 가시화,반도체 / AI·로봇,"한미반도체, 이수페ีย오, 삼성전자",https://www.google.com/url?rct=j&sa=t&url=https://www.chosun.com/politics/politics_general/2026/06/27/FFQWETUSYNFEJPZRQRX4DOJVII/&ct=ga&cd=CAIyHGIwMWZkOWYxZTVlNDMzZjQ6Y28ua3I6a286S1I&usg=AOvVaw00MHOm2cD3sDJkG9WQTszS
2026-06-28,구글알리미RSS,단기적 정책 모멘텀 발생 시점 (향후 1~3개월),글로벌 AI 거물(젠슨 황)의 국내 지역 투자 검토 및 대규모 인프라 구축 논의,AI·로봇 / IT·신기술,"삼성전자, SK하이닉스, LS ELECTRIC",https://www.google.com/url?rct=j&sa=t&url=https://mobile.newsis.com/view/NISX20260627_0003686133&ct=ga&cd=CAIyHGIwMWZkOWYxZTVlNDMzZjQ6Y28ua3I6a286S1I&usg=AOvVaw3lEwvL12Z6yTRBZ-qToKs6
2026-06-28,구글알리미RSS,이달 중순~하반기,한미 정상 간 골프 외교 및 정치적 친분 모멘텀 형성,전력·에너지,"한국전력, HD현대일렉트릭, LS ELECTRIC",https://www.google.com/url?rct=j&sa=t&url=https://www.golftimes.co.kr/news/articleView.html%3Fidxno%3D200873&ct=ga&cd=CAIyHGIwMWZkOWYxZTVlNDMzZjQ6Y28ua3I6a286S1I&usg=AOvVaw24JNyeDMmi8Rvulbs2cam_
2026-06-29,구글알리미RSS,단기적(향후 1~3개월),중동 지역 지정학적 긴장 고조 및 에너지 공급망 불안정 심화,전력·에너지,"SK에너지, GS칼텍스, 한국가스공사",https://www.google.com/url?rct=j&sa=t&url=https://news.jtbc.co.kr/article/NB12305405&ct=ga&cd=CAIyHDIyYjNhMWU0Mjg4Zjc0Yjg6Y28ua3I6a286S1I&usg=AOvVaw1OzoMpcGR6HJiDjB7KNkmS
2026-06-29,구글알리미RSS,하반기 주요 안보 포럼 및 연합훈련 전후,"한미일 3국 간 첨단 국방 기술(AI, 무인체계) 협력 강화 모멘텀",AI·로봇,"한화에어로스페이스, LIG넥스원, 한국항공우주",https://www.google.com/url?rct=j&sa=t&url=https://www.hidomin.com/news/articleView.html%3Fidxno%3D711040&ct=ga&cd=CAIyHDIyYjNhMWU0Mjg4Zjc0Yjg6Y28ua3I6a286S1I&usg=AOvVaw3BJkeyX4FVLVKxtqbJdX8e
2026-06-29,구글알리미RSS,2025년 상반기 정책 발표 및 관광 시즌 개막 전,한중 간 관광 교류 활성화 및 국가 차원의 '한중 관광의 해' 추진 모멘텀,"IT·신기술 (스마트 관광 인프라, 디지털 여행 플랫폼)","호텔신라, 하나투어, 에어부산",https://www.google.com/url?rct=j&sa=t&url=https://www.sedaily.com/article/20060926&ct=ga&cd=CAIyHDIyYjNhMWU0Mjg4Zjc0Yjg6Y28ua3I6a286S1I&usg=AOvVaw3LLjCbKlwtyPM9wtio1kIQ
2026-06-29,구글알리미RSS,단기적 지정학 리스크 고조 시점,미·중 기술 패권 경쟁 심화 및 공급망 재편 가속화,반도체,"삼성전자, SK하이닉스, 한미반도체",https://www.google.com/url?rct=j&sa=t&url=https://www.g-enews.com/article/Global-Biz/2026/06/2026062723071751550c8c1c064d_1&ct=ga&cd=CAIyHDIyYjNhMWU0Mjg4Zjc0Yjg6Y28ua3I6a286S1I&usg=AOvVaw3zwFFZGLvQ2A83bLwl5MXv
2026-06-29,구글알리미RSS,정책 논의 심화 단계 및 국회 회기 중,"대통령 기록물 공개를 통한 남북 관계, 노동 정책 등 국가 핵심 자산 재조명 모멘텀",IT·신기술,"한국전력공사, 삼성SDS, LG CNS",https://www.google.com/url?rct=j&sa=t&url=https://www.koreaeaglenews.com/news/articleView.html%3Fidxno%3D102055&ct=ga&cd=CAIyHDIyYjNhMWU0Mjg4Zjc0Yjg6Y28ua3I6a286S1I&usg=AOvVaw3mOnTXQjyp9mpKYMvAa8jn
2026-06-29,구글알리미RSS,불특정 다수/지속적 지정학적 모멘텀,미-이란 협상 이후 북미 간 핵 군축 및 대화 재개 가능성 부각,전력·에너지,"한화에어로스페이스, LIG넥스원, 한국전력공사",https://www.google.com/url?rct=j&sa=t&url=https://www.spnews.co.kr/news/articleView.html%3Fidxno%3D108506&ct=ga&cd=CAIyHDIyYjNhMWU0Mjg4Zjc0Yjg6Y28ua3I6a286S1I&usg=AOvVaw0iXatIl8-JeYnPilxn21gm
2026-06-29,구글알리미RSS,정치적 이벤트 발생 시점 또는 국회 회기 중 단기 모멘텀,남북 관계 개선 가능성 재부각 및 대화 복원 논의 가시화,전력·에너지,"HD현대일렉트릭, LS ELECTRIC, 두산에너빌리티",https://www.google.com/url?rct=j&sa=t&url=https://www.obsnews.co.kr/news/articleView.html%3Fidxno%3D1528941&ct=ga&cd=CAIyHDIyYjNhMWU0Mjg4Zjc0Yjg6Y28ua3I6a286S1I&usg=AOvVaw1WeAOGtpDISj9NRPVEL98T
2026-07-01,구글알리미RSS,미국 중간선거 전후 및 중동 지역 지정학적 리스크 완화 시점,미-이란 갈등 고조 자제에 따른 글로벌 에너지 시장 안정화 모멘텀,전력·에너지,"한국전력, 발전공기업 관련주, 원자재/유틸리티 대형주",https://www.google.com/url?rct=j&sa=t&url=https://www.khan.co.kr/article/202606291556001&ct=ga&cd=CAIyHDIyYjNhMWU0Mjg4Zjc0Yjg6Y28ua3I6a286S1I&usg=AOvVaw2VmLvfXKZM4gql__UHlAK7
2026-07-01,구글알리미RSS,2024년 하반기부터 가시화되는 산업 자동화 사이클,제조업 현장 로봇 도입 확대 및 스마트팩토리 구축 가속화 모멘텀,AI·로봇,"두산로보틱스, 레인보우로보틱스, 현대위아 (산업 자동화 부문)",https://www.google.com/url?rct=j&sa=t&url=https://www.finance-scope.com/article/view/scp202606300012&ct=ga&cd=CAIyHDIyYjNhMWU0Mjg4Zjc0Yjg6Y28ua3I6a286S1I&usg=AOvVaw1XHIR8Y49ssy0exefcHuF2
2026-07-01,구글알리미RSS,하반기 정책 발표 및 대규모 투자 MOU 체결 시점,정부 주도 '호남 반도체 클러스터' 구축 가속화 및 글로벌 자본 유치 모멘텀 확보,반도체,"삼성전자, SK하이닉스, 한미반도체",https://www.google.com/url?rct=j&sa=t&url=https://www.esgeconomy.com/news/articleView.html%3Fidxno%3D15892&ct=ga&cd=CAIyHDIyYjNhMWU0Mjg4Zjc0Yjg6Y28ua3I6a286S1I&usg=AOvVaw3TEKd5dcxy33ohfzy32xPR
2026-07-01,구글알리미RSS,2024년 하반기 (지정학적 리스크 고조 시점),우크라이나 등 지정학적 불안정 지역 관련 고위급 방한 및 국제 안보 협력 강화,전력·에너지 / IT·신기술,"한화에어로스페이스, 현대중공업그룹, LS ELECTRIC",https://www.google.com/url?rct=j&sa=t&url=https://v.daum.net/v/20260630105631041&ct=ga&cd=CAIyHDIyYjNhMWU0Mjg4Zjc0Yjg6Y28ua3I6a286S1I&usg=AOvVaw11EDvcVCtRi23GAj6k784d
2026-07-01,구글알리미RSS,지속적/단기 정책 모멘텀,국제 질서 불안정 심화에 따른 한국의 민주주의 및 기술 신뢰도 부각,IT·신기술,"삼성전자, SK하이닉스, 한화시스템",https://www.google.com/url?rct=j&sa=t&url=https://www.joongang.co.kr/article/25440975&ct=ga&cd=CAIyHGIwMWZkOWYxZTVlNDMzZjQ6Y28ua3I6a286S1I&usg=AOvVaw3mawrA31SrkIO1g5aOwNrd
2026-07-01,구글알리미RSS,6월 중순 이후 (여름 성수기 및 신규 관광상품 출시 시점),문체부 주도 경북 지역 문화 자원 연계 해외 관광객 유치 마케팅 강화,IT·신기술,"코레일, 한국문화정보통신(가상),지역 기반 스마트관광 플랫폼 기업",https://www.google.com/url?rct=j&sa=t&url=http://m.ctnews.kr/article.php%3Faid%3D1782725239452600142&ct=ga&cd=CAIyHGIwMWZkOWYxZTVlNDMzZjQ6Y28ua3I6a286S1I&usg=AOvVaw3fmiiiHPVLQF-BD_ChCj2u
2026-07-01,구글알리미RSS,지속적 모멘텀 유지 및 정책 발표 시점,정부 주도 글로벌 AI 허브 유치 전략 가속화 및 국정원팀 운영 체계 확립,AI·로봇,"삼성전자, SK하이닉스, 한화시스템",https://www.google.com/url?rct=j&sa=t&url=https://www.newspim.com/news/view/20260629001237&ct=ga&cd=CAIyHGIwMWZkOWYxZTVlNDMzZjQ6Y28ua3I6a286S1I&usg=AOvVaw3AmfbjXoMYOFevlIXGWPfQ
2026-07-01,구글알리미RSS,단기적(주요 국제회의 전후) 및 상시 모멘텀 지속,G7/NATO 회의를 통한 지정학적 리스크 대응 강화 및 핵심 산업 공급망 재편 가속화,전력·에너지,"LS ELECTRIC, HD현대일렉트릭, 현대중공업(방산/해양 인프라 연계)",https://www.google.com/url?rct=j&sa=t&url=https://www.newscj.com/news/articleView.html%3Fidxno%3D3412795&ct=ga&cd=CAIyHGIwMWZkOWYxZTVlNDMzZjQ6Y28ua3I6a286S1I&usg=AOvVaw0DJ005ShWXjZp2h2VnYXaF
2026-07-01,구글알리미RSS,3분기 중순 이후 (미국 및 중국 관련 공식 일정 발표 시점),주요국(미·중) 대상 고위급 외교 및 국정 현안 협의 지속 모멘텀,IT·신기술 / AI·로봇,"삼성전자, SK하이닉스, 한화시스템",https://www.google.com/url?rct=j&sa=t&url=https://www.chosun.com/politics/goverment/2026/06/29/DIA5RZGDJJCMVH4RYKZQYHFZAQ/&ct=ga&cd=CAIyHGIwMWZkOWYxZTVlNDMzZjQ6Y28ua3I6a286S1I&usg=AOvVaw0j4fPEazEVHo0I-zokOZej
2026-07-01,구글알리미RSS,단기적/당일 정치 일정에 따른 정책 모멘텀 발생,국내 주요 정치인 간의 만남을 통한 당권 재편 및 거시 경제 정책 방향성 논의,AI·로봇 (정책 변화에 따른 정부 주도 산업 육성 기대),"삼성전자, 한화시스템, 현대차(전기차/미래 모빌리티 관련 수혜 예상)",https://www.google.com/url?rct=j&sa=t&url=https://www.timenews.co.kr/article/1700547&ct=ga&cd=CAIyHGIwMWZkOWYxZTVlNDMzZjQ6Y28ua3I6a286S1I&usg=AOvVaw1LKAnNHYuxvjd3srumhQUn
2026-07-01,구글알리미RSS,APEC 개최 임박 시점,대규모 국제회의(APEC) 성공적 유치 및 운영 준비 가속화,IT·신기술,"삼성전기, LG전자, SK하이닉스",https://www.google.com/url?rct=j&sa=t&url=https://www.gugaktimes.com/news/article.html%3Fno%3D82614&ct=ga&cd=CAIyHGIwMWZkOWYxZTVlNDMzZjQ6Y28ua3I6a286S1I&usg=AOvVaw0HDGFD4sw0HBHGAJOgQUtv
2026-07-01,구글알리미RSS,단기적 (국회 일정에 따라 변동성 확대),원구성 협상 결렬 및 법안 처리 과정의 정치적 갈등 심화,IT·신기술,"삼성SDS, KT, SK텔레콤",https://www.google.com/url?rct=j&sa=t&url=https://news.einfomax.co.kr/news/articleViewAmp.html%3Fidxno%3D4422617&ct=ga&cd=CAIyHGIwMWZkOWYxZTVlNDMzZjQ6Y28ua3I6a286S1I&usg=AOvVaw3BScWi8Vf56Vk818Oee4zW
2026-07-01,구글알리미RSS,단기적 지속 모멘텀 (북중 간 정책 발표 시점),북한-중국 관계의 전략적 공고화 및 경제 협력 재개 기대감,미중 패권전쟁,"포스코인터내셔널, LS ELECTRIC, 현대엔지니어링",https://www.google.com/url?rct=j&sa=t&url=https://www.yna.co.kr/view/AKR20260701011951504&ct=ga&cd=CAIyHDIyYjNhMWU0Mjg4Zjc0Yjg6Y28ua3I6a286S1I&usg=AOvVaw3r3T5d1Mo4yMaNA1SHLBmo
2026-07-01,구글알리미RSS,단기적 (차기 외교 일정 발표 시점),한-우크라 간 인도주의 및 국제법 기반 공조 강화 모멘텀,IT·신기술,"삼성전자, LG전자, SK하이닉스",https://www.google.com/url?rct=j&sa=t&url=https://www.jayupress.com/news/articleViewAmp.html%3Fidxno%3D52142&ct=ga&cd=CAIyHDIyYjNhMWU0Mjg4Zjc0Yjg6Y28ua3I6a286S1I&usg=AOvVaw05dVFl97roENd3f28MJUGC
2026-07-01,구글알리미RSS,단기적 지정학 리스크 고조에 따른 변동성 확대 시점,미·러 갈등 심화 및 북한 관련 외교 불안정성 증대,전력·에너지,"한화에어로스페이스, 포스코퓨처엠, HD현대일렉트릭",https://www.google.com/url?rct=j&sa=t&url=http://www.jajusibo.com/70446&ct=ga&cd=CAIyHDIyYjNhMWU0Mjg4Zjc0Yjg6Y28ua3I6a286S1I&usg=AOvVaw0BUeBsntVmOGHia5NnZvva
2026-07-02,구글알리미RSS,MOU 체결 직후 단기 모멘텀 지속,서남권 첨단산업 클러스터 구축 및 대규모 투자 확정,반도체,"삼성전자, SK하이닉스, 한미반도체",https://www.google.com/url?rct=j&sa=t&url=https://www.youtube.com/watch%3Fv%3Dj_SiYpXQ2Po&ct=ga&cd=CAIyHDIyYjNhMWU0Mjg4Zjc0Yjg6Y28ua3I6a286S1I&usg=AOvVaw3L-yRsL_WemuB7MuJybQA7
2026-07-02,구글알리미RSS,단기적 모멘텀 지속,한-우크라 협력 강화 및 국내 반도체 투자 유치 성과 가시화,반도체,"삼성전자, SK하이닉스, 한미반도체",https://www.google.com/url?rct=j&sa=t&url=https://www.yonhapnewstv.co.kr/news/AKR202606301620277OX&ct=ga&cd=CAIyHDIyYjNhMWU0Mjg4Zjc0Yjg6Y28ua3I6a286S1I&usg=AOvVaw3N_pxyoQUY48Pp9a0-EEXM
2026-07-03,구글알리미RSS,9월 정상회담 전후 및 지정학적 리스크 고조 시점,미·중 갈등 심화에 따른 대만 문제 등 외교적 불확실성 증대,미중 패권전쟁 / IT·신기술,"한화에어로스페이스, LIG넥스원, 삼성전자 (방산 및 첨단 기술 공급망)",https://www.google.com/url?rct=j&sa=t&url=https://www.newspim.com/news/view/20260702000048&ct=ga&cd=CAIyHDIyYjNhMWU0Mjg4Zjc0Yjg6Y28ua3I6a286S1I&usg=AOvVaw0cQJygQ5LEBjEmVgx7qq7R
2026-07-03,구글알리미RSS,AI 관련 주요 글로벌 컨퍼런스 기간,빅테크 거물들의 AI 협력 및 전략적 파트너십 모색,AI·로봇,"삼성전자, SK하이닉스, 한미반도체",https://www.google.com/url?rct=j&sa=t&url=https://www.ebn.co.kr/externalArticle/posco/view.html%3Fidxno%3D1714743&ct=ga&cd=CAIyHGIwMWZkOWYxZTVlNDMzZjQ6Y28ua3I6a286S1I&usg=AOvVaw1QoUIm4dF9JiY78QsmGKoZ
2026-07-03,구글알리미RSS,단기적 모멘텀 지속 (젠슨 황 효과),AI 인프라 병목 해소 및 글로벌 GPU 공급망 확보 경쟁 심화,반도체 / AI·로봇,"SK하이닉스, 삼성전자, 한미반도체",https://www.google.com/url?rct=j&sa=t&url=https://www.ddaily.co.kr/page/view/2026061817161443675&ct=ga&cd=CAIyHGIwMWZkOWYxZTVlNDMzZjQ6Y28ua3I6a286S1I&usg=AOvVaw0FO-oKUd88OqcTrwkHUJ6n
2026-07-03,구글알리미RSS,7월 초순,한-몽골 정상회담 및 MOU 교환을 통한 국제 에너지·인프라 협력 모멘텀,전력·에너지,"두산에너빌리티, 현대건설, 포스코인터내셔널",https://www.google.com/url?rct=j&sa=t&url=https://www.mt.co.kr/politics/2026/07/03/2026070311300026660&ct=ga&cd=CAIyHDIyYjNhMWU0Mjg4Zjc0Yjg6Y28ua3I6a286S1I&usg=AOvVaw2znqNzzLZ_1pfjlCH2omOi
2026-07-03,구글알리미RSS,단기 (7월 초순),한-몽 국교 정상회담 및 K-방산 수출 협력 강화 모멘텀,IT·신기술,"한화에어로스페이스, LIG넥스원, 현대로템",https://www.google.com/url?rct=j&sa=t&url=https://news.einfomax.co.kr/news/articleView.html%3Fidxno%3D4423297&ct=ga&cd=CAIyHDIyYjNhMWU0Mjg4Zjc0Yjg6Y28ua3I6a286S1I&usg=AOvVaw2A9GXMypxDT1k_vmP_Libo
2026-07-04,구글알리미RSS,7월 초순 ~ 11일경,이재명 대통령의 NATO 정상회의 및 몽골 국빈방문 등 외교 활동 강화,IT·신기술,"한화에어로스페이스, LIG넥스원, 삼성전자",https://www.google.com/url?rct=j&sa=t&url=https://www.joongang.co.kr/article/25442214&ct=ga&cd=CAIyHDIyYjNhMWU0Mjg4Zjc0Yjg6Y28ua3I6a286S1I&usg=AOvVaw2yAmyHl3D5GWwqV1ERlhi8
2026-07-04,구글알리미RSS,단기적 (금감원 제재 발표 직후),금융당국의 보험사 불공정 거래 적발 및 제도 개선 요구 증대(글로벌 컴플라이언스 강화 반영),IT·신기술,"NICE평가정보, 코스콤, 삼성SDS",https://www.google.com/url?rct=j&sa=t&url=https://www.dailybrief.co.kr/news/articleView.html%3Fidxno%3D6255&ct=ga&cd=CAIyHGIwMWZkOWYxZTVlNDMzZjQ6Y28ua3I6a286S1I&usg=AOvVaw1fuaVDr1oa6EfPBDgS6sAB
2026-07-04,구글알리미RSS,단기 (조만간),미-이스라엘 간 안보 협력 강화 및 중동 지역 영향력 확대 모멘텀,전력·에너지,"한화에어로스페이스, LIG넥스원, 한국전력공사",https://www.google.com/url?rct=j&sa=t&url=https://www.kairnews.com/news/501899&ct=ga&cd=CAIyHGIwMWZkOWYxZTVlNDMzZjQ6Y28ua3I6a286S1I&usg=AOvVaw2ft6MBfgNU5JCVOgKvXJBt
2026-07-06,구글알리미RSS,단기적 (글로벌 주요 안보 회의 전후),미 대선인물 중심의 글로벌 방산 시장 재편 및 무기 수출 확대 압박,AI·로봇,"한화에어로스페이스, LIG넥스원, 한국항공우주(KAI)",https://www.google.com/url?rct=j&sa=t&url=https://v.daum.net/v/20260706055101767&ct=ga&cd=CAIyHDIyYjNhMWU0Mjg4Zjc0Yjg6Y28ua3I6a286S1I&usg=AOvVaw1baMiZd3oqhfz7YFak8Y_x
2026-07-06,구글알리미RSS,단기 (NATO 정상회의 및 미-우크라이나 회담 전후),트럼프 재집권 가능성 부각에 따른 대(對)러시아 정책 변화 및 유럽 안보 강화 모멘텀,전력·에너지 / IT·신기술,"한화에어로스페이스, LIG넥스원, HD현대일렉트릭",https://www.google.com/url?rct=j&sa=t&url=https://mobile.newsis.com/view_amp.html%3Far_id%3DNISX20260706_0003696460&ct=ga&cd=CAIyHDIyYjNhMWU0Mjg4Zjc0Yjg6Y28ua3I6a286S1I&usg=AOvVaw1Y8p6_aDl7pSfKN-QH3M5F
2026-07-06,구글알리미RSS,단기적 변동성 확대 및 지속적 모멘텀 유지,중국-북한 간 최고위급 정치 결속 강화에 따른 한반도 지정학적 리스크 재부각,전력·에너지 (지역 인프라 구축 및 에너지 자원 교류 가능성),"한국전력공사, 두산에너빌리티, HD현대일렉트릭",https://www.google.com/url?rct=j&sa=t&url=https://www.nocutnews.co.kr/news/6543172&ct=ga&cd=CAIyHDIyYjNhMWU0Mjg4Zjc0Yjg6Y28ua3I6a286S1I&usg=AOvVaw0YyvP4KIp66hS8SvtsXl9y
2026-07-06,구글알리미RSS,이달 중순 이후 (정치적 이벤트 발생 시),미국 측의 중국 인권 및 종교 자유 문제 직접 제기 및 압박 강화,미중 패권전쟁,"삼성전자, SK하이닉스, 한화에어로스페이스",https://www.google.com/url?rct=j&sa=t&url=https://www.chosun.com/international/us/2026/07/05/6ALNIKBXMZBPVAFSH3YQHJBYNI/&ct=ga&cd=CAIyHDIyYjNhMWU0Mjg4Zjc0Yjg6Y28ua3I6a286S1I&usg=AOvVaw3BtfiZe-yEdDTV-Irp5KFX
2026-07-06,구글알리미RSS,단기 지정학적 이벤트 발생 시점,트럼프의 중동(시리아) 외교 개입 및 국제 에너지 질서 재편 모멘텀,전력·에너지,"한화에어로스페이스, LIG넥스원, 한국전력공사",https://www.google.com/url?rct=j&sa=t&url=https://mobile.newsis.com/view_amp.html%3Far_id%3DNISX20260706_0003696466&ct=ga&cd=CAIyHGIwMWZkOWYxZTVlNDMzZjQ6Y28ua3I6a286S1I&usg=AOvVaw2rohWHRsZIz-8DYE75DyKM
2026-07-06,구글알리미RSS,차주 초순,트럼프-네타냐후 회동에 따른 중동 지정학적 리스크 및 방산 수요 모멘텀,전력·에너지 / IT·신기술,"한화에어로스페이스, LIG넥스원, 현대중공업",https://www.google.com/url?rct=j&sa=t&url=https://www.newsworks.co.kr/news/articleView.html%3Fidxno%3D846121&ct=ga&cd=CAIyHGIwMWZkOWYxZTVlNDMzZjQ6Y28ua3I6a286S1I&usg=AOvVaw2M3046J3WTLCvPYSDZtWv2
2026-07-06,구글알리미RSS,단기 모멘텀 지속 및 후속 임상 결과 발표 시점,항노화(Anti-aging) 바이오 기술 공동 연구개발 가시화 및 신약 파이프라인 기대감,BIO·의료AI,"이노진, 휴믹, 삼성바이오로직스 (또는 셀트리온 등 대형 CMO/CDMO 기업)",https://www.google.com/url?rct=j&sa=t&url=https://www.finance-scope.com/article/view/scp202607060009&ct=ga&cd=CAIyHDIyYjNhMWU0Mjg4Zjc0Yjg6Y28ua3I6a286S1I&usg=AOvVaw3EZZ_AxUUVl-FPO7BNPKAU
2026-07-06,구글알리미RSS,하반기 주요 국제회의 전후 (단기 모멘텀),트럼프 주도 우크라이나 전쟁 중재 재시동 및 지정학적 리스크 완화 기대감,전력·에너지,"한화에어로스페이스, LS ELECTRIC, HD현대일렉트릭",https://www.google.com/url?rct=j&sa=t&url=http://www.joseilbo.com/news/htmls/2026/07/20260706571342.html&ct=ga&cd=CAIyHGIwMWZkOWYxZTVlNDMzZjQ6Y28ua3I6a286S1I&usg=AOvVaw1WOxnJ64sHe4EIBCnaRmbY
2026-07-06,구글알리미RSS,"단기적, K-푸드 수출 관련 이벤트 시점",젠슨 황의 참기름 등 K-푸드 극찬에 따른 해외 시장 관심 증폭,BIO·의료AI (식품/건강 기능성 연계),"CJ제일제당, 대상, 풀무원(또는 국내 주요 식품 수출 기업)",https://www.google.com/url?rct=j&sa=t&url=http://m.youngnong.co.kr/news/ampArticleView.html%3Fidxno%3D60686&ct=ga&cd=CAIyHGIwMWZkOWYxZTVlNDMzZjQ6Y28ua3I6a286S1I&usg=AOvVaw0av20Ic7909DAmbxRIG9ko
2026-07-06,구글알리미RSS,단기적 (금감원 제재 발표 직후),자산운용사 내부 통제 시스템 및 펀드 비용 처리 투명성 강화 이슈 부각,IT·신기술,"삼성SDS, 코스콤, 금융IT 솔루션 제공 기업 (예: 한화시스템 등)",https://www.google.com/url?rct=j&sa=t&url=https://www.dailybrief.co.kr/news/articleView.html%3Fidxno%3D6259&ct=ga&cd=CAIyHGIwMWZkOWYxZTVlNDMzZjQ6Y28ua3I6a286S1I&usg=AOvVaw2i_bfNztf32iDK1gaa7247
2026-07-07,구글알리미RSS,단기적 모멘텀 지속 및 연말 계약 가시화 기대,캐나다 잠수함 프로젝트 수주 확정 및 방산 수출 대형 모멘텀 부각,IT·신기술 (첨단 국방 시스템 통합),"한화오션, LIG넥스원, HD현대중공업",https://www.google.com/url?rct=j&sa=t&url=https://stock.mk.co.kr/news/view/1116565&ct=ga&cd=CAIyHDIyYjNhMWU0Mjg4Zjc0Yjg6Y28ua3I6a286S1I&usg=AOvVaw1wYmaKCff4bPMW_S3Rpgvm
2026-07-07,구글알리미RSS,단기 모멘텀 (출국 전후),NATO 방산외교 및 국제 안보 협력 강화에 따른 수출 기회 확대,IT·신기술,"한화에어로스페이스, LIG넥스원, KAI(한국항공우주)",https://www.google.com/url?rct=j&sa=t&url=https://m.joseilbo.com/news/view.htm%3Fnewsid%3D571403%26class2%3D%26class%3D5&ct=ga&cd=CAIyHDIyYjNhMWU0Mjg4Zjc0Yjg6Y28ua3I6a286S1I&usg=AOvVaw3lfb6zrpW3Cy6m3nrcVEdR
2026-07-07,구글알리미RSS,단기적 모멘텀 지속 및 후속 협력 발표 시점,인도네시아-벨라루스 간 I-EAEU FTA 비준 및 방산/산업 기술 협력 강화,전력·에너지 (신흥국 인프라 투자 확대),"한화에어로스페이스, LIG넥스원, LS ELECTRIC",https://www.google.com/url?rct=j&sa=t&url=https://haninpost.com/archives/129443&ct=ga&cd=CAIyHDIyYjNhMWU0Mjg4Zjc0Yjg6Y28ua3I6a286S1I&usg=AOvVaw0pVXr-Ne010V_TGxwHYc0s
2026-07-07,구글알리미RSS,금주~차주 단기 모멘텀,신흥국 시장 공략을 위한 국가 간 전략적 외교 및 인프라 협력 강화,전력·에너지,"두산에너빌리티, 현대건설, 한전기술",https://www.google.com/url?rct=j&sa=t&url=https://v.daum.net/v/20260707053902985&ct=ga&cd=CAIyHDIyYjNhMWU0Mjg4Zjc0Yjg6Y28ua3I6a286S1I&usg=AOvVaw1kt6hC_Xqlr32FCtqM3quX
2026-07-07,구글알리미RSS,단기 모멘텀 발생 가능 (금주~차주),이재용 회장 선밸리 방문 및 글로벌 빅테크와의 HBM/파운드리 협력 논의 가시화,반도체 / AI·로봇,"삼성전자, SK하이닉스, 한미반도체",https://www.google.com/url?rct=j&sa=t&url=http://www.00news.co.kr/news/articleView.html%3Fidxno%3D104935&ct=ga&cd=CAIyHGIwMWZkOWYxZTVlNDMzZjQ6Y28ua3I6a286S1I&usg=AOvVaw0Bxqwv5dH6qfBELbfUkw7o
2026-07-08,구글알리미RSS,북대서양조약기구(NATO) 정상회의 기간 중 단기 모멘텀,한-캐나다 간 첨단 기술 협력 강화 및 글로벌 AI 표준화 논의 구체화,AI·로봇,"삼성전자, SK하이닉스, 네이버/카카오 등 국내 대형 IT 플랫폼 기업",https://www.google.com/url?rct=j&sa=t&url=https://www.hani.co.kr/arti/politics/bluehouse/1267194.html&ct=ga&cd=CAIyHGIwMWZkOWYxZTVlNDMzZjQ6Y28ua3I6a286S1I&usg=AOvVaw3p-loWzmWZsyWjpiggmAcx
2026-07-08,구글알리미RSS,이달 중순 ~ 하반기 초,대형 자산운용사의 글로벌 금융 시장 진출 및 M&A 시너지 극대화,IT·신기술,"삼성증권, NH투자증권, 코스피 상장 결제/인프라 관련주",https://www.google.com/url?rct=j&sa=t&url=https://www.dailybrief.co.kr/news/articleView.html%3Fidxno%3D6275&ct=ga&cd=CAIyHGIwMWZkOWYxZTVlNDMzZjQ6Y28ua3I6a286S1I&usg=AOvVaw3pjYmEUuK53RXDoc6r43qN
2026-07-08,구글알리미RSS,중동 리스크 고조 시점 및 하반기,한-UAE 간 원유 안보 강화 기반의 에너지 인프라 및 AI 협력 확대,전력·에너지,"두산에너빌리티, 한국전력공사, 현대건설",https://www.google.com/url?rct=j&sa=t&url=http://www.e-platform.net/news/articleViewAmp.html%3Fidxno%3D103662&ct=ga&cd=CAIyHDIyYjNhMWU0Mjg4Zjc0Yjg6Y28ua3I6a286S1I&usg=AOvVaw0jS6QQX934R9txaolLBGIF
2026-07-08,구글알리미RSS,6월 중순 이후 (후속 협력 프로젝트 발표 시점),프랑스-시리아 외교 관계 복원 및 대테러 군사/인프라 협력 재개 모멘텀,전력·에너지,"HD현대일렉트릭, LS ELECTRIC, 한전기술",https://www.google.com/url?rct=j&sa=t&url=https://imnews.imbc.com/news/2026/world/article/6835849_36925.html&ct=ga&cd=CAIyHDIyYjNhMWU0Mjg4Zjc0Yjg6Y28ua3I6a286S1I&usg=AOvVaw1_usHk3UXrmuC15s-GzyvM
2026-07-08,구글알리미RSS,2024년 하반기 ~ 2025년 상반기,한·미 주도 인태지역 소형모듈원자로(SMR) 도입 MOU 체결 및 에너지 안보 협력 강화,전력·에너지,"두산에너빌리티, 한국전력기술, 원자력 기자재 관련 중소형주",https://www.google.com/url?rct=j&sa=t&url=https://www.hani.co.kr/arti/politics/politics_general/1267214.html&ct=ga&cd=CAIyHDIyYjNhMWU0Mjg4Zjc0Yjg6Y28ua3I6a286S1I&usg=AOvVaw04gsCuU8QjZjlnobyvzX4W
2026-07-08,구글알리미RSS,G7 및 한-캐나다 정상회담 후속 협력 발표 시점,글로벌 에너지 안보 확보를 위한 핵심광물 공급망 다변화 전략,전력·에너지,"포스코퓨처엠, LG화학, 현대제철",https://www.google.com/url?rct=j&sa=t&url=https://www.nnewss.com/news/articleView.html%3Fidxno%3D4917&ct=ga&cd=CAIyHDIyYjNhMWU0Mjg4Zjc0Yjg6Y28ua3I6a286S1I&usg=AOvVaw0_YkltXRDr9SY4gMyBqbsX
2026-07-08,구글알리미RSS,단기적 모멘텀 지속 (국제 회의 및 계약 발표 시점),K 방산 수출 확대 및 유럽/아프리카 시장 공략 가속화,IT·신기술 (방위산업 기술 집약도 반영),"한화에어로스페이스, LIG넥스원, 현대로템",https://www.google.com/url?rct=j&sa=t&url=http://breaknews.com/1220102&ct=ga&cd=CAIyHGIwMWZkOWYxZTVlNDMzZjQ6Y28ua3I6a286S1I&usg=AOvVaw3ID_MiSKuQOMPfQw7cKASQ
2026-07-09,구글알리미RSS,이달 중순~하반기 초,한-몽 핵심광물 공급망 확보 및 외교적 협력 강화,전력·에너지,"포스코퓨처엠, 한국광물공사 관련주, 이차전지 소재 기업",https://www.google.com/url?rct=j&sa=t&url=https://www.youtube.com/watch%3Fv%3Df9TO-BE9kg4&ct=ga&cd=CAIyHDIyYjNhMWU0Mjg4Zjc0Yjg6Y28ua3I6a286S1I&usg=AOvVaw0dve5I4R9CSWfwikD5g-Rt
2026-07-10,구글알리미RSS,단기 모멘텀 지속 (CEPA 후속 조치 발표 시점),한·몽 CEPA 원칙적 타결에 따른 경제 협력 및 자원 교류 확대,전력·에너지 / IT·신기술,"현대건설, 삼성물산, 한국전력공사(또는 관련 에너지 인프라 기업)",https://www.google.com/url?rct=j&sa=t&url=https://www.industrynews.co.kr/news/articleView.html%3Fidxno%3D83148&ct=ga&cd=CAIyHDIyYjNhMWU0Mjg4Zjc0Yjg6Y28ua3I6a286S1I&usg=AOvVaw3JVfL4M6eDOy24TDtdU3Ge
2026-07-10,구글알리미RSS,단기 모멘텀 지속,국가 주도 대규모 에너지 자원 확보 및 해외 협력 성공,전력·에너지,"포스코홀딩스, 현대제철, LS ELECTRIC",https://www.google.com/url?rct=j&sa=t&url=https://www.dt.co.kr/article/12072202&ct=ga&cd=CAIyHDIyYjNhMWU0Mjg4Zjc0Yjg6Y28ua3I6a286S1I&usg=AOvVaw3brTI4PXU6OgKUwu8ZhG5u
2026-07-10,구글알리미RSS,단기 모멘텀 강화 (정부 발표 및 후속 정책 수립 시점),몽골 등 해외 자원국과의 희토류 등 핵심 광물 공급망 확보 전략 가시화,이차전지,"포스코퓨처엠, 에코프로비엠, 현대모비스",https://www.google.com/url?rct=j&sa=t&url=https://www.newspim.com/news/view/20260710000382&ct=ga&cd=CAIyHDIyYjNhMWU0Mjg4Zjc0Yjg6Y28ua3I6a286S1I&usg=AOvVaw3_AazPvD0PSiL6vn0HEkz8
2026-07-10,구글알리미RSS,이달 말,삼성그룹-NVIDIA 간 광주 대규모 AI 반도체 <0xED><0x8C><0xB9> 투자 논의 성사 기대감,반도체,"SK하이닉스, 한미반도체, 삼성전기",https://www.google.com/url?rct=j&sa=t&url=https://v.daum.net/v/20260710003237251&ct=ga&cd=CAIyHGIwMWZkOWYxZTVlNDMzZjQ6Y28ua3I6a286S1I&usg=AOvVaw2FUkc7zOWxtjtE0tttWgZW
2026-07-11,구글알리미RSS,2025년 상반기 (후속 사업 및 대규모 프로젝트 수주 기대),한국의 교육 기술(EdTech) 솔루션 해외 수출 확대 및 개발도상국 인프라 구축 모멘텀,IT·신기술,"삼성SDS, SK C&C, 국내 주요 통신 장비/솔루션 기업",https://www.google.com/url?rct=j&sa=t&url=https://www.ikbn.news/news/article.html%3Fno%3D212262&ct=ga&cd=CAIyHDIyYjNhMWU0Mjg4Zjc0Yjg6Y28ua3I6a286S1I&usg=AOvVaw0NxeuoOdwVUBoCiaCuq4O6
2026-07-11,구글알리미RSS,하반기 지속적 모멘텀 및 국지전 위험 고조 시점,북중 간 전략적 협력 심화에 따른 대외 제재 회피 경로 구축 가속화,미중 패권전쟁,"한화에어로스페이스, LIG넥스원, 포스코인터내셔널",https://www.google.com/url?rct=j&sa=t&url=https://news.jtbc.co.kr/article/NB12307620&ct=ga&cd=CAIyHGIwMWZkOWYxZTVlNDMzZjQ6Y28ua3I6a286S1I&usg=AOvVaw1p_Wt4Qkw2WcN-osYHk0fS
2026-07-11,구글알리미RSS,단기적 지정학 리스크 고조 시점,이란 핵시설 재활성화 및 중동 지역 무력 충돌 가능성 확대,전력·에너지 (지정학적 공급망 불안정),"한화에어로스페이스, LIG넥스원, 현대중공업(방산 부문)",https://www.google.com/url?rct=j&sa=t&url=https://www.youtube.com/watch%3Fv%3D50snv3oYhDA&ct=ga&cd=CAIyHDIyYjNhMWU0Mjg4Zjc0Yjg6Y28ua3I6a286S1I&usg=AOvVaw0YXPEu-jqYQ2elT1gHm-wn
2026-07-11,구글알리미RSS,단기적 모멘텀 지속 (향후 1~2주),중국의 북한 지원 공적 강조 및 대외 영향력 확대,미중 패권전쟁,"포스코인터내셔널, LS ELECTRIC, 현대제철",https://www.google.com/url?rct=j&sa=t&url=https://www.chosun.com/international/international_general/2026/07/10/UMXAUZZL75EXZNIRSET22PLLPY/&ct=ga&cd=CAIyHGIwMWZkOWYxZTVlNDMzZjQ6Y28ua3I6a286S1I&usg=AOvVaw1ITWyWZgE5QwmCa5YuuXzk
2026-07-11,구글알리미RSS,단기적(국빈 방문 관련 모멘텀 지속),한-몽 간 대규모 인프라 및 스마트시티 구축 협력 강화에 따른 수혜 기대감,전력·에너지 / IT·신기술,"LS ELECTRIC, HD현대일렉트릭, 효성중공업",https://www.google.com/url?rct=j&sa=t&url=https://www.youtube.com/watch%3Fv%3DGmcpVz6qFEY&ct=ga&cd=CAIyHDIyYjNhMWU0Mjg4Zjc0Yjg6Y28ua3I6a286S1I&usg=AOvVaw24rcYT2SZy4c4vnue487Ea
2026-07-12,구글알리미RSS,정책 발표 임박 시점 (단기 모멘텀),고위급 정치권 내 경제정책 논의를 통한 대규모 국가 재정 투입 및 산업 구조 개편 기대감,IT·신기술,"삼성전자, SK하이닉스, 한화시스템",https://www.google.com/url?rct=j&sa=t&url=https://www.chosun.com/politics/2026/07/12/KCJ3ORNTWJA4FF666FIK536BOM/&ct=ga&cd=CAIyHDIyYjNhMWU0Mjg4Zjc0Yjg6Y28ua3I6a286S1I&usg=AOvVaw28eVrf8A-f_vvjXXrs0hqy
2026-07-12,구글알리미RSS,단기적 정책 모멘텀 강화,국정운영 재점검 및 국내 경제 구조 개혁 집중화,IT·신기술,"한화에어로스페이스, 삼성전자, LS ELECTRIC",https://www.google.com/url?rct=j&sa=t&url=https://www.newspim.com/news/view/20260712000029&ct=ga&cd=CAIyHDIyYjNhMWU0Mjg4Zjc0Yjg6Y28ua3I6a286S1I&usg=AOvVaw0bGOP2beKTo4ItBCpTJydB
2026-07-13,구글알리미RSS,단기적 모멘텀 (접견 당일 및 익일),한-영 왕실 간 고위급 외교 교류를 통한 문화/산업 협력 논의 가시화,IT·신기술,"삼성전자, 현대자동차, LG전자",https://www.google.com/url?rct=j&sa=t&url=https://news.kbs.co.kr/news/view.do%3Fncd%3D8608859&ct=ga&cd=CAIyHDIyYjNhMWU0Mjg4Zjc0Yjg6Y28ua3I6a286S1I&usg=AOvVaw3bpE2xwJy_luclIQN-IjMl
2026-07-13,구글알리미RSS,이번 주 중순 (단기 모멘텀),한-유럽 경제 협력 강화 및 첨단 산업 공조 심화,반도체,"삼성전자, SK하이닉스, 한미반도체",https://www.google.com/url?rct=j&sa=t&url=https://www.kyeonggi.com/article/20260713580050&ct=ga&cd=CAIyHDIyYjNhMWU0Mjg4Zjc0Yjg6Y28ua3I6a286S1I&usg=AOvVaw3krPvYFBxoWZGJ-4QHV---
2026-07-13,구글알리미RSS,글로벌 정상회담 및 정책 발표 시점 (단기 모멘텀),미국발 우크라이나 방산 기술 이전 및 현지화 협력 가속화,IT·신기술,"한화에어로스페이스, LIG넥스원, 한국항공우주(KAI)",https://www.google.com/url?rct=j&sa=t&url=https://www.newsimpact.co.kr/news/articleView.html%3Fidxno%3D4001765&ct=ga&cd=CAIyHDIyYjNhMWU0Mjg4Zjc0Yjg6Y28ua3I6a286S1I&usg=AOvVaw3dGesH55hFVitFjFLLNe2Z
2026-07-13,구글알리미RSS,봄 시즌부터 가을까지 (Peak Outdoor Season),극한 스포츠 및 아웃도어 레저 시장의 재조명과 고성능 장비 수요 증가,"IT·신기술 (GPS, 위치 기반 서비스 등 첨단 기술 접목)","네패스, 코오롱스포츠, 블랙야크",https://www.google.com/url?rct=j&sa=t&url=https://www.hanryeotoday.com/news/articleView.html%3Fidxno%3D64805&ct=ga&cd=CAIyHGIwMWZkOWYxZTVlNDMzZjQ6Y28ua3I6a286S1I&usg=AOvVaw1A17p0rOo0fs_IPj1flY5C
2026-07-13,구글알리미RSS,국빈 방문 전후 (정책금융기관의 사전 움직임 포착),한국 금융권 주도의 몽골 자원 및 AI 기반 신시장 진출 가속화 모멘텀,IT·신기술,"삼성물산, LS ELECTRIC, 현대엔지니어링",https://www.google.com/url?rct=j&sa=t&url=https://www.bizwnews.com/news/articleView.html%3Fidxno%3D140515&ct=ga&cd=CAIyHDIyYjNhMWU0Mjg4Zjc0Yjg6Y28ua3I6a286S1I&usg=AOvVaw3Dr4MGxwOBLNy7KQaK_gfd
2026-07-14,구글알리미RSS,이달 중순~하반기 초,해양 바이오 자원 기반의 고부가가치 산업 육성 및 전력 효율화 정책 가속화,BIO·의료AI,"(해양바이오 소재 기업), (환경/수처리 설비 기업), (에너지효율 관련 장비 기업)",https://www.google.com/url?rct=j&sa=t&url=https://www.sjsori.com/news/articleView.html%3Fidxno%3D87580&ct=ga&cd=CAIyHDIyYjNhMWU0Mjg4Zjc0Yjg6Y28ua3I6a286S1I&usg=AOvVaw0ehaoY3Yff57sCWNXHTO4R
2026-07-14,구글알리미RSS,지속적 모멘텀 유지 및 주요 국제 회의 전후,우크라이나 전쟁 장기화에 따른 서방 국가들의 대(對)러시아 군사/경제 지원 강화,전력·에너지,"한화에어로스페이스, 현대중공업그룹, LS ELECTRIC",https://www.google.com/url?rct=j&sa=t&url=https://m.dailian.co.kr/amp/news/view/1666713/%25EC%259D%25B4%25EA%25B2%25A8%25EB%258F%2584-%25EB%25B6%2580%25EC%25A1%25B1%25ED%2595%2598%25EA%25B3%25A0-%25EB%25A9%2588%25EC%25B6%2594%25EB%25A9%25B4-%25ED%258C%25A8%25EB%25B0%25B0%25ED%2591%25B8%25ED%258B%25B4-%25EC%259A%25B0%25ED%2581%25AC-2026&ct=ga&cd=CAIyHGIwMWZkOWYxZTVlNDMzZjQ6Y28ua3I6a286S1I&usg=AOvVaw3XzNfaQClKhqgJ1YauBUhN
2026-07-14,구글알리미RSS,단기적 지정학 리스크 고조 시점,트럼프發 대외 강경 발언 및 군사 긴장 고조에 따른 에너지/안보 수요 증가,전력·에너지,"한화에어로스페이스, LIG넥스원, LS ELECTRIC",https://www.google.com/url?rct=j&sa=t&url=https://www.yonhapnewstv.co.kr/news/MYH20260714124618l0W&ct=ga&cd=CAIyHDIyYjNhMWU0Mjg4Zjc0Yjg6Y28ua3I6a286S1I&usg=AOvVaw3UAj9N97AqkeM-GDHNaTR0
2026-07-14,구글알리미RSS,단기적 지정학 리스크 고조 시점,트럼프發 미중 갈등 재격화 및 글로벌 무역 장벽 강화 우려,미중 패권전쟁 / 반도체,"삼성전자, SK하이닉스, 한미반도체",https://www.google.com/url?rct=j&sa=t&url=https://www.youtube.com/watch%3Fv%3DwsruUwXl3HA&ct=ga&cd=CAIyHDIyYjNhMWU0Mjg4Zjc0Yjg6Y28ua3I6a286S1I&usg=AOvVaw3vyaNfWYbVaOxdUOMY1SNl
2026-07-14,구글알리미RSS,이달 중순~하반기 초,금융위의 단일 레버리지 ETF 대책 논의 및 업계 비공개 정책 면담 진행,IT·신기술,"코스콤, 삼성SDS, 키움증권",https://www.google.com/url?rct=j&sa=t&url=https://www.mt.co.kr/culture/2026/07/14/2026071417353261111&ct=ga&cd=CAIyHGIwMWZkOWYxZTVlNDMzZjQ6Y28ua3I6a286S1I&usg=AOvVaw1wYQq7Z6pKL4EGFwoFlS_8
2026-07-15,구글알리미RSS,이달 중순~차기 정책 발표 시점,미국 정치권 인사(트럼프 측근)의 한한 경제 협력 및 로비 활동 재개,IT·신기술,"삼성전자, SK하이닉스, 현대자동차",https://www.google.com/url?rct=j&sa=t&url=https://stock.mk.co.kr/news/view/1121151&ct=ga&cd=CAIyHDIyYjNhMWU0Mjg4Zjc0Yjg6Y28ua3I6a286S1I&usg=AOvVaw1HdWU-gmQu-AlUMg7YLEr5
2026-07-15,구글알리미RSS,2024년 하반기 주요 국제회의 전후,북한 및 중국 연계 대규모 도시철도/교통 인프라 개발 모멘텀,IT·신기술,"현대건설, 포스코인터내셔널, 코오롱인더",https://www.google.com/url?rct=j&sa=t&url=https://v.daum.net/v/20260715111307287&ct=ga&cd=CAIyHDIyYjNhMWU0Mjg4Zjc0Yjg6Y28ua3I6a286S1I&usg=AOvVaw3RiIas8lYgrHbUfosFgs8r
2026-07-15,구글알리미RSS,정치적 변동성 고조 시점 / 단기 모멘텀 발생 가능,트럼프발(發) 정책 변화에 따른 한미 무역 및 산업 협력 재정립 기대감,미중 패권전쟁,"삼성전자, SK하이닉스, 현대차",https://www.google.com/url?rct=j&sa=t&url=https://imnews.imbc.com/news/2026/world/article/6837598_36925.html&ct=ga&cd=CAIyHDIyYjNhMWU0Mjg4Zjc0Yjg6Y28ua3I6a286S1I&usg=AOvVaw2R0XFzV_wZhBbcz5Zr3zjs
2026-07-15,구글알리미RSS,단기적 정치 이벤트 발생 직후 (단기 모멘텀),고위 정치인 관련 영상 논란 확산에 따른 여론 및 국정운영 리스크 부각,"IT·신기술 (정보 흐름, 미디어 노출 민감도 반영)","네이버, 카카오, 코스피/코스닥 상장 주요 언론사 관련주",https://www.google.com/url?rct=j&sa=t&url=https://www.imaeil.com/page/view/2026071512023420989&ct=ga&cd=CAIyHDIyYjNhMWU0Mjg4Zjc0Yjg6Y28ua3I6a286S1I&usg=AOvVaw3jVQqmtayNXuGuHEQXe4jo
2026-07-16,구글알리미RSS,"2025년 하반기 이후, 아세안 주요 에너지 전시회 및 정책 발표 시점",한-베트남 간 차세대 원전 도입 및 아세안 전력 인프라 구축 가속화,전력·에너지,"HD현대일렉트릭, LS ELECTRIC, 두산에너빌리티",https://www.google.com/url?rct=j&sa=t&url=https://www.electimes.com/news/articleViewAmp.html%3Fidxno%3D370339&ct=ga&cd=CAIyHDIyYjNhMWU0Mjg4Zjc0Yjg6Y28ua3I6a286S1I&usg=AOvVaw0pyv51IuJaaBHun5yb-Erx
2026-07-16,구글알리미RSS,단기 모멘텀 지속 및 분기 실적 발표 전후,애플의 중국 시장 AI 서비스 진출 성공과 현지 파트너십(알리바바)을 통한 기술 우회 전략 가시화,AI·로봇 / IT·신기술,"삼성전자, SK하이닉스, 한미반도체",https://www.google.com/url?rct=j&sa=t&url=https://www.koreancenter.or.kr/news/articleView.html%3Fidxno%3D1382329&ct=ga&cd=CAIyHDIyYjNhMWU0Mjg4Zjc0Yjg6Y28ua3I6a286S1I&usg=AOvVaw3xSIZRN8P08dx131PTXIR9
2026-07-16,구글알리미RSS,단기적~중기적 (글로벌 공급망 재편 가속화 시점),엔비디아의 일본 중심 AI 반도체 공급망 다변화 및 동맹 변화 모멘텀,반도체 / AI·로봇,"SK하이닉스, 한미반도체, 삼성전자",https://www.google.com/url?rct=j&sa=t&url=https://www.g-enews.com/article/Global-Biz/2026/07/202607160708179818fbbec65dfb_1&ct=ga&cd=CAIyHGIwMWZkOWYxZTVlNDMzZjQ6Y28ua3I6a286S1I&usg=AOvVaw3zCrgHTjIt9FaV_spzntWH
2026-07-16,구글알리미RSS,2분기 말 ~ 3분기 초 (지역 경제 활성화 정책 발표 시점),지역 금융기관 중심의 상생 모델 구축 및 지방 자본 순환 구조 강화 모멘텀,IT·신기술,"코디, 에스원, 한국통신 등 지역 기반 서비스/IT 솔루션 기업",https://www.google.com/url?rct=j&sa=t&url=https://www.sentv.co.kr/article/view/sentv202607160133&ct=ga&cd=CAIyHDIyYjNhMWU0Mjg4Zjc0Yjg6Y28ua3I6a286S1I&usg=AOvVaw07Bl0nd39NHNg77H8vzV3u
2026-07-16,구글알리미RSS,단기 모멘텀 발생 시점 (MOU 발표 직후),로봇 그리퍼 전문 기업과의 MOU를 통한 피지컬 AI 플랫폼 연계 가속화,AI·로봇,"두산로보틱스, 레인보우로보틱스, 현대모비스",https://www.google.com/url?rct=j&sa=t&url=https://news.mtn.co.kr/news-detail/2026071614010879488&ct=ga&cd=CAIyHDIyYjNhMWU0Mjg4Zjc0Yjg6Y28ua3I6a286S1I&usg=AOvVaw31unvNOO5ObvgMX-7y-11u
2026-07-16,구글알리미RSS,단기적 모멘텀 지속 및 문화 교류 이벤트 발생 시,영국 왕실 관련 인사의 방한에 따른 문화/외교적 관심 증폭,"IT·신기술 (고급 미디어 콘텐츠, 경험 경제)","포스코인터내셔널, 현대글로비스, 삼성물산(혹은 명품 유통 관련사)",https://www.google.com/url?rct=j&sa=t&url=https://www.joongang.co.kr/article/25445350&ct=ga&cd=CAIyHGIwMWZkOWYxZTVlNDMzZjQ6Y28ua3I6a286S1I&usg=AOvVaw0iLc1ycnMChFL5fZaNU9ZO
2026-07-16,구글알리미RSS,단기적 모멘텀 지속 (지속적인 방한 일정),글로벌 문화예술계 거물들의 방한 및 K-콘텐츠 협력 강화,IT·신기술,"하이브, CJ ENM, 스튜디오드래곤",https://www.google.com/url?rct=j&sa=t&url=https://news.kbs.co.kr/news/view.do%3Fncd%3D8612302&ct=ga&cd=CAIyHDIyYjNhMWU0Mjg4Zjc0Yjg6Y28ua3I6a286S1I&usg=AOvVaw33nD_iJnaIiWx9QcJ8XvZ1
2026-07-16,구글알리미RSS,2024년 하반기 이후 대규모 프로젝트 수주 시점,사우디 '비전 2030' 기반의 국가 차원 AI 인프라 구축 및 디지털 전환 가속화,AI·로봇,"삼성전자, SK텔레콤, 한화시스템",https://www.google.com/url?rct=j&sa=t&url=https://www.insidepeople.co.kr/news/article.html%3Fno%3D735306&ct=ga&cd=CAIyHDIyYjNhMWU0Mjg4Zjc0Yjg6Y28ua3I6a286S1I&usg=AOvVaw2VNs8i4IYGhGy-8V9K6sfE
2026-07-17,구글알리미RSS,이달 중순 이후 (규제 당국의 후속 조치 및 가이드라인 발표 시점),대형 플랫폼 기반 금융사(빅테크 파이낸셜)의 데이터 보안 및 고객확인 절차 미흡에 따른 규제 강화 모멘텀,IT·신기술,"코스콤, 한국정보통신, NICE평가정보",https://www.google.com/url?rct=j&sa=t&url=https://www.dailybrief.co.kr/news/articleView.html%3Fidxno%3D6336&ct=ga&cd=CAIyHGIwMWZkOWYxZTVlNDMzZjQ6Y28ua3I6a286S1I&usg=AOvVaw3Op-UN4aW9MTXLlqNLxyQ5
2026-07-17,구글알리미RSS,이달 중순 이후 지속적 모멘텀,지역 의료 인프라 구축 및 공공 보건 시스템 강화 정책 반영,BIO·의료AI,"GC녹십자, 셀트리온헬스케어, (지역 특화) 진단/의료기기 관련주",https://www.google.com/url?rct=j&sa=t&url=https://www.docdocdoc.co.kr/news/articleView.html%3Fidxno%3D3041062&ct=ga&cd=CAIyHDIyYjNhMWU0Mjg4Zjc0Yjg6Y28ua3I6a286S1I&usg=AOvVaw2fkcIjfg78g5ED9FLkLEfh
2026-07-17,구글알리미RSS,하반기 정부 예산 및 질병청 정책 발표 시점,HPV 9가 백신 NIP 도입 가시화 및 글로벌 의약품 시장 진출 모멘텀 확보,BIO·의료AI,"SK바이오사이언스, 삼성바이오에피스, 유한양행",https://www.google.com/url?rct=j&sa=t&url=https://www.bosa.co.kr/news/articleView.html%3Fidxno%3D3008466&ct=ga&cd=CAIyHDIyYjNhMWU0Mjg4Zjc0Yjg6Y28ua3I6a286S1I&usg=AOvVaw25SqxAI0oGMqlSdWfVDPoq
2026-07-17,구글알리미RSS,단기적 정치 이벤트 발생 시점,야권 주요 인사의 대외 활동 및 정책 공약 논란 심화에 따른 여론전 격화,IT·신기술,"SK텔레콤, KT, 삼성SDS",https://www.google.com/url?rct=j&sa=t&url=https://www.mediatoday.co.kr/news/articleView.html%3Fidxno%3D335853&ct=ga&cd=CAIyHDIyYjNhMWU0Mjg4Zjc0Yjg6Y28ua3I6a286S1I&usg=AOvVaw3ao52b4tej5xK6mGkba5Iv
2026-07-18,구글알리미RSS,9월 중순 (정확히 9월 24일 전후),미·중 정상 간 외교적 긴장 완화 및 첨단 기술 협력 논의 재개,IT·신기술,"삼성전자, SK하이닉스, 한미반도체",https://www.google.com/url?rct=j&sa=t&url=https://www.hankookilbo.com/news/article/A2026071713390000270&ct=ga&cd=CAIyHDIyYjNhMWU0Mjg4Zjc0Yjg6Y28ua3I6a286S1I&usg=AOvVaw0EvFX40jpIKhscY0FQTmcR
2026-07-18,구글알리미RSS,12월 초순~중순,대통령의 국제 외교 성과 및 국내 주권 강화 정책 발표,IT·신기술,"한화시스템, 삼성전자, SK텔레콤",https://www.google.com/url?rct=j&sa=t&url=https://www.sisa-news.com/news/article.html%3Fno%3D273050&ct=ga&cd=CAIyHDIyYjNhMWU0Mjg4Zjc0Yjg6Y28ua3I6a286S1I&usg=AOvVaw0vSw1ejIplGKrv7OUq1Sny
2026-07-18,구글알리미RSS,단기적 불확실성 고조에 따른 변동성 확대 예상,미국발 보호무역 강화 및 북미 지역 핵심 자원 공급망 재편 압박,미중 패권전쟁 (Energy/Infrastructure Security),"LS ELECTRIC, HD현대일렉트릭, POSCO",https://www.google.com/url?rct=j&sa=t&url=https://biz.heraldcorp.com/article/10812331&ct=ga&cd=CAIyHDIyYjNhMWU0Mjg4Zjc0Yjg6Y28ua3I6a286S1I&usg=AOvVaw1TR1TU3S13-DnIvfpeBXvm
2026-07-18,구글알리미RSS,이달 중순~하반기 상시,한미 동맹 강화 및 민주주의 정상회의 후속 조치 모멘텀,IT·신기술 / AI·로봇,"한화에어로스페이스, 삼성전자, LIG넥스원",https://www.google.com/url?rct=j&sa=t&url=https://www.mk.co.kr/article/10328659&ct=ga&cd=CAIyHDIyYjNhMWU0Mjg4Zjc0Yjg6Y28ua3I6a286S1I&usg=AOvVaw0ujQPIhc_i_ZY7R9pFmHTI
2026-07-19,구글알리미RSS,교황청 고위 인사 방한 및 주요 종교 행사 시점,가톨릭 교회 지도부의 국내 방문 및 정치권과의 만남 모멘텀,IT·신기술,"삼성전자, SK하이닉스, KT (글로벌 대외 이미지 개선 기대)",https://www.google.com/url?rct=j&sa=t&url=https://www.koreancenter.or.kr/news/articleView.html%3Fidxno%3D1383305&ct=ga&cd=CAIyHDIyYjNhMWU0Mjg4Zjc0Yjg6Y28ua3I6a286S1I&usg=AOvVaw2giiXI3cNtCv6k-Nn0JtVa
2026-07-20,구글알리미RSS,단기적 모멘텀 지속 및 문화 콘텐츠 관련 정책 발표 시점,유네스코 세계유산 지정에 따른 국가 브랜드 가치 제고 및 문화 산업 육성 기대감,"IT·신기술 (문화재 디지털 복원, 관광 인프라)","삼성SDS, KT, LX인터내셔널",https://www.google.com/url?rct=j&sa=t&url=https://mobile.newsis.com/view_amp.html%3Far_id%3DNISX20260719_0003714260&ct=ga&cd=CAIyHDIyYjNhMWU0Mjg4Zjc0Yjg6Y28ua3I6a286S1I&usg=AOvVaw1RZtiSHqJX6reh4ISVinAm
2026-07-20,구글알리미RSS,정상회의 직전 ~ 단기 모멘텀,한-중앙아 물 인프라 협력 및 자원 개발 프로젝트 가시화,전력·에너지,"LS ELECTRIC, 두산에너빌리티, HD현대일렉트릭",https://www.google.com/url?rct=j&sa=t&url=https://www.newsnjeju.com/news/articleView.html%3Fidxno%3D293432&ct=ga&cd=CAIyHGIwMWZkOWYxZTVlNDMzZjQ6Y28ua3I6a286S1I&usg=AOvVaw2bHtXWPozFKI45IDMvbnLx
2026-07-20,구글알리미RSS,단기적 정책 모멘텀 지속 및 MOU 후속 조치 발표 시점,정상회담 경제분야 MOU의 유형별 밀착 이행을 통한 통상 리스크 관리 강화,IT·신기술 (글로벌 공급망 안정화 관련),"삼성전자, SK하이닉스, 한화시스템",https://www.google.com/url?rct=j&sa=t&url=https://v.daum.net/v/20260720093606003&ct=ga&cd=CAIyHDIyYjNhMWU0Mjg4Zjc0Yjg6Y28ua3I6a286S1I&usg=AOvVaw33OkuhA1boC8_rMXQx1xNd
2026-07-20,구글알리미RSS,단기적 (글로벌 정상외교 일정에 연동하여 순차적 모멘텀 발생),정부 주도 글로벌 경제협력 MOU 신속 이행 및 수출 시장 개척 가시화,IT·신기술,"삼성전자, SK하이닉스, LG전자",https://www.google.com/url?rct=j&sa=t&url=https://news.einfomax.co.kr/news/articleView.html%3Fidxno%3D4425725&ct=ga&cd=CAIyHDIyYjNhMWU0Mjg4Zjc0Yjg6Y28ua3I6a286S1I&usg=AOvVaw3RvvJ39RX5Io_KvuTjkSjp
2026-07-20,구글알리미RSS,2026년 상반기 이후 지정학적 리스크 고조 시점,북중러 연대 강화 및 미-중/미-이란 전면전 확대 가능성 증대,전력·에너지,"한화에어로스페이스, LIG넥스원, HD현대일렉트릭",https://www.google.com/url?rct=j&sa=t&url=https://humblefactory.co.kr/11907/2026%25EB%2585%2584-7%25EC%259B%2594-20%25EC%259D%25BC-%25EC%259B%2594-%25EA%25B2%25B8%25EC%2586%2590nsc-%25EC%25B5%259C%25EC%2584%25A0%25ED%259D%25AC-%25E5%258C%2597%25EC%2599%25B8%25EB%25AC%25B4%25EC%2583%2581-%25EB%259F%25AC%25EC%258B%259C%25EC%2595%2584-%25EB%25B0%25A9%25EB%25AC%25B8-%25EB%25B6%2581/&ct=ga&cd=CAIyHDIyYjNhMWU0Mjg4Zjc0Yjg6Y28ua3I6a286S1I&usg=AOvVaw0JEWrkbgpAEw2eP1Eo_Z7A
2026-07-20,구글알리미RSS,2024년 하반기 (북중러 간 에너지 및 방산 협력 논의 시점),북중러 연대를 통한 비(非)서방권 에너지 자립화 가속 및 SMR 기술 수출 동맹 구축 모멘텀,전력·에너지,"두산에너빌리티, 한전기술, 현대일렉트릭",https://www.google.com/url?rct=j&sa=t&url=https://www.asiatoday.co.kr/kn/view.php%3Fkey%3D20260720010006651&ct=ga&cd=CAIyHDIyYjNhMWU0Mjg4Zjc0Yjg6Y28ua3I6a286S1I&usg=AOvVaw1TWLvkcaQSBOI7w55uNxPI
2026-07-20,구글알리미RSS,북한 리스크 고조 및 한반도 안보 환경 변화 시점,러시아의 대북 영향력 확대와 한반도 지정학적 협력 모색 가시화,IT·신기술 (방산/안보 기술),"한화에어로스페이스, LIG넥스원, 한국전기(또는 방위산업 관련 중소형주)",https://www.google.com/url?rct=j&sa=t&url=https://www.joongang.co.kr/article/25446410&ct=ga&cd=CAIyHDIyYjNhMWU0Mjg4Zjc0Yjg6Y28ua3I6a286S1I&usg=AOvVaw3yoKmgDC-GL_NZevpXBiU5
2026-07-20,구글알리미RSS,2026년 하반기 이후 (추가 일정 확정 시),네이버 이해진의 미국 방문 및 글로벌 AI 인프라 협력 모멘텀 확보,AI·로봇,"SK하이닉스, 삼성전자, 한미반도체",https://www.google.com/url?rct=j&sa=t&url=https://supple.kr/news/cmrt5bp49000014hafh2ivr5c&ct=ga&cd=CAIyHGIwMWZkOWYxZTVlNDMzZjQ6Y28ua3I6a286S1I&usg=AOvVaw13zXQJ4V8W14xAzcmbwKpx
2026-07-21,구글알리미RSS,이달 중순 이후 지속적 모멘텀,글로벌 대학 간 교육 협력 확대 및 국제 공동 학위 프로그램 활성화,IT·신기술,"에듀테크 관련 솔루션 기업, 원격교육 플랫폼 제공사 (예: 뷰티랩, 코스모스 등 EdTech 관련 상장사)",https://www.google.com/url?rct=j&sa=t&url=https://www.veritas-a.com/news/articleView.html%3Fidxno%3D619923&ct=ga&cd=CAIyHDIyYjNhMWU0Mjg4Zjc0Yjg6Y28ua3I6a286S1I&usg=AOvVaw131LUhVjXgNULBeVrFsMqy
2026-07-21,구글알리미RSS,상반기 내내 지속되는 글로벌 AI 투자 사이클 전반,거대 기술 기업 CEO들의 높은 시장 영향력 및 AI 생태계 주도권 강화 모멘텀,AI·로봇,"SK하이닉스, 삼성전자, 한미반도체",https://www.google.com/url?rct=j&sa=t&url=https://m.mbn.co.kr/tv/552/2636/1424487&ct=ga&cd=CAIyHGIwMWZkOWYxZTVlNDMzZjQ6Y28ua3I6a286S1I&usg=AOvVaw0shSBU3HT7QIiBG0S-2uwP
2026-07-21,구글알리미RSS,단기적 (차기 국제회의 및 문화 콘텐츠 관련 이벤트 전후),한일 관계 개선 모멘텀 기반의 지역 특화 문화/관광 산업 재조명,IT·신기술,"코난티쿨, 포스코인터내셔널, (지역 관광 인프라 관련 대형 건설사 또는 콘텐츠 기업)",https://www.google.com/url?rct=j&sa=t&url=https://m.imaeil.com/page/view/2026072009031154901&ct=ga&cd=CAIyHDIyYjNhMWU0Mjg4Zjc0Yjg6Y28ua3I6a286S1I&usg=AOvVaw33Q3cEJT-1Adlh6gDTsVTz
2026-07-21,구글알리미RSS,이달 중순~하순,레바논 대통령 방미 및 중동 평화협상 모멘텀 가시화,전력·에너지,"한화에어로스페이스, LS ELECTRIC, 현대중공업",https://www.google.com/url?rct=j&sa=t&url=https://www.news1.kr/world/middleeast-africa/6232255&ct=ga&cd=CAIyHGIwMWZkOWYxZTVlNDMzZjQ6Y28ua3I6a286S1I&usg=AOvVaw3fiIU2BT7p6hIg9ZdLRDnM
2026-07-22,구글알리미RSS,내년 하반기 (2025년 하반기),교황 방한 및 남북 화해/평화 외교 모멘텀 기대,IT·신기술,"KT, SK텔레콤, 한진그룹(여행/항공 관련주)",https://www.google.com/url?rct=j&sa=t&url=https://www.koreancenter.or.kr/news/articleView.html%3Fidxno%3D1385068&ct=ga&cd=CAIyHDIyYjNhMWU0Mjg4Zjc0Yjg6Y28ua3I6a286S1I&usg=AOvVaw1VrpaDH9I10taMxnJkdaly
2026-07-22,구글알리미RSS,이재명 대통령의 이탈리아 국빈 방문 전후 및 협력 발표 시점,한-이탈리아 간 고위급 교류를 통한 AI 기반 스마트 관광 산업 협력 확대 모멘텀,AI·로봇 / IT·신기술,"(스마트시티 솔루션 기업), (AI 콘텐츠 개발사), (국제 문화교류 플랫폼 기업)",https://www.google.com/url?rct=j&sa=t&url=https://m.ekn.kr/view.php%3Fkey%3D20260722029174920&ct=ga&cd=CAIyHDIyYjNhMWU0Mjg4Zjc0Yjg6Y28ua3I6a286S1I&usg=AOvVaw0lf20fH1e_CIasDeDF7cwz
2026-07-23,구글알리미RSS,차주 초순 (26일~30일),대통령 주도 라틴 아메리카 첨단 기술 협력 및 빅테크 CEO 연쇄 교류 모멘텀,AI·로봇 / 반도체,"삼성전자, SK하이닉스, 한미반도체",https://www.google.com/url?rct=j&sa=t&url=https://www.hani.co.kr/arti/politics/bluehouse/1269446.html&ct=ga&cd=CAIyHDIyYjNhMWU0Mjg4Zjc0Yjg6Y28ua3I6a286S1I&usg=AOvVaw3vbps5FZ-tedx5E43MtVVw
2026-07-23,구글알리미RSS,단기적 (글로벌 AI/반도체 주요 컨퍼런스 기간),국내 재계 총수와 글로벌 반도체 거물 간의 미국 현지 비공개 협력 모색,반도체,"삼성전자, SK하이닉스, 한미반도체",https://www.google.com/url?rct=j&sa=t&url=https://www.mbn.co.kr/pages/news/newsView.php%3Fcategory%3Dmbn00003%26news_seq_no%3D5207551&ct=ga&cd=CAIyHGIwMWZkOWYxZTVlNDMzZjQ6Y28ua3I6a286S1I&usg=AOvVaw3LXRsSFkM-_vIwFUUfGTQt
2026-07-23,구글알리미RSS,단기적 모멘텀 지속 및 규제 명확화 시점,국내 금융 인프라 기반 원화 스테이블코인 생태계 구축 가속화,IT·신기술,"카카오 계열사, 블록체인 관련 플랫폼 기업, 결제 시스템 대형주",https://www.google.com/url?rct=j&sa=t&url=https://news.einfomax.co.kr/news/articleView.html%3Fidxno%3D4426371&ct=ga&cd=CAIyHDIyYjNhMWU0Mjg4Zjc0Yjg6Y28ua3I6a286S1I&usg=AOvVaw0lDZ-jDJuex7RXQrafFiCQ
2026-07-23,구글알리미RSS,이달 말 ~ 다음 달 초,한국 대통령의 남미 3국 정상회담 및 자원/에너지 협력 모색,전력·에너지,"LS ELECTRIC, HD현대일렉트릭, 포스코인터내셔널",https://www.google.com/url?rct=j&sa=t&url=https://www.greened.kr/news/articleView.html%3Fidxno%3D345723&ct=ga&cd=CAIyHDIyYjNhMWU0Mjg4Zjc0Yjg6Y28ua3I6a286S1I&usg=AOvVaw116K8P7tRMTDuw5Y6-ro_4
2026-07-23,구글알리미RSS,단기적(한반도 안보 관련 정책 발표 시점),미국 정보기관의 북한 핵 위협 대응 및 한반도 지정학적 리스크 재조명,IT·신기술,"한화에어로스페이스, LIG넥스원, 한국전력 (방산/안보 인프라)",https://www.google.com/url?rct=j&sa=t&url=https://www.joongang.co.kr/article/25447344&ct=ga&cd=CAIyHDIyYjNhMWU0Mjg4Zjc0Yjg6Y28ua3I6a286S1I&usg=AOvVaw2rfklh1fvWisSxEOrCVMrL
2026-07-23,구글알리미RSS,2024년 하반기 (설계 공모 및 계획 확정 시점),대통령 세종집무실 건립 설계 착수 및 대규모 정부 인프라 투자 모멘텀 부각,IT·신기술,"삼성물산, 현대건설, LX하우시스",https://www.google.com/url?rct=j&sa=t&url=https://news.einfomax.co.kr/news/articleView.html%3Fidxno%3D4426237&ct=ga&cd=CAIyHDIyYjNhMWU0Mjg4Zjc0Yjg6Y28ua3I6a286S1I&usg=AOvVaw1a_MRvYfhIHiER2hm05hOD
2026-07-23,구글알리미RSS,하반기 주요 국제 스포츠 이벤트 전후,명문 클럽 방한 등 대형 해외 스포츠 이벤트 모멘텀 재점화 및 관련 미디어/관광 수요 폭발,IT·신기술,"KT, 네이버웹툰, 코스콤",https://www.google.com/url?rct=j&sa=t&url=https://news.jtbc.co.kr/article/NB12309872&ct=ga&cd=CAIyHDIyYjNhMWU0Mjg4Zjc0Yjg6Y28ua3I6a286S1I&usg=AOvVaw2AtoOJR8VbLiUL7JFxlI3A
2026-07-24,구글알리미RSS,단기적 정책 모멘텀 지속 및 중장기 투자 확정 단계,"美 상무부 주도, 한국 조선업의 실질 생산 능력 및 첨단화 가속 압박",IT·신기술 (스마트 선박/해양플랜트 디지털 전환),"HD현대중공업, 삼성중공업, 한화오션",https://www.google.com/url?rct=j&sa=t&url=https://www.newspim.com/news/view/20260724000020&ct=ga&cd=CAIyHDIyYjNhMWU0Mjg4Zjc0Yjg6Y28ua3I6a286S1I&usg=AOvVaw2rkxGvnIGx75y7_O10LBxq
2026-07-24,구글알리미RSS,단기~중장기 지속 모멘텀,미국발 AI 봉쇄론에 대한 글로벌 반발 및 오픈소스 모델 활용 가속화,AI·로봇,"삼성전자, SK하이닉스, 한미반도체",https://www.google.com/url?rct=j&sa=t&url=https://www.hankyung.com/article/202607231479g&ct=ga&cd=CAIyHGIwMWZkOWYxZTVlNDMzZjQ6Y28ua3I6a286S1I&usg=AOvVaw2vXXnrjxC5tlRU-oM7wFQb
2026-07-24,구글알리미RSS,단기 모멘텀 (순방 기간 및 MOU 체결 직후),한-남미 간 의료/스포츠 제품 수출 확대 기대감 조성,BIO·의료AI,(국내 스포츠용품/의료기기 수출 관련 상장사 2~3개),https://www.google.com/url?rct=j&sa=t&url=https://www.mbn.co.kr/pages/news/newsView.php%3Fcategory%3Dmbn00006%26news_seq_no%3D5207877&ct=ga&cd=CAIyHDIyYjNhMWU0Mjg4Zjc0Yjg6Y28ua3I6a286S1I&usg=AOvVaw1ih9dwQ7num3I0eGIiqFun
2026-07-24,구글알리미RSS,단기 (금주 중),국내 대기업 및 정치권 인사들의 브라질 고위급 외교/비즈니스 교류 및 MOU 체결 모멘텀,전력·에너지 / IT·신기술,"LS ELECTRIC, HD현대일렉트릭, POSCO E&C",https://www.google.com/url?rct=j&sa=t&url=https://www.koreareport.co.kr/news/articleView.html%3Fidxno%3D51654&ct=ga&cd=CAIyHDIyYjNhMWU0Mjg4Zjc0Yjg6Y28ua3I6a286S1I&usg=AOvVaw0ePkIe7y1yXsAQmQmhr-Bo
2026-07-25,구글알리미RSS,6월 말 (26일~29일) 단기 모멘텀,브라질 대통령의 국빈 방문에 따른 신흥국 자원 및 인프라 투자 확대 기대감,전력·에너지,"LS ELECTRIC, HD현대일렉트릭, 한전기술",https://www.google.com/url?rct=j&sa=t&url=https://www.joongang.co.kr/article/25447850&ct=ga&cd=CAIyHDIyYjNhMWU0Mjg4Zjc0Yjg6Y28ua3I6a286S1I&usg=AOvVaw1Ob5mwrAVP_6Q73bB4CXoI
2026-07-25,구글알리미RSS,단기 (순방 기간 및 발표 직후),남미 핵심광물/식량 안보 확보를 위한 전략적 정상회담 모멘텀,전력·에너지,"포스코인터내셔널, 한화에어로스페이스, 현대제철",https://www.google.com/url?rct=j&sa=t&url=http://www.gkg.co.kr/188520&ct=ga&cd=CAIyHDIyYjNhMWU0Mjg4Zjc0Yjg6Y28ua3I6a286S1I&usg=AOvVaw1ZrNbZ7Gf-016DcDKwgKHa
2026-07-25,구글알리미RSS,단기적 모멘텀 지속 및 후속 협정 발표 시점,한-EU/영국 간 고위급 안보·산업협력 강화 및 비밀정보보호협정 체결 기대감,IT·신기술,"삼성전자, SK하이닉스, 네이버 (글로벌 데이터 협력 관련)",https://www.google.com/url?rct=j&sa=t&url=http://www.acn-news.com/news/articleView.html%3Fidxno%3D12713&ct=ga&cd=CAIyHDIyYjNhMWU0Mjg4Zjc0Yjg6Y28ua3I6a286S1I&usg=AOvVaw0UeWZs4lxSX3Jwh16gWxuI
2026-07-25,구글알리미RSS,단기 모멘텀 강화 (AI 및 자율주행 관련),현대차그룹과 엔비디아의 자율주행/AI 협력 논의 가시화,AI·로봇,"현대차, 기아, 삼성전자(반도체), (자율주행 관련 부품사)",https://www.google.com/url?rct=j&sa=t&url=https://stock.mk.co.kr/news/view/1126923&ct=ga&cd=CAIyHGIwMWZkOWYxZTVlNDMzZjQ6Y28ua3I6a286S1I&usg=AOvVaw0DucaSwMyQx3h-tqxLmYUn
2026-07-25,구글알리미RSS,중동 정세 불안정 심화에 따른 단기적 모멘텀 발생,중국의 이란 외교 개입 및 미중 간 지정학적 긴장 고조,미중 패권전쟁,"에너지 인프라 관련 대형 건설사, 방산/안보 산업체",https://www.google.com/url?rct=j&sa=t&url=https://www.yonhapnewstv.co.kr/news/AKR20260725120116Ca1&ct=ga&cd=CAIyHDIyYjNhMWU0Mjg4Zjc0Yjg6Y28ua3I6a286S1I&usg=AOvVaw2vMwrFVL5Jip3j_d46DHhG
2026-07-25,구글알리미RSS,이달 말,트럼프-젤렌스키 정상회담을 통한 우크라이나 종전 및 무기 지원 방향성 논의,전력·에너지,"한화에어로스페이스, LIG넥스원, 현대중공업</blockquote>",https://www.google.com/url?rct=j&sa=t&url=https://www.dailian.co.kr/news/view/1670802/%25ED%258A%25B8%25EB%259F%25BC%25ED%2594%2584%25EC%25A0%25A4%25EB%25A0%258C%25EC%258A%25A4%25ED%2582%25A4-28%25EC%259D%25BC-%25EC%259B%258C%25EC%258B%25B1%25ED%2584%25B4-%25ED%259A%258C%25EB%258F%2599%25EC%259A%25B0%25ED%2581%25AC-2026&ct=ga&cd=CAIyHDIyYjNhMWU0Mjg4Zjc0Yjg6Y28ua3I6a286S1I&usg=AOvVaw0L458rNCWbfRL0AtAZkZ_u
2026-07-25,구글알리미RSS,단기 급등 모멘텀 (MOU 체결 직후 및 후속 발표 시점),삼성전자와 브로드컴의 2천억 달러 규모 첨단 반도체 공급망 협력 강화,반도체,"SK하이닉스, 한미반도체, 이수페ีย오",https://www.google.com/url?rct=j&sa=t&url=https://www.ngonews.kr/news/articleView.html%3Fidxno%3D233807&ct=ga&cd=CAIyHDIyYjNhMWU0Mjg4Zjc0Yjg6Y28ua3I6a286S1I&usg=AOvVaw0E-AVdZc3f1Zlj8KzFmFbr
2026-07-25,구글알리미RSS,단기적 정책 발표 시점 및 정상회담 직후,EU의 러시아 에너지 제재 관련 한국 기업 예외 인정 확보 모멘텀,전력·에너지,"SK E&S, 포스코인터내셔널, 한화솔루션",https://www.google.com/url?rct=j&sa=t&url=https://v.daum.net/v/20260725204851567&ct=ga&cd=CAIyHDIyYjNhMWU0Mjg4Zjc0Yjg6Y28ua3I6a286S1I&usg=AOvVaw3-G-xpC1oPqbjFi4Ax02Yx
2026-07-26,구글알리미RSS,단기적 정책 모멘텀 지속 시점,대통령 주도 재외동포 및 글로벌 과학기술 인재 유입을 통한 국가 브랜드 가치 제고,IT·신기술,"삼성전자, SK하이닉스, 한화시스템",https://www.google.com/url?rct=j&sa=t&url=http://www.dongponews.net/news/articleView.html%3Fidxno%3D59504&ct=ga&cd=CAIyHDIyYjNhMWU0Mjg4Zjc0Yjg6Y28ua3I6a286S1I&usg=AOvVaw3GpPd3yeiwZ6f6lyOzhbyt
2026-07-26,구글알리미RSS,단기적 모멘텀 지속 및 정책 발표 시점,실리콘밸리 거물들의 '차이나+1' 전략에 따른 한국 투자 유치 가속화,반도체 / AI·로봇,"삼성전자, SK하이닉스, 한미반도체",https://www.google.com/url?rct=j&sa=t&url=https://www.kmib.co.kr/article/view.asp%3Farcid%3D1785052363%26code%3D11121600%26sid1%3Dpol%26stg%3Dws_real&ct=ga&cd=CAIyHGIwMWZkOWYxZTVlNDMzZjQ6Y28ua3I6a286S1I&usg=AOvVaw3h_TWKWCNeBE_KyuS0Hv0E
2026-07-27,구글알리미RSS,단기적 모멘텀 지속 (향후 1~3개월),글로벌 빅테크의 '차이나 대체' 투자처로서 한국 부각 및 AI 협력 강화,반도체,"삼성전자, SK하이닉스, 한미반도체",https://www.google.com/url?rct=j&sa=t&url=https://v.daum.net/v/20260726184107190&ct=ga&cd=CAIyHGIwMWZkOWYxZTVlNDMzZjQ6Y28ua3I6a286S1I&usg=AOvVaw3HuqdI5DLMe2kRJGJTwmlB
2026-07-27,구글알리미RSS,단기적(향후 1~3개월),한-메르코수르 FTA 체결 가시화 및 남미 시장 진출 확대 모멘텀,IT·신기술,"LS ELECTRIC, 포스코홀딩스, 현대두산인프라건설기",https://www.google.com/url?rct=j&sa=t&url=https://www.mt.co.kr/politics/2026/07/27/2026072715224983741&ct=ga&cd=CAIyHDIyYjNhMWU0Mjg4Zjc0Yjg6Y28ua3I6a286S1I&usg=AOvVaw0tSKXiEAdbUwGI0GaQiEUz
2026-07-27,구글알리미RSS,단기적 정치 리스크 고조 시점,정부 핵심 인사 사퇴설 및 국정 운영 불확실성 증대,IT·신기술,"삼성전자, SK하이닉스, 한화시스템",https://www.google.com/url?rct=j&sa=t&url=https://imnews.imbc.com/news/2026/politics/article/6840372_36911.html&ct=ga&cd=CAIyHDIyYjNhMWU0Mjg4Zjc0Yjg6Y28ua3I6a286S1I&usg=AOvVaw0eATHwoKhvEElVAd8zX6kL
2026-07-27,구글알리미RSS,당분간 지속 (정책 유지 기간),유가 변동성 심화에 따른 정부의 유류세 인하 및 에너지 가격 안정화 정책 유지,전력·에너지,"한국전력, S-OIL, GS칼텍스",https://www.google.com/url?rct=j&sa=t&url=https://www.korea.kr/news/policyNewsView.do%3FnewsId%3D148968829&ct=ga&cd=CAIyHDIyYjNhMWU0Mjg4Zjc0Yjg6Y28ua3I6a286S1I&usg=AOvVaw1-GE7B7XHcEIDHto4DLvUD
2026-07-27,구글알리미RSS,단기적 모멘텀 지속 (향후 2주 이내),정의선-젠슨황 자율주행 및 모빌리티 기술 동맹 강화,AI·로봇,"삼성전자, SK하이닉스, 현대모비스",https://www.google.com/url?rct=j&sa=t&url=https://www.munhwa.com/article/11605229&ct=ga&cd=CAIyHGIwMWZkOWYxZTVlNDMzZjQ6Y28ua3I6a286S1I&usg=AOvVaw3ksQ-rdvTlm3L0ubBWkecu
2026-07-27,구글알리미RSS,단기 (금주 내),브라질 국빈방문 및 국제 석유 가격제 지속 논의 모멘텀,전력·에너지,"SK E&S, 포스코인터내셔널, 한화솔루션",https://www.google.com/url?rct=j&sa=t&url=https://www.youtube.com/watch%3Fv%3DEVg8W8GR8e4&ct=ga&cd=CAIyHDIyYjNhMWU0Mjg4Zjc0Yjg6Y28ua3I6a286S1I&usg=AOvVaw0EG8W_QFCUdkHdUlKs2a_W
2026-07-28,구글알리미RSS,단기적(MOU 후속 발표 및 실증 사업 착수 시점),한-브라질 우주발사장 이용 간소화 및 공급망 협력 강화,IT·신기술,"한화에어로스페이스, LIG넥스원, 한국항공우주",https://www.google.com/url?rct=j&sa=t&url=https://www.yna.co.kr/view/AKR20260727164500001&ct=ga&cd=CAIyHDIyYjNhMWU0Mjg4Zjc0Yjg6Y28ua3I6a286S1I&usg=AOvVaw33gi0ASQXV3Wr_MSb8tTyq
2026-07-28,구글알리미RSS,이달 중순~하반기 초,오픈AI CEO의 미 의회/정부 대상 차세대 AI 기술 및 규제 로비 활동,AI·로봇,"SK하이닉스, 삼성전자, 네이버",https://www.google.com/url?rct=j&sa=t&url=https://marketin.edaily.co.kr/News/ReadE%3FnewsId%3D01315286645519112&ct=ga&cd=CAIyHGIwMWZkOWYxZTVlNDMzZjQ6Y28ua3I6a286S1I&usg=AOvVaw1zOu0H7aOhd1aS80DsASro
2026-07-28,구글알리미RSS,글로벌 주요 정상회의 전후 상시 모멘텀,국가 간 외교적 교류에 활용되는 프리미엄 차량 브랜드 가치 상승 및 수출 확대 기대감,자동차,"현대차, 기아, 현대모비스",https://www.google.com/url?rct=j&sa=t&url=https://www.sentv.co.kr/article/view/sentv202607270107%3Fd%3Dpc&ct=ga&cd=CAIyHGIwMWZkOWYxZTVlNDMzZjQ6Y28ua3I6a286S1I&usg=AOvVaw0j5Y8An58hYx6NTCJ1T_hB
2026-07-29,구글알리미RSS,현지 방문 기간 중 단기 모멘텀,한-남미 간 차세대 민항기 공동 개발 및 산업 협력 강화,자동차,"한화에어로스페이스, LIG넥스원, 현대자동차그룹 계열사",https://www.google.com/url?rct=j&sa=t&url=https://www.hani.co.kr/arti/politics/bluehouse/1270526.html&ct=ga&cd=CAIyHDIyYjNhMWU0Mjg4Zjc0Yjg6Y28ua3I6a286S1I&usg=AOvVaw34arDjxjqc3bkojhac3mWn
2026-07-29,구글알리미RSS,단기적(브라질 및 중남미 시장 관련 후속 일정),SK바이오팜의 브라질 진출 성공에 따른 글로벌 신약 파이프라인 상업화 모멘텀 강화,BIO·의료AI,"셀트리온, 삼성바이오로직스, 에이치엘비",https://www.google.com/url?rct=j&sa=t&url=https://pharm.edaily.co.kr/News/Read%3FnewsId%3D05169286645519440&ct=ga&cd=CAIyHDIyYjNhMWU0Mjg4Zjc0Yjg6Y28ua3I6a286S1I&usg=AOvVaw0PXe4iMt8MOkSYdUbg4kJo
2026-07-30,구글알리미RSS,하반기 지속 모멘텀 및 후속 MOU 체결 시점,"한-칠레 FTA 진화 추진 및 전략광물(리튬, 구리 등) 공급망 확보",이차전지 (배터리 핵심 광물 자원 연계),"포스코인터내셔널, 한국광물자원공사 관련주, 배터리 소재 기업",https://www.google.com/url?rct=j&sa=t&url=https://www.kmib.co.kr/article/view_amp.asp%3Farcid%3D0030181413&ct=ga&cd=CAIyHDIyYjNhMWU0Mjg4Zjc0Yjg6Y28ua3I6a286S1I&usg=AOvVaw29lzBY4yvCPMIZQlG2_VkW
2026-07-30,구글알리미RSS,단기적 공시 및 규제 강화 모멘텀 지속,대형 인프라 기업의 내부 통제 시스템 부실 및 지배구조 리스크 노출,IT·신기술,"삼성SDS, LG CNS, SK C&C",https://www.google.com/url?rct=j&sa=t&url=https://www.dailybrief.co.kr/news/articleView.html%3Fidxno%3D6425&ct=ga&cd=CAIyHGIwMWZkOWYxZTVlNDMzZjQ6Y28ua3I6a286S1I&usg=AOvVaw2p19LJ2q9NHraHKkmoS9sZ
2026-07-30,구글알리미RSS,8월 경,한-브라질 정상회담 기반 쇠고기 수입 통관 및 위생 기준 협상,IT·신기술,"CJ제일제당, 대형물류사(HMM 등), 식품가공/유통 관련 기술 기업",https://www.google.com/url?rct=j&sa=t&url=https://www.nongmin.com/article/20260730500433&ct=ga&cd=CAIyHDIyYjNhMWU0Mjg4Zjc0Yjg6Y28ua3I6a286S1I&usg=AOvVaw1Iav_ByKKCJH-CQ1NXxu79
2026-07-30,구글알리미RSS,단기적 모멘텀 형성 및 중장기 협력 기대감,엔비디아와 LG전자 간 피지컬AI 전략적 파트너십 논의 가시화,AI·로봇,"SK하이닉스, 삼성전자, 두산로보틱스",https://www.google.com/url?rct=j&sa=t&url=https://mobile.newsis.com/view_amp.html%3Far_id%3DNISX20260730_0003730409&ct=ga&cd=CAIyHGIwMWZkOWYxZTVlNDMzZjQ6Y28ua3I6a286S1I&usg=AOvVaw3PYXYpyvjrAI1UoLS-0hg6
2026-07-30,구글알리미RSS,지정학적 긴장 고조 시점 및 단기 모멘텀 지속,우크라이나-중동 분쟁 해결을 위한 국제 공조 및 재건 자금 확보 논의,전력·에너지,"LS ELECTRIC, HD현대일렉트릭, 효성중공업",https://www.google.com/url?rct=j&sa=t&url=https://www.newsimpact.co.kr/news/articleView.html%3Fidxno%3D4001850&ct=ga&cd=CAIyHGIwMWZkOWYxZTVlNDMzZjQ6Y28ua3I6a286S1I&usg=AOvVaw36EgemsRE-XIpeAp37S1Dp
2026-07-30,구글알리미RSS,2026년 상반기 이후 (제도 정착 및 시장 기대감 반영 시점),코너스톤 투자자 제도 도입에 따른 기관투자자 자금 유입 확대 및 IPO 시장 구조 개편 모멘텀,"IT·신기술 / 금융 인프라 (금융 데이터, 증권 플랫폼)","한국투자증권, NH투자증권 등 대형 증권사, 금융데이터 분석 솔루션 제공 기업",https://www.google.com/url?rct=j&sa=t&url=https://www.fsc.go.kr/no010101/87440%3FsrchCtgry%3D%26curPage%3D%26srchKey%3D%26srchText%3D%26srchBeginDt%3D%26srchEndDt%3D&ct=ga&cd=CAIyGmI0N2JkYjQ3NTFjNWNkYmU6Y29tOmtvOktS&usg=AOvVaw0rkLuWgg86Qv_VtpVAY-dJ
2026-07-30,구글알리미RSS,단기적 (당일~차주),금융당국의 코스피 하락세 대응 및 시장 안정화 대책 마련 모멘텀,IT·신기술,"삼성증권, 키움증권, NH투자증권",https://www.google.com/url?rct=j&sa=t&url=https://www.fetv.co.kr/news/articleView.html%3Fidxno%3D307491&ct=ga&cd=CAIyGmI0N2JkYjQ3NTFjNWNkYmU6Y29tOmtvOktS&usg=AOvVaw0JIzrSCGovWc-BoyheKNae
2026-07-31,구글알리미RSS,상시 모멘텀 / 단기 정책 발표 시점,미중 핵심 자원(희토류) 및 첨단 기술 무역 규제 협상 진전 여부,미중 패권전쟁,"포스코퓨처엠, 에코프로비엠, 국내 희토류 가공/재료 관련 기업",https://www.google.com/url?rct=j&sa=t&url=https://www.yna.co.kr/view/AKR20260731001451083&ct=ga&cd=CAIyHDIyYjNhMWU0Mjg4Zjc0Yjg6Y28ua3I6a286S1I&usg=AOvVaw1M_Af2OCDs9SW_NvbxRuG0
2026-07-31,구글알리미RSS,2024년 하반기 지속적 모멘텀 기대,충청권 대규모 첨단 산업 클러스터 조성 및 국가 R&D 전담화 가속,반도체 / 이차전지,"한미반도체, 삼성전자, 디스플레이 장비/소재 관련 중소형주",https://www.google.com/url?rct=j&sa=t&url=https://news.kbs.co.kr/news/pc/view/view.do%3Fncd%3D8624609&ct=ga&cd=CAIyHDNhOTEzZWM0OTI5OTY4Mjg6Y28ua3I6a286S1I&usg=AOvVaw0taBrIU0Ymq-cjfESD5sgc
2026-07-31,구글알리미RSS,단기적 모멘텀 지속 (정부 주도 과학 협력 발표 시),남극 및 극지방 과학 기지 공동 활용 및 국제 자원 개발 협력 강화,IT·신기술,"한화시스템, LIG넥스원, 한국전력 (에너지 인프라 연계 관점)",https://www.google.com/url?rct=j&sa=t&url=https://news.jtbc.co.kr/article/NB12311018&ct=ga&cd=CAIyHDIyYjNhMWU0Mjg4Zjc0Yjg6Y28ua3I6a286S1I&usg=AOvVaw1xEwZwrxtX3C1rDJ8ZMX2d
2026-08-01,구글알리미RSS,단기적 외교 이벤트 발생 시 (정상회담 재개),인도네시아 대통령의 한반도 관련 고위급 외교 일정 및 북한 이슈 연계 정상회담 가능성,IT·신기술,"LS ELECTRIC, HD현대일렉트릭, 삼성전기",https://www.google.com/url?rct=j&sa=t&url=https://www.spnews.co.kr/news/articleView.html%3Fidxno%3D109445&ct=ga&cd=CAIyHDIyYjNhMWU0Mjg4Zjc0Yjg6Y28ua3I6a286S1I&usg=AOvVaw0fkNZgnrRBUUfwfUvYwECe
2026-08-01,구글알리미RSS,단기 모멘텀 (정상회담 직후),한-아르헨 에너지 및 핵심광물 공동 프로젝트 추진 가시화,전력·에너지,"포스코퓨처엠, LG화학, 현대제철(원자재/인프라 연계)",https://www.google.com/url?rct=j&sa=t&url=https://news.kbs.co.kr/news/view.do%3Fncd%3D8625972&ct=ga&cd=CAIyHDIyYjNhMWU0Mjg4Zjc0Yjg6Y28ua3I6a286S1I&usg=AOvVaw2Gv1TCYH6fNdQ3DsuuTckg
2026-08-01,구글알리미RSS,2024년 하반기 (한-일-인 등 다자 정상회담 모멘텀),인도네시아의 대북 중재 의사 표명에 따른 한반도 평화 프로세스 재점화 기대감 고조,IT·신기술,"KT, SK E&S, 현대일렉트릭",https://www.google.com/url?rct=j&sa=t&url=https://www.chosun.com/international/asia/2026/08/01/MXF6J2FLCFEPJGX77M5MYADAKU/&ct=ga&cd=CAIyHGIwMWZkOWYxZTVlNDMzZjQ6Y28ua3I6a286S1I&usg=AOvVaw3ZAfy6IYCediQuKuckubzV
2026-08-01,구글알리미RSS,단기적/지속적 (정부 간 협약 발표 시점),아르헨티나 원유 수입 및 에너지 무역 이중과세 해결을 통한 신규 에너지 공급망 구축 모멘텀,전력·에너지,"한국석유공사(KNOC), 포스코인터내셔널, 한화솔루션 (신재생/에너지 인프라)",https://www.google.com/url?rct=j&sa=t&url=https://www.koreadaily.com/article/20260731133353482&ct=ga&cd=CAIyHGIwMWZkOWYxZTVlNDMzZjQ6Y28ua3I6a286S1I&usg=AOvVaw09lMB8CZldrHuGB6GbYavr
2026-08-01,구글알리미RSS,정책 발표 임박 시점 (단기),정부 주도 대규모 OLED 산업 육성 및 생태계 강화 정책 추진,IT·신기술,"삼성디스플레이, LG디스플레이, 디스플레이 소재 관련주",https://www.google.com/url?rct=j&sa=t&url=https://www.cwtr.co.kr/news/articleViewAmp.html%3Fidxno%3D17828&ct=ga&cd=CAIyGmI0N2JkYjQ3NTFjNWNkYmU6Y29tOmtvOktS&usg=AOvVaw0wm3n3Tm6-p9UFXESD0vHz
2026-08-01,구글알리미RSS,이달 중순~하반기 초,정부 주도 비아파트 공급 확대 및 전월세 시장 안정화 대책 발표,IT·신기술,"LX하우시스, 현대산업개발, (소형/모듈러 건축 관련 자재주)",https://www.google.com/url?rct=j&sa=t&url=https://www.citytimes.co.kr/news/articleViewAmp.html%3Fidxno%3D89786&ct=ga&cd=CAIyGmI0N2JkYjQ3NTFjNWNkYmU6Y29tOmtvOktS&usg=AOvVaw3OO69Xj7MNGvczGkeRwyuE
2026-08-01,구글알리미RSS,이달 중순 이후,금융당국의 지배구조 개선 및 부동산 대출 정책 발표 재개 모멘텀,IT·신기술 (금융 시스템 안정화 관련),"KB금융, 신한지주, 하나금융지주",https://www.google.com/url?rct=j&sa=t&url=https://kbthink.com/news-list/view.html%3FnewsId%3D20260731083414902&ct=ga&cd=CAIyGmI0N2JkYjQ3NTFjNWNkYmU6Y29tOmtvOktS&usg=AOvVaw3sw62h3F4OjTdfd9YCtHq5
2026-08-01,구글알리미RSS,단기적 모멘텀 지속 (향후 1~3개월),AI 기반 플랜트 설계 자동화 및 산업 디지털 트윈 기술의 상용화 가능성 부각,AI·로봇,"LS ELECTRIC, 두산에너빌리티, 삼성전기 (산업자동화/제어 시스템 관련)",https://www.google.com/url?rct=j&sa=t&url=https://wowtale.net/2026/07/31/262232/&ct=ga&cd=CAIyHDNhOTEzZWM0OTI5OTY4Mjg6Y28ua3I6a286S1I&usg=AOvVaw0wdfwe03h-2hnQwGtlrgmH
2026-08-02,구글알리미RSS,"6월 중순 이후, 주요국 정상회담 전후",인도네시아 등 신흥국 주도의 한반도 평화 및 지역 안보 협력 모색,IT·신기술,"삼성SDS, KT, 현대차(지역 인프라 연계)",https://www.google.com/url?rct=j&sa=t&url=https://www.ajunews.com/amp/20260801193014716&ct=ga&cd=CAIyHGIwMWZkOWYxZTVlNDMzZjQ6Y28ua3I6a286S1I&usg=AOvVaw2Vy5XEd2KB39ajPu9APd93
2026-08-02,구글알리미RSS,이달 중순 이후,금융사 지배구조 개선 및 기업 밸류업 프로그램 가속화,IT·신기술,"KB금융, 신한지주, 하나금융지주",https://www.google.com/url?rct=j&sa=t&url=https://dealsite.co.kr/articles/166290&ct=ga&cd=CAIyGmI0N2JkYjQ3NTFjNWNkYmU6Y29tOmtvOktS&usg=AOvVaw2c_kkMZo3Mt4cct4j9aVv8
2026-08-02,구글알리미RSS,하반기 정부 정책 모멘텀 지속,AI와 생명공학 융합을 통한 그린바이오 산업 국가 로드맵 가속화,BIO·의료AI,"삼성바이오로직스, 에코프로비엠(농업용 첨단 소재), (국내 스마트팜 관련 중견기업)",https://www.google.com/url?rct=j&sa=t&url=https://www.newsfm.kr/news/article.html%3Fno%3D11068&ct=ga&cd=CAIyHDNhOTEzZWM0OTI5OTY4Mjg6Y28ua3I6a286S1I&usg=AOvVaw20QsVqsKSgoZamxqsOrIvq
2026-08-02,구글알리미RSS,금년 하반기 정책 모멘텀 지속 시점,한반도 평화 공존 및 남북대화 재개 의지 표명 (인니 대통령 연계),전력·에너지 / IT·신기술,"LS ELECTRIC, SK E&S, 현대일렉트릭",https://www.google.com/url?rct=j&sa=t&url=https://m.mbn.co.kr/news-amp/5209649&ct=ga&cd=CAIyHGIwMWZkOWYxZTVlNDMzZjQ6Y28ua3I6a286S1I&usg=AOvVaw2ql6b9rUN-6xFGZOJFA2JX
2026-08-03,구글알리미RSS,단기적 정치 모멘텀 지속 시점,독일 현지 동포 대상 고위급 인사 방문 및 의료/역사 교류 강화,BIO·의료AI,"삼성바이오로직스, 유한양행, 셀트리온",https://www.google.com/url?rct=j&sa=t&url=https://www.chosun.com/politics/politics_general/2026/08/02/WY562Q4255CVHNVED2P7FNFP44/&ct=ga&cd=CAIyHDIyYjNhMWU0Mjg4Zjc0Yjg6Y28ua3I6a286S1I&usg=AOvVaw1e3lZUoNKIV-ePxtZIQi5L
2026-08-03,구글알리미RSS,이달 중순 이후 (지방정부 정책 발표 및 투자 확산 시점),지방자치단체 주도 첨단산업(AI/에너지) 기반 지역 경제 활성화 모멘텀 부각,AI·로봇,"삼성전자, SK하이닉스, 두산에너빌리티",https://www.google.com/url?rct=j&sa=t&url=https://www.eanews.kr/news/982742&ct=ga&cd=CAIyHDNhOTEzZWM0OTI5OTY4Mjg6Y28ua3I6a286S1I&usg=AOvVaw23nas7WsRsGqt8UdAJQgMO
2026-08-03,구글알리미RSS,단기 (차기 고위급 외교 일정 전후),중국 최고위층의 한미진출 및 글로벌 공급망 안정화 모멘텀,IT·신기술,"삼성전자, SK하이닉스, LG디스플레이",https://www.google.com/url?rct=j&sa=t&url=http://breaknews.com/1226117&ct=ga&cd=CAIyHDIyYjNhMWU0Mjg4Zjc0Yjg6Y28ua3I6a286S1I&usg=AOvVaw1wrcP4VZ03w4EStI4mUfbt
2026-08-03,구글알리미RSS,단기적 지정학 리스크 고조 시점,미국 중심의 중동 지역 군사 개입 계획 취소 및 정책 변화 모멘텀,전력·에너지,"한화에어로스페이스, LIG넥스원, 한국전력공사",https://www.google.com/url?rct=j&sa=t&url=https://www.chosun.com/international/international_general/2026/08/03/MSECXJTGTZBE3OCKQ22XQPVM2U/&ct=ga&cd=CAIyHGIwMWZkOWYxZTVlNDMzZjQ6Y28ua3I6a286S1I&usg=AOvVaw3zea1Lg0GqCtFW06loF28Q
2026-08-03,구글알리미RSS,이달 중순~하반기 초,금융사 지배구조 개선안 발표 지연 및 증시 변수 반영,IT·신기술 (금융 시스템 디지털 전환 관점),"KB금융, 신한지주, 하나금융지주",https://www.google.com/url?rct=j&sa=t&url=https://blog.naver.com/PostView.naver%3FblogId%3Ddealsite%26logNo%3D224365879942%26redirect%3DDlog&ct=ga&cd=CAIyGmI0N2JkYjQ3NTFjNWNkYmU6Y29tOmtvOktS&usg=AOvVaw0bSV8KrpFud_FLiDp6JVsw
2026-08-04,구글알리미RSS,하반기 지정학적 자원 확보 논의 지속,북극권 및 그린란드 지역 핵심 광물·에너지 자원의 전략적 가치 부각,전력·에너지,"HD현대일렉트릭, 두산에너빌리티, 포스코인터내셔널",https://www.google.com/url?rct=j&sa=t&url=https://www.segye.com/newsView/20260803504305&ct=ga&cd=CAIyHGIwMWZkOWYxZTVlNDMzZjQ6Y28ua3I6a286S1I&usg=AOvVaw22XUgYuw7XPpob45-WLJ-2
2026-08-04,구글알리미RSS,2026년 상반기 (금융위 정책 발표 시점),중복상장 제도개선 및 자본시장 구조 효율화 논의 본격화,IT·신기술 (IPO 시장 활성화 기대),"한국거래소 관련사, 증권사(IB 부문), 상장 추진 기술주",https://www.google.com/url?rct=j&sa=t&url=https://www.fsc.go.kr/po010105/86721%3FsrchCtgry%3D%26curPage%3D10%26srchKey%3D%26srchText%3D%26srchBeginDt%3D%26srchEndDt%3D&ct=ga&cd=CAIyGmI0N2JkYjQ3NTFjNWNkYmU6Y29tOmtvOktS&usg=AOvVaw0pCwiRKUYgzQccNUaU_JAc
2026-08-04,구글알리미RSS,금년 하반기 정부 정책 발표 및 대형 산업 컨퍼런스,SiC 전력반도체 국산화 가속화에 따른 정부 R&D 지원 확대 기대감,전력·에너지,"현대모비스, LS ELECTRIC, 특수 소재 관련 상장사",https://www.google.com/url?rct=j&sa=t&url=https://www.etnews.com/20260803000284&ct=ga&cd=CAIyHDNhOTEzZWM0OTI5OTY4Mjg6Y28ua3I6a286S1I&usg=AOvVaw17zvBUrYDDu0e06qXd__Qi
2026-08-04,구글알리미RSS,단기적 정책 변화 모멘텀 발생 시점,美 정치권 인사 발언에 따른 대외 투자 심리 위축 및 리스크 점검,미중 패권전쟁,"삼성전자, SK하이닉스, 현대차 (글로벌 공급망 재편 수혜)",https://www.google.com/url?rct=j&sa=t&url=https://www.chosun.com/politics/diplomacy-defense/2026/08/04/YSUKUDULXJGQPLIDHTHFWSYCTQ/&ct=ga&cd=CAIyHDIyYjNhMWU0Mjg4Zjc0Yjg6Y28ua3I6a286S1I&usg=AOvVaw2slUgmLvVjlBU2VkZr2Ml7
2026-08-04,구글알리미RSS,이달 하반기~내년 상반기,자율주행차 대여 및 서비스 산업 생태계 구축 가속화,IT·신기술,"쏘카, 에이펙스, 모빌리티 플랫폼 관련 통신사 (SKT/KT 등)",https://www.google.com/url?rct=j&sa=t&url=https://news.mtn.co.kr/news-detail/2026080408162355611&ct=ga&cd=CAIyHDIyYjNhMWU0Mjg4Zjc0Yjg6Y28ua3I6a286S1I&usg=AOvVaw0U7fpW1lp3vJEdS84ucNOr
2026-08-04,구글알리미RSS,"단기적, 중동 지역 군사 긴장 고조 시점",미-이스라엘의 이란 공격 계획 수립에 따른 지정학적 리스크 급증,전력·에너지 (유가 변동성 및 에너지 안보 이슈),"한화에어로스페이스, LIG넥스원, POSCO(방산/산업재)",https://www.google.com/url?rct=j&sa=t&url=https://m.mbn.co.kr/news-amp/5209850&ct=ga&cd=CAIyHGIwMWZkOWYxZTVlNDMzZjQ6Y28ua3I6a286S1I&usg=AOvVaw1TY1Ot4YzFYN8JOllKMIZN
2026-08-04,구글알리미RSS,이달 중순 ~ 하반기 정책 논의 가속화 시점,수사권 조정 및 공공 안전 시스템 디지털 전환(Smart Governance) 필요성 부각,IT·신기술,"한화비전, 삼성SDS, LG CNS",https://www.google.com/url?rct=j&sa=t&url=https://www.khan.co.kr/article/202608041027001&ct=ga&cd=CAIyHDIyYjNhMWU0Mjg4Zjc0Yjg6Y28ua3I6a286S1I&usg=AOvVaw0CcENDUNtDH2zZLTbUVH-R
2026-08-04,구글알리미RSS,단기적(향후 1~3개월) 또는 아세안 관련 경제 포럼 개최 시,인도네시아-태국 간 무역 확대 및 공급망 재편 가속화 모멘텀,IT·신기술,"삼성SDS, 현대글로비스, LS엠트론",https://www.google.com/url?rct=j&sa=t&url=https://www.kita.net/board/totalTradeNews/totalTradeNewsDetail.do%3BJSESSIONID_KITA%3D0CDE4B99BB104CF3A1384A7DBA3348E1.Hyper%3Fno%3D103587%26siteId%3D2&ct=ga&cd=CAIyHDIyYjNhMWU0Mjg4Zjc0Yjg6Y28ua3I6a286S1I&usg=AOvVaw1cko_654ZTGCdBA2X6MUuq
2026-08-04,구글알리미RSS,다음 달 초순 ~ 중순,미중 간 농산물 및 무역 협력 재개 모멘텀 가시화,미중 패권전쟁,"포스코인터내셔널, 현대글로비스, 삼성물산",https://www.google.com/url?rct=j&sa=t&url=https://v.daum.net/v/20260804114514979&ct=ga&cd=CAIyHDIyYjNhMWU0Mjg4Zjc0Yjg6Y28ua3I6a286S1I&usg=AOvVaw3xo9N7THOUKP9i-Ygl4vgC
2026-08-04,구글알리미RSS,상시적 모멘텀 지속 및 주요국 정책 발표 시점,미중 경제 패권 경쟁 심화에 따른 환율 안정화 및 통화 스와프 재조정 움직임,미중 패권전쟁,"삼성전자, SK하이닉스, 한미반도체",https://www.google.com/url?rct=j&sa=t&url=https://mobile.newsis.com/view_amp.html%3Far_id%3DNISX20260804_0003735431&ct=ga&cd=CAIyHDIyYjNhMWU0Mjg4Zjc0Yjg6Y28ua3I6a286S1I&usg=AOvVaw1VNpPuEL1vNIHRzaL-rGN9
2026-08-04,구글알리미RSS,2025년 하반기 ~ 2026년 상반기,독일 볼로콥터와 국내 대학의 UAM 전문인력 양성 MOU 체결 및 기술 협력 가속화,IT·신기술 / AI·로봇,"한화에어로스페이스, LIG넥스원, 두산에너빌리티 (항공/방산 부품사)",https://www.google.com/url?rct=j&sa=t&url=https://news.ikbc.co.kr/%25EA%25B2%25BD%25EC%25A0%259C/article/view/kbc202608040021&ct=ga&cd=CAIyHDIyYjNhMWU0Mjg4Zjc0Yjg6Y28ua3I6a286S1I&usg=AOvVaw0bqTATPrY83bw2xklly5Gy
2026-08-04,구글알리미RSS,단기적 모멘텀 지속,금융권-통신사-경찰 데이터 결합을 통한 사기 방지 시스템 고도화,IT·신기술,"삼성SDS, LG CNS, 코스닥 상장 보안 솔루션 기업",https://www.google.com/url?rct=j&sa=t&url=https://www.newswhoplus.com/news/articleView.html%3Fidxno%3D66173&ct=ga&cd=CAIyGmI0N2JkYjQ3NTFjNWNkYmU6Y29tOmtvOktS&usg=AOvVaw0WZUyFzkD4ZQbVCIABu_11
2026-08-04,구글알리미RSS,2024년 하반기 이후 정책 모멘텀 지속,금융위원회 주도 금융 시스템 건전화 및 국제 자금세탁방지(AML) 체계 강화,IT·신기술,"코스콤, 한국정보통신, (금융 데이터 분석 관련 중견 SI 기업)",https://www.google.com/url?rct=j&sa=t&url=https://www.fsc.go.kr/po010101/87461%3FsrchCtgry%3D%26curPage%3D%26srchKey%3D%26srchText%3D%26srchBeginDt%3D%26srchEndDt%3D&ct=ga&cd=CAIyGmI0N2JkYjQ3NTFjNWNkYmU6Y29tOmtvOktS&usg=AOvVaw30RF_hOXfxkB5fpplugyTf
2026-08-05,구글알리미RSS,국빈방문 직전 및 단기적,한인사회 민원 해결을 통한 외교 모멘텀 확보 및 문화 교류 활성화,IT·신기술,"(여행/숙박 관련 기술 기업), (문화 콘텐츠 플랫폼 기업), (스마트 인프라 구축 기업)",https://www.google.com/url?rct=j&sa=t&url=https://www.koreancenter.or.kr/news/articleView.html%3Fidxno%3D1391387&ct=ga&cd=CAIyHDIyYjNhMWU0Mjg4Zjc0Yjg6Y28ua3I6a286S1I&usg=AOvVaw1I1g1CapS5b27_E7xFjThs
2026-08-05,구글알리미RSS,단기 모멘텀 발생 가능성 높음,과기정통부 주도 금융권 디지털 전환(FinTech) 협력 강화 및 정책 수혜 기대감,IT·신기술,"삼성SDS, 코난티오, 대형 SI/IT 서비스 기업",https://www.google.com/url?rct=j&sa=t&url=https://m.etnews.com/20260804000299&ct=ga&cd=CAIyHDIyYjNhMWU0Mjg4Zjc0Yjg6Y28ua3I6a286S1I&usg=AOvVaw0f-hsAjodv4aU1fTS12m9z
2026-08-05,구글알리미RSS,단기적/불특정 시점 (모멘텀 발생 즉시),일론 머스크의 한국 방문 및 전력·반도체 인프라 협력 논의,전력·에너지,"HD현대일렉트릭, LS ELECTRIC, 삼성전자",https://www.google.com/url?rct=j&sa=t&url=https://www.hankyung.com/article/2026080447761&ct=ga&cd=CAIyHGIwMWZkOWYxZTVlNDMzZjQ6Y28ua3I6a286S1I&usg=AOvVaw2jKPF_unD2hqImmBLdsBrl
2026-08-05,구글알리미RSS,정부의 국가 산업전략 발표 시점 및 국제 에너지 포럼 전후,원자력 발전의 국가 핵심 전략 편입 및 대규모 민간 투자 유치 로드맵 공개,전력·에너지,"두산에너빌리티, 한전기술, 현대일렉트릭",https://www.google.com/url?rct=j&sa=t&url=https://www.inpnews.kr/news/articleView.html%3Fidxno%3D7445&ct=ga&cd=CAIyHDNhOTEzZWM0OTI5OTY4Mjg6Y28ua3I6a286S1I&usg=AOvVaw2nXvsECjkdwBqICwHOGMWx
2026-08-07,구글알리미RSS,MOU 체결 및 프로젝트 초기 단계 진입에 따른 단기 모멘텀,"현대차·기아, 중동 거대 자본 연계 스마트시티/로봇 생태계 구축 핵심 주도권 확보",AI·로봇,"두산로보틱스, 삼성전기, 현대로템",https://www.google.com/url?rct=j&sa=t&url=https://www.theguru.co.kr/mobile/article.html%3Fno%3D105486&ct=ga&cd=CAIyHDIyYjNhMWU0Mjg4Zjc0Yjg6Y28ua3I6a286S1I&usg=AOvVaw3V1usBkiosAdTQsUlThpzF
2026-08-07,구글알리미RSS,단기 (정책 발표 및 예산 집행 시점),정부 주도 취약계층 생활환경 개선 및 재난 대응 스마트 인프라 구축 가속화,IT·신기술 / AI·로봇,"삼성전기, LS ELECTRIC, 현대산업 등 (스마트 그리드/IoT 기반 시설 안전 점검 관련)",https://www.google.com/url?rct=j&sa=t&url=https://mobile.newsis.com/view_amp.html%3Far_id%3DNISX20260806_0003738895&ct=ga&cd=CAIyHDIyYjNhMWU0Mjg4Zjc0Yjg6Y28ua3I6a286S1I&usg=AOvVaw2tQdO_sBYEkHu7hKvOrJIE
2026-08-07,구글알리미RSS,여름철 지속적 정책 모멘텀 및 안전관리 강화 시점,폭염 대비 공공 인프라 및 물류 시스템의 스마트화 및 안전 점검 의무화,IT·신기술,"LS ELECTRIC, 두산로보틱스, 현대산업 등 (자동화/안전센서 기반 산업재)",https://www.google.com/url?rct=j&sa=t&url=https://view.asiae.co.kr/article/2026080517063231276&ct=ga&cd=CAIyGmI0N2JkYjQ3NTFjNWNkYmU6Y29tOmtvOktS&usg=AOvVaw07HjouXfiv_6LbW3txixoj
2026-08-07,구글알리미RSS,미국 대선 국면 심화 및 정치적 리스크 고조 시점,美 주요 정치인 관련 한국 기업의 법적/윤리적 리스크 노출에 따른 시장 변동성 확대,미중 패권전쟁,"삼성전자, SK하이닉스, LG화학",https://www.google.com/url?rct=j&sa=t&url=http://www.seouleconews.com/news/articleView.html%3Fidxno%3D92925&ct=ga&cd=CAIyHDIyYjNhMWU0Mjg4Zjc0Yjg6Y28ua3I6a286S1I&usg=AOvVaw1p4JRX3hERu8ZamP5FrnAI
2026-08-08,구글알리미RSS,하반기 지정학적 리스크 완화 모멘텀 지속,미얀마의 국제 고립 탈피 및 아세안 지역 내 에너지/자원 협력 재개 시도,전력·에너지,"LS ELECTRIC, HD현대일렉트릭, 효성중공업",https://www.google.com/url?rct=j&sa=t&url=https://www.huffingtonpost.kr/article/259373&ct=ga&cd=CAIyHDIyYjNhMWU0Mjg4Zjc0Yjg6Y28ua3I6a286S1I&usg=AOvVaw0xDkI3FdqiwttgRVljS_p1
2026-08-08,구글알리미RSS,단기적 정책 발표 직후 (정책 구체화 시점),용산 등 핵심 지역 대규모 주택 공급 및 도시 개발 가속화 정책 발표,"IT·신기술 (스마트시티, 인프라 구축 연계)","삼성물산, 현대산업개발, 국내 주요 건설자재 기업",https://www.google.com/url?rct=j&sa=t&url=https://news.nate.com/view/20260808n00553%3Fmid%3Dn1101&ct=ga&cd=CAIyGmI0N2JkYjQ3NTFjNWNkYmU6Y29tOmtvOktS&usg=AOvVaw0K6xqljW4GMhreso4u6gXZ
2026-08-08,구글알리미RSS,하반기 남북 관계 개선 논의 재개 시점,DMZ 지역 평화협력 및 인도적 교류 확대 모멘텀 부각,IT·신기술,"한화에어로스페이스, LIG넥스원, 현대건설",https://www.google.com/url?rct=j&sa=t&url=http://www.snkpress.kr/news/articleView.html%3Fidxno%3D2503&ct=ga&cd=CAIyHDIyYjNhMWU0Mjg4Zjc0Yjg6Y28ua3I6a286S1I&usg=AOvVaw0bpLlrpnbfIhmuWqeeJlI_
2026-08-09,구글알리미RSS,단기적 지정학 리스크 고조 시점 (미국 대선 및 에너지 정책 발표 전후),트럼프발 극우 정치 모멘텀과 라틴 아메리카 원유 자원 확보 연계성 강화,전력·에너지,"포스코인터내셔널, 한화에너지, 한국전력공사(또는 관련 EPC 기업)",https://www.google.com/url?rct=j&sa=t&url=https://www.kookminnews.com/120582&ct=ga&cd=CAIyHDIyYjNhMWU0Mjg4Zjc0Yjg6Y28ua3I6a286S1I&usg=AOvVaw2WffVRFl3pF_KyFWO25dAn
2026-08-09,구글알리미RSS,광복절 전후 또는 국가 기념일 행사 시기,독립운동사 재조명 및 국뽕(國뽕) 기반의 애국 테마 모멘텀 강화,IT·신기술,"문화콘텐츠 관련주, 역사 기록물 디지털화 기술주 (예: 한국문화정보통신 등 공공기관 연계 상장사)",https://www.google.com/url?rct=j&sa=t&url=https://www.news1.kr/diplomacy/defense-diplomacy/6253287&ct=ga&cd=CAIyHDIyYjNhMWU0Mjg4Zjc0Yjg6Y28ua3I6a286S1I&usg=AOvVaw0sDHZEELXAnMh-P7LL0bWl
2026-08-09,구글알리미RSS,단기적 (향후 1~2주),호르무즈 해협 개방 협상 및 중동 지정학 리스크 완화 기대감,전력·에너지,"HMM, SK E&S, GS칼텍스",https://www.google.com/url?rct=j&sa=t&url=https://news.tf.co.kr/read/world/2352020.htm&ct=ga&cd=CAIyHDIyYjNhMWU0Mjg4Zjc0Yjg6Y28ua3I6a286S1I&usg=AOvVaw35VIjZxkt6as2nw3EFrfQW
2026-08-11,구글알리미RSS,단기 모멘텀 발생 시점 (공시 및 대외 활동 연계),SK하이닉스 대표이사 사장의 공적 활동을 통한 반도체 산업 신뢰도 제고,반도체,"SK하이닉스, 삼성전자, 한미반도체",https://www.google.com/url?rct=j&sa=t&url=https://isplus.com/article/view/isp202608100114&ct=ga&cd=CAIyHGIwMWZkOWYxZTVlNDMzZjQ6Y28ua3I6a286S1I&usg=AOvVaw12GA1wbGY1TMauWtyj8gmu
2026-08-11,구글알리미RSS,단기(정책) 모멘텀 지속 및 후속 대책 발표 시점,비상경제 회의를 통한 수출 활성화 및 투자 유치 정책 구체화,반도체,"삼성전자, SK하이닉스, 한미반도체",https://www.google.com/url?rct=j&sa=t&url=https://go.seoul.co.kr/news/prnewsView.php%3Fid%3D309862%26section%3Db_sec_1%26page%3D2967&ct=ga&cd=CAIyGmI0N2JkYjQ3NTFjNWNkYmU6Y29tOmtvOktS&usg=AOvVaw0667nFTzG8XiFgNTkOqi4t
2026-08-11,구글알리미RSS,단기~중기 (AI 인프라 구축 및 정부 도입 단계),메타의 오픈 웨이트 AI 공개와 국가 사이버 보안 역량 강화 연계 모멘텀,AI·로봇 / IT·신기술,"삼성전자, SK하이닉스, 한화시스템 (AI 반도체 및 국방/보안 시스템)",https://www.google.com/url?rct=j&sa=t&url=https://blockchaintoday.co.kr/news/articleView.html%3Fidxno%3D65135&ct=ga&cd=CAIyHDNhOTEzZWM0OTI5OTY4Mjg6Y28ua3I6a286S1I&usg=AOvVaw3qPj5h7RpF3I1etxk1N4Ej
2026-08-12,구글알리미RSS,하반기 정책 발표 및 국회 일정에 따라 수시,고위 공직자 활동 증가에 따른 국가 차원의 보안 프로토콜 강화 및 인프라 투자 확대,IT·신기술,"한화비전, SK텔레콤, 삼성SDS",https://www.google.com/url?rct=j&sa=t&url=https://www.hankookilbo.com/news/article/A2026081109450000766&ct=ga&cd=CAIyHDIyYjNhMWU0Mjg4Zjc0Yjg6Y28ua3I6a286S1I&usg=AOvVaw2UgJAepRMOZmlySKgmsaGB
2026-08-12,구글알리미RSS,단기적(차기 나토 또는 국제 안보 회의 전),트럼프 관련 NATO 정상회담 및 이란 위협에 따른 글로벌 군사 동향 포착,미중 패권전쟁,"한화에어로스페이스, LIG넥스원, 한국항공우주",https://www.google.com/url?rct=j&sa=t&url=https://www.hani.co.kr/arti/international/international_general/1272384.html&ct=ga&cd=CAIyHDIyYjNhMWU0Mjg4Zjc0Yjg6Y28ua3I6a286S1I&usg=AOvVaw1XRk_tnQADp-r6RMc5z2ZP
2026-08-12,구글알리미RSS,단기적 (정부 정책 발표 임박 시점),"오세훈 전 서울시장, 정부 부동산 대책 관련 정치권 움직임 포착 및 시장 영향력 확대",IT·신기술 (스마트시티/도시재생 연계),"현대건설, 삼성물산, LX하우시스",https://www.google.com/url?rct=j&sa=t&url=https://www.dailian.co.kr/news/view/1677242/%25EC%259D%25B8%25EC%2582%25AC-%25EA%25B3%25BC%25ED%2595%2599%25EA%25B8%25B0%25EC%2588%25A0%25EC%25A0%2595%25EB%25B3%25B4%25ED%2586%25B5%25EC%258B%25A0%25EB%25B6%2580-2026&ct=ga&cd=CAIyGmI0N2JkYjQ3NTFjNWNkYmU6Y29tOmtvOktS&usg=AOvVaw08K4d0gl9XeAIhOHCX8bd6
2026-08-12,구글알리미RSS,정책 발표 직후 단기 모멘텀 지속,국가 R&D 성과 보호를 위한 민감 과제 보안 등급 및 대책 수립,IT·신기술,"한화시스템, 삼성전자, SK텔레콤",https://www.google.com/url?rct=j&sa=t&url=https://www.djournal.co.kr/news/article.html%3Fno%3D97685&ct=ga&cd=CAIyGmI0N2JkYjQ3NTFjNWNkYmU6Y29tOmtvOktS&usg=AOvVaw1FB8eYoSG4naiYWHvkRGXE
2026-08-12,구글알리미RSS,하반기 정부 정책 변화 및 예산 집행 시점,공공기관 디지털 전환 가속화에 따른 IT 인프라 구축 수요 증가,IT·신기술,"삼성SDS, LG CNS, SK C&C",https://www.google.com/url?rct=j&sa=t&url=https://m.dailian.co.kr/news/view/1677242/%25EC%259D%25B8%25EC%2582%25AC-%25EA%25B3%25BC%25ED%2595%2599%25EA%25B8%25B0%25EC%2588%25A0%25EC%25A0%2595%25EB%25B3%25B4%25ED%2586%25B5%25EC%258B%25A0%25EB%25B6%2580-2026&ct=ga&cd=CAIyGmI0N2JkYjQ3NTFjNWNkYmU6Y29tOmtvOktS&usg=AOvVaw3L5XixlNUQ8wcwQ2bo0wAD
2026-08-12,구글알리미RSS,단기적 (정책 발표 및 사업 진행 시점),용인 반도체 클러스터의 안정적인 운영을 위한 통합용수 인프라 구축 가속화,반도체,"한화시스템, 두산에너빌리티, (반도체 장비/소재 관련 대형주)",https://www.google.com/url?rct=j&sa=t&url=https://www.goodtimes.or.kr/news/articleView.html%3Fidxno%3D330973&ct=ga&cd=CAIyHDNhOTEzZWM0OTI5OTY4Mjg6Y28ua3I6a286S1I&usg=AOvVaw3owRHBbAruYnOfm7EK1DPc
2026-08-12,구글알리미RSS,단기적 지정학 리스크 고조 시점,글로벌 불안정 심화에 따른 디지털 자산(토큰) 및 블록체인 인프라 수요 폭증,IT·신기술,"코스닥 상장 블록체인 관련 기업, 보안 솔루션 제공사 (예: 갤럭시아머니트리, 와이엠텍 등)",https://www.google.com/url?rct=j&sa=t&url=https://borderlessmag.org/%3FID%3D4846.html&ct=ga&cd=CAIyHDIyYjNhMWU0Mjg4Zjc0Yjg6Y28ua3I6a286S1I&usg=AOvVaw3JnhLve5GY74PNsUIVIO1v
2026-08-12,구글알리미RSS,단기적 정책 모멘텀 지속,정부 주도 성장 자금 투입 확대 및 청년층 투자 유인책 강화,IT·신기술 / AI·로봇,"삼성전자, SK하이닉스, 네이버 (또는 카카오 등 플랫폼 기업)",https://www.google.com/url?rct=j&sa=t&url=https://www.fsc.go.kr/no010101/87503%3FsrchCtgry%3D%26curPage%3D%26srchKey%3D%26srchText%3D%26srchBeginDt%3D%26srchEndDt%3D&ct=ga&cd=CAIyGmI0N2JkYjQ3NTFjNWNkYmU6Y29tOmtvOktS&usg=AOvVaw1vqNajywf0iC9y3frgNij1
2026-08-12,구글알리미RSS,2025년 상반기 이후 지속적 모멘텀,반도체 메가 프로젝트에 따른 국가 전력 인프라 확충 및 지원 로드맵 구체화,전력·에너지,"LS ELECTRIC, HD현대일렉트릭, 효성중공업",https://www.google.com/url?rct=j&sa=t&url=https://www.asiatime.co.kr/article/20260812500287&ct=ga&cd=CAIyHDNhOTEzZWM0OTI5OTY4Mjg6Y28ua3I6a286S1I&usg=AOvVaw3NR_KEZnxv0Fq0EKJa38ca
2026-08-14,구글알리미RSS,단기 모멘텀 (방한 일정 확정 시),빌 게이츠 방한에 따른 SMR(소형모듈원자로) 기술 재평가 가속화,전력·에너지,"두산에너빌리티, 한전기술, 포스코퓨처엠",https://www.google.com/url?rct=j&sa=t&url=https://news.einfomax.co.kr/news/articleView.html%3Fidxno%3D4430135&ct=ga&cd=CAIyHDIyYjNhMWU0Mjg4Zjc0Yjg6Y28ua3I6a286S1I&usg=AOvVaw1fU5panNnikOCVgzQjOI_l
2026-08-14,구글알리미RSS,이달 중순 이후 (정책 시행 시점),가계부문 시스템 리스크 완충자본 도입 및 고위험 주택담보대출 규제 강화,IT·신기술 (금융/건설 경기 변동성 반영 섹터로 해석),"한일시멘트, 현대건설, 포스코이앤씨",https://www.google.com/url?rct=j&sa=t&url=https://www.mindlenews.com/news/articleView.html%3Fidxno%3D21866&ct=ga&cd=CAIyGmI0N2JkYjQ3NTFjNWNkYmU6Y29tOmtvOktS&usg=AOvVaw3oO6EhnHQYyO9KKjFzxjLl
2026-08-14,구글알리미RSS,단기적 (정책 발표 직후),주거 금융 안정화 정책 확대 및 청년층 대출 문턱 완화에 따른 소비 심리 회복 기대감,"IT·신기술 (주택 관련 스마트 기술, 건설/금융 플랫폼 수요 증가 반영)","LX하우시스, 현대건설, 삼성물산",https://www.google.com/url?rct=j&sa=t&url=https://mobile.newsis.com/view/NISX20260813_0003746944&ct=ga&cd=CAIyGmI0N2JkYjQ3NTFjNWNkYmU6Y29tOmtvOktS&usg=AOvVaw0RsVmP5iDpsaxFMev9SnRq
2026-08-14,구글알리미RSS,단기적 정책 모멘텀 (향후 1~3개월),PF 정상화 및 금융 지원을 통한 부동산 공급 확대 가속화,IT·신기술,"현대건설, 삼성물산, 포스코인테크빌",https://www.google.com/url?rct=j&sa=t&url=https://www.ziksir.com/news/articleView.html%3Fidxno%3D143113&ct=ga&cd=CAIyGmI0N2JkYjQ3NTFjNWNkYmU6Y29tOmtvOktS&usg=AOvVaw1TgljYh948G0234KlrW488
2026-08-14,구글알리미RSS,단기 모멘텀 형성 (정책 발표 직후),경북 국가산단 내 폐배터리 재자원화 클러스터 조성 가시화 및 규제 완화 기대감,이차전지,"포스코퓨처엠, 에코프로머티리얼즈, (지역 기반 소재/장비 기업)",https://www.google.com/url?rct=j&sa=t&url=https://www.ajunews.com/amp/20260814010545475&ct=ga&cd=CAIyHDNhOTEzZWM0OTI5OTY4Mjg6Y28ua3I6a286S1I&usg=AOvVaw2aCo1pXUI59Ka6AdZs5-Hb
2026-08-14,구글알리미RSS,2024년 하반기 (미국 중간선거 이후),트럼프-김정은 정상회담 재개 가능성 및 북한 리스크 관리,IT·신기술,"한화에어로스페이스, LIG넥스원",https://www.google.com/url?rct=j&sa=t&url=https://v.daum.net/v/20260814134703145&ct=ga&cd=CAIyHDIyYjNhMWU0Mjg4Zjc0Yjg6Y28ua3I6a286S1I&usg=AOvVaw3BVQ1yhpR4F7A2flM_i_7I
2026-08-14,구글알리미RSS,단기 모멘텀 발생 가능 (국빈 방문 직후),중국의 라틴 아메리카(에콰도르) 국가 공적개발원조 및 인프라 투자 확대,전력·에너지,"LS ELECTRIC, HD현대일렉트릭, 효성중공업",https://www.google.com/url?rct=j&sa=t&url=https://korean.cri.cn/2026/08/14/ARTI1786670516678242&ct=ga&cd=CAIyHDIyYjNhMWU0Mjg4Zjc0Yjg6Y28ua3I6a286S1I&usg=AOvVaw3eLHbiEgmUffwp50gK4aTY
2026-08-14,구글알리미RSS,이달 중순~차기 정책 발표 시점,디지털 플랫폼 불법 스팸 및 통신 규제 강화 점검,IT·신기술,"KT, 네이버클라우드, 보안솔루션 관련주",https://www.google.com/url?rct=j&sa=t&url=https://www.newsworks.co.kr/news/articleView.html%3Fidxno%3D850370&ct=ga&cd=CAIyGmI0N2JkYjQ3NTFjNWNkYmU6Y29tOmtvOktS&usg=AOvVaw0zKxksX-pnJ5KsUOv3p3Vc
2026-08-14,구글알리미RSS,금년 하반기 ~ 내년 상반기,원화국제결제망 구축 및 MSCI 선진국 지수 편입 가시화 모멘텀,IT·신기술,"코스콤, 삼성SDS, 주요 금융 인프라 관련 대형통신사",https://www.google.com/url?rct=j&sa=t&url=https://www.mt.co.kr/amp/economy/2026/08/14/2026081410011737847&ct=ga&cd=CAIyHDNhOTEzZWM0OTI5OTY4Mjg6Y28ua3I6a286S1I&usg=AOvVaw1z91r7RpWX642-Y4bCLFDQ
2026-08-16,구글알리미RSS,하반기 정책 방향성 확정 시점,실거주 중심의 주택시장 안정화 및 수요 규제 유지 기조 확인 (정책 불확실성 해소),IT·신기술 (내수 소비 회복 기대에 따른 경기 민감주 반등),"금융지주사, 건설 관련 대형주, 가전/생활용품 대기업",https://www.google.com/url?rct=j&sa=t&url=https://www.jabon.co.kr/news/articleView.html%3Fidxno%3D5998&ct=ga&cd=CAIyGmI0N2JkYjQ3NTFjNWNkYmU6Y29tOmtvOktS&usg=AOvVaw1PFlOfK4ndcRKsVmJrI332
2026-08-16,구글알리미RSS,단기 정책 모멘텀 지속 및 국가산단 개발 단계,폐배터리 재자원화 기반의 이차전지 산업 생태계 구축 가속화,이차전지,"포스코퓨처엠, 에코프로머티리얼즈, 관련 소재/재활용 전문 기업",https://www.google.com/url?rct=j&sa=t&url=https://www.segye.com/newsView/20260814509047%3FOutUrl%3Dgoogle&ct=ga&cd=CAIyHDNhOTEzZWM0OTI5OTY4Mjg6Y28ua3I6a286S1I&usg=AOvVaw2phgCFBq2oi6ZvYDglgLbR
2026-08-18,구글알리미RSS,단기적 (정부 발표 및 정상회담 일정 확정 시점),미·중 갈등 완화 및 한반도 외교 정상화 모멘텀 부각,IT·신기술 (지정학적 리스크에 따른 첨단 기술 공급망 재편 기대감 반영),"삼성전자, SK하이닉스, 한화시스템",https://www.google.com/url?rct=j&sa=t&url=https://www.tongilnews.com/news/articleView.html%3Fidxno%3D217246&ct=ga&cd=CAIyHDIyYjNhMWU0Mjg4Zjc0Yjg6Y28ua3I6a286S1I&usg=AOvVaw3nrgfhQdXOpKKCnrsBLRnj
2026-08-18,구글알리미RSS,단기적 모멘텀 (방한 일정 확정 시점),중앙아시아 5개국 AI 교육 전문가 방한 및 한국 인재 시스템 검증,AI·로봇 / IT·신기술,"삼성전자, SK하이닉스, 코난티오 (AI 솔루션/교육 플랫폼 관련)",https://www.google.com/url?rct=j&sa=t&url=https://www.newsnjeju.com/news/articleView.html%3Fidxno%3D296704&ct=ga&cd=CAIyHGIwMWZkOWYxZTVlNDMzZjQ6Y28ua3I6a286S1I&usg=AOvVaw3kXedgIK028NQhL-V8ULXM
2026-08-18,구글알리미RSS,단기적 (정책 모멘텀 반영),산업은행 주도 방산 및 피지컬 AI 스타트업 투자 생태계 조성 가속화,AI·로봇,"한화에어로스페이스, LIG넥스원, 삼성전자 (AI 반도체/센서)",https://www.google.com/url?rct=j&sa=t&url=https://marketin.edaily.co.kr/News/ReadE%3FnewsId%3D04444406645548632&ct=ga&cd=CAIyHDNhOTEzZWM0OTI5OTY4Mjg6Y28ua3I6a286S1I&usg=AOvVaw0sBvo6JB-gge8us8RQyWNL
2026-08-19,구글알리미RSS,금주 초반 ~ 단기 모멘텀 지속,외교장관급 고위급 국제 회담 및 국내 정치 리스크 해소 기대감,IT·신기술,"삼성전자, SK하이닉스, 한화에어로스페이스",https://www.google.com/url?rct=j&sa=t&url=https://www.ytn.co.kr/_ln/0101_202608181439101190&ct=ga&cd=CAIyHDIyYjNhMWU0Mjg4Zjc0Yjg6Y28ua3I6a286S1I&usg=AOvVaw0lPlR680v4vWqzcwYgxDp7
2026-08-19,구글알리미RSS,단기 정책 모멘텀 (정부 주도 재난안전 시스템 구축 시점),AI 기반 무전/IoT 연동 스마트워치 개발 및 공공 안전망 적용 확대,IT·신기술 / AI·로봇,"삼성전자, SK하이닉스(AI 반도체), 센서/통신 부품 관련 중소형주",https://www.google.com/url?rct=j&sa=t&url=https://www.newswhoplus.com/news/articleView.html%3Fidxno%3D67253&ct=ga&cd=CAIyGmI0N2JkYjQ3NTFjNWNkYmU6Y29tOmtvOktS&usg=AOvVaw2YzS2jOxPqEzEMfBCSJ4Qu
2026-08-19,구글알리미RSS,이달 중순~하반기,정부 주도 'K-전기국가' 전환 및 탄소중립 로드맵 수립 공론화,전력·에너지,"HD현대일렉트릭, LS ELECTRIC, 두산에너빌리티",https://www.google.com/url?rct=j&sa=t&url=http://www.netzeronews.kr/news/articleView.html%3Fidxno%3D6097&ct=ga&cd=CAIyHDNhOTEzZWM0OTI5OTY4Mjg6Y28ua3I6a286S1I&usg=AOvVaw1FKk2mkxJzAzcJt8NgorN0
2026-08-19,구글알리미RSS,6월 중순 (단기 모멘텀),한중 외교장관급 회담을 통한 경제·협력 파트너십 재확인 및 강화,전력·에너지 / IT·신기술,"LS ELECTRIC, HD현대일렉트릭, POSCO하이테크",https://www.google.com/url?rct=j&sa=t&url=https://www.yna.co.kr/amp/view/AKR20260819063451083&ct=ga&cd=CAIyHGIwMWZkOWYxZTVlNDMzZjQ6Y28ua3I6a286S1I&usg=AOvVaw0J3XatHS2DvAXtJp5EzEXe
2026-08-19,구글알리미RSS,단기적(금주~차주) 정책 발표 및 법안 통과 시점,글로벌 금융시장 변동성 확대에 따른 국내 자본시장 리스크 관리 시스템 전면 개편 추진,IT·신기술 (금융 인프라/컴플라이언스 기술),"삼성SDS, 코난티오, 한국거래소 관련 시스템 구축 기업",https://www.google.com/url?rct=j&sa=t&url=https://newsroom.stockplus.com/breaking-news/31257&ct=ga&cd=CAIyGmI0N2JkYjQ3NTFjNWNkYmU6Y29tOmtvOktS&usg=AOvVaw234lCQmHiFj4ZNMUBZDRm-
2026-08-21,구글알리미RSS,이달 중순 이후,금융위원회 개정 법률 시행령 마련 및 규제 정비 작업 가속화에 따른 산업 제도화 기대감 고조,IT·신기술,"삼성SDS, 네이버, 카카오 (규제 명확성 기반 디지털 인프라/플랫폼 기업)",https://www.google.com/url?rct=j&sa=t&url=https://www.fsc.go.kr/no010101/87572%3FsrchCtgry%3D%26curPage%3D%26srchKey%3D%26srchText%3D%26srchBeginDt%3D%26srchEndDt%3D&ct=ga&cd=CAIyGmI0N2JkYjQ3NTFjNWNkYmU6Y29tOmtvOktS&usg=AOvVaw1oPegpcPf5twAJ5M-d0RjO
2026-08-21,구글알리미RSS,단기적 정책 모멘텀 지속,수해 피해 복구 및 중소기업/가계 금융 지원 확대에 따른 경기 부양책 가동,전력·에너지 (재난 복구 인프라 수요 증가),"HD현대일렉트릭, LS ELECTRIC, 효성중공업",https://www.google.com/url?rct=j&sa=t&url=https://www.insnews.co.kr/news/articleViewAmp.html%3Fidxno%3D92385&ct=ga&cd=CAIyGmI0N2JkYjQ3NTFjNWNkYmU6Y29tOmtvOktS&usg=AOvVaw197nAtyW06RPPVGwHCPIQV
2026-08-21,구글알리미RSS,이달 중순~하반기 지속적 모멘텀,한·아세안 간 문화 교류 및 소프트파워 확산에 따른 콘텐츠 산업 부각,IT·신기술,"CJ ENM, HYBE, 스튜디오드래곤 (문화/콘텐츠 수출 기대)",https://www.google.com/url?rct=j&sa=t&url=https://www.munhwa.com/article/11611018&ct=ga&cd=CAIyHGIwMWZkOWYxZTVlNDMzZjQ6Y28ua3I6a286S1I&usg=AOvVaw0PaOWnvmn4ZmP_5jg3znuw
2026-08-21,구글알리미RSS,2025년 상반기 이후 지속적 모멘텀,차세대 AI 인프라 구축을 위한 CPO 및 고대역폭 메모리 로드맵 공개,반도체,"SK하이닉스, 한미반도체, 삼성전자",https://www.google.com/url?rct=j&sa=t&url=https://www.ddaily.co.kr/page/view/2026082009425698862&ct=ga&cd=CAIyHDNhOTEzZWM0OTI5OTY4Mjg6Y28ua3I6a286S1I&usg=AOvVaw1_F1IOHRsiT_e1u8K9nQ6U
2026-08-22,구글알리미RSS,6월 중순,네덜란드 헤이그 시장 방한 및 국가유공자 참배를 통한 한국 문화/역사 재조명 모멘텀,IT·신기술,"삼성디스플레이, LG전자, SK텔레콤",https://www.google.com/url?rct=j&sa=t&url=https://www.munhwa.com/article/11611017&ct=ga&cd=CAIyHDIyYjNhMWU0Mjg4Zjc0Yjg6Y28ua3I6a286S1I&usg=AOvVaw3kKwiZcKYPJrFQSEbxtcNn
2026-08-22,구글알리미RSS,단기적 중동 정세 변화 시점,이란의 미국 및 서방과의 관계 개선 의지 표명에 따른 지정학적 리스크 완화 모멘텀,전력·에너지,"한국가스공사, 포스코인터내셔널, 한전기술",https://www.google.com/url?rct=j&sa=t&url=https://news.einfomax.co.kr/news/articleViewAmp.html%3Fidxno%3D4431293&ct=ga&cd=CAIyHDIyYjNhMWU0Mjg4Zjc0Yjg6Y28ua3I6a286S1I&usg=AOvVaw0399l5ZP-FumY3TWrqqrmV
2026-08-22,구글알리미RSS,하반기 중순 이후 (법안 정비 및 시행 단계),합병 공정성 제고를 위한 M&A 규제 강화 및 기업 지배구조 투명성 확보 의무화,IT·신기술,"삼성SDS, LG CNS, 코스닥 상장 데이터/컨설팅 전문기업",https://www.google.com/url?rct=j&sa=t&url=https://www.korea.kr/briefing/pressReleaseView.do%3FnewsId%3D156775011&ct=ga&cd=CAIyGmI0N2JkYjQ3NTFjNWNkYmU6Y29tOmtvOktS&usg=AOvVaw1JhyX-isvl8C-A34yY1Jxe
2026-08-22,구글알리미RSS,단기적(트럼프 관련 발언 및 정책 변화 직후),한반도 안보 환경 재편에 따른 미군 주둔 및 방위산업 정책 변동성 확대,IT·신기술,"한화에어로스페이스, LIG넥스원, 삼성전자 (방산/첨단센서 부문)",https://www.google.com/url?rct=j&sa=t&url=https://www.obsnews.co.kr/news/articleView.html%3Fidxno%3D1534880&ct=ga&cd=CAIyHDIyYjNhMWU0Mjg4Zjc0Yjg6Y28ua3I6a286S1I&usg=AOvVaw1_qZod59wEfcElgWVLlMVF
2026-08-22,구글알리미RSS,"단기적, 불특정 시점 (한·미 정상회담 전후)",한·미·북 3국 간 연쇄 정상회담 개최 모멘텀 부각,IT·신기술 / 국방안보,"한화에어로스페이스, LIG넥스원, 삼성전자",https://www.google.com/url?rct=j&sa=t&url=https://www.joongang.co.kr/article/25455289&ct=ga&cd=CAIyHDIyYjNhMWU0Mjg4Zjc0Yjg6Y28ua3I6a286S1I&usg=AOvVaw182Mczdtquwa32Mv_zavsI
2026-08-22,구글알리미RSS,중장기적 모멘텀 형성 단계 (향후 6개월 이상),군공항 이전 및 국가산단 조성에 따른 지역 거점 산업 인프라 구축 정책 추진,IT·신기술,"현대건설, 삼성물산, 포스코인터내셔널",https://www.google.com/url?rct=j&sa=t&url=http://m.ibnews.or.kr/132258&ct=ga&cd=CAIyHDNhOTEzZWM0OTI5OTY4Mjg6Y28ua3I6a286S1I&usg=AOvVaw3iM6l1kwMqOS4xyK6zBUhx
2026-08-22,구글알리미RSS,2025년 상반기 정부 주거/복지 정책 발표 시점,도시 노후화 심화에 따른 고령층 맞춤형 주거 및 의료 인프라 재정비 가속화,BIO·의료AI,"(실버케어 관련주) 에이치엘비, 휴젤, 웰크론 등",https://www.google.com/url?rct=j&sa=t&url=https://www.elderlypress.co.kr/news/articleView.html%3Fidxno%3D51530&ct=ga&cd=CAIyHDIyYjNhMWU0Mjg4Zjc0Yjg6Y28ua3I6a286S1I&usg=AOvVaw2nzzutu1k72Du4jfHVJxRN
2026-08-22,구글알리미RSS,단기적 (정책 발표 직후),부동산 실수요자 매수세 유입 지속 및 정부 대책 효과 미미화에 따른 주택 시장 연쇄 상승 기대감 고조,IT·신기술,"LX하우시스, 현대건설, 삼성물산",https://www.google.com/url?rct=j&sa=t&url=https://www.mindlenews.com/news/articleView.html%3Fidxno%3D21986&ct=ga&cd=CAIyGmI0N2JkYjQ3NTFjNWNkYmU6Y29tOmtvOktS&usg=AOvVaw1zsomcN6NQtOytHX9NVU7R
<<<<<<< HEAD
=======
2026-08-23,구글알리미RSS,단기 정책 모멘텀 지속 (향후 1~2개월),국가 핵심 자원 및 데이터 기반의 범정부적 비축/안전망 구축 논의 심화,IT·신기술 / AI·로봇,"삼성SDS, KT, 한화시스템",https://www.google.com/url?rct=j&sa=t&url=https://m.korea.kr/briefing/pressReleaseView.do%3FnewsId%3D156651386&ct=ga&cd=CAIyGmI0N2JkYjQ3NTFjNWNkYmU6Y29tOmtvOktS&usg=AOvVaw1Q79i4W4Z-1nslEZnH7kxu
2026-08-23,구글알리미RSS,금리 변동성 확대 및 하반기 정책 발표 시점,정부의 금융 리스크 관리와 AI/반도체 슈퍼사이클 지속성에 대한 시장 기대감 반영,AI·로봇,"삼성전자, SK하이닉스, 한미반도체",https://www.google.com/url?rct=j&sa=t&url=https://www.m-economynews.com/news/article.html%3Fno%3D70016&ct=ga&cd=CAIyHDNhOTEzZWM0OTI5OTY4Mjg6Y28ua3I6a286S1I&usg=AOvVaw3GCQKZ28CzdsM9UZ8QNuWU
2026-08-23,구글알리미RSS,단기적 모멘텀 지속 및 신사업 발표 시점,카카오의 자체 AI 기반 비용 효율화 모델 제시 및 신규 비즈니스 영역 확장 가속화,AI·로봇,"네이버, 삼성SDS, KT클라우드",https://www.google.com/url?rct=j&sa=t&url=https://www.m-i.kr/news/articleView.html%3Fidxno%3D1404784&ct=ga&cd=CAIyHDNhOTEzZWM0OTI5OTY4Mjg6Y28ua3I6a286S1I&usg=AOvVaw3zDspV66Dx4zaJBqhFdh8c
2026-08-23,구글알리미RSS,이달 중순 이후 (규제 시행 및 제도화 단계),가상자산 시장의 투명성 강화에 따른 글로벌 금융기관 진입 장벽 완화 모멘텀,IT·신기술,"코스닥 상장 블록체인 인프라 기업, 디지털 자산 보안 솔루션 제공사",https://www.google.com/url?rct=j&sa=t&url=https://www.korea.kr/news/pressReleaseView.do%3FnewsId%3D156774050%26pWise%3Dsub%26pWiseSub%3DJ2&ct=ga&cd=CAIyGmI0N2JkYjQ3NTFjNWNkYmU6Y29tOmtvOktS&usg=AOvVaw2GF_ZsobAlPr0K2pXBbEck
2026-08-23,구글알리미RSS,단기적 지속 모멘텀 (중동 리스크 장기화),지정학적 불확실성 심화에 따른 금융 시스템 및 에너지 인프라 비상 대응 체계 가동,전력·에너지,"HD현대일렉트릭, LS ELECTRIC, 두산에너빌리티",https://www.google.com/url?rct=j&sa=t&url=https://www.fsc.go.kr/po010101/86691%3FsrchCtgry%3D1%26curPage%3D3%26srchKey%3D%26srchText%3D%26srchBeginDt%3D%26srchEndDt%3D&ct=ga&cd=CAIyGmI0N2JkYjQ3NTFjNWNkYmU6Y29tOmtvOktS&usg=AOvVaw3nOTml_O2hG7p7ZunOAtWg
<<<<<<< HEAD
>>>>>>> a091900 (Build: Auto-update investment schedule database and dashboard)
=======
2026-08-23,구글알리미RSS,정책 발표 주기 및 금리 변동에 따른 단기적 모멘텀 발생 가능,정부 주도 부동산 규제 완화/강화 정책 방향성 확정 및 세제 개편안 반영 여부,"IT·신기술 (PropTech, 스마트 건설)","현대건설, 삼성물산, LX하우시스",https://www.google.com/url?rct=j&sa=t&url=https://www.sideview.co.kr/news/articleView.html%3Fidxno%3D20313&ct=ga&cd=CAIyGmI0N2JkYjQ3NTFjNWNkYmU6Y29tOmtvOktS&usg=AOvVaw17kv56RjYBiwg1D7KxisLD
2026-08-23,구글알리미RSS,이달 중순~하반기 초,금융당국의 대출 규제 완화 및 상호금융권 유동성 공급 확대,IT·신기술,"KB금융, 신한지주, 하나금융지주",https://www.google.com/url?rct=j&sa=t&url=https://www.newsis.com/view/NISX20260821_0003758087&ct=ga&cd=CAIyGmI0N2JkYjQ3NTFjNWNkYmU6Y29tOmtvOktS&usg=AOvVaw0_IKHw5v-BekSY3brKFvOU
2026-08-23,구글알리미RSS,이달 중순 이후 지속적 모멘텀,강남구 주도 초기 창업자 대상 AI 실전 교육 및 투자 생태계 강화,AI·로봇,"삼성전자, SK하이닉스, 한화시스템",https://www.google.com/url?rct=j&sa=t&url=https://www.entv.kr/news/articleView.html%3Fidxno%3D221214&ct=ga&cd=CAIyHDNhOTEzZWM0OTI5OTY4Mjg6Y28ua3I6a286S1I&usg=AOvVaw263miEpNSxogfZ3vkgBRtN
2026-08-23,구글알리미RSS,정부 예산안 확정 전후 단기 정책 모멘텀,지역 특장차 산업의 방산시장 진출 및 국가 예산 연계 확보,IT·신기술,"한화에어로스페이스, 현대로템, LIG넥스원",https://www.google.com/url?rct=j&sa=t&url=https://www.jeonmin.co.kr/news/articleView.html%3Fidxno%3D445600&ct=ga&cd=CAIyHDNhOTEzZWM0OTI5OTY4Mjg6Y28ua3I6a286S1I&usg=AOvVaw1gSsdgEnEHFQx0q341K6SY
2026-08-24,구글알리미RSS,단기적 지정학적 불확실성 고조 시점,북한 핵 위협 심화 및 한미 연합 방위 태세 강화 논의 재개,미중 패권전쟁,"한화에어로스페이스, LIG넥스원, 한국항공우주",https://www.google.com/url?rct=j&sa=t&url=https://www.newdaily.co.kr/site/data/html/2026/08/23/2026082300083.html&ct=ga&cd=CAIyHDIyYjNhMWU0Mjg4Zjc0Yjg6Y28ua3I6a286S1I&usg=AOvVaw3EQj5bCQt57JwBl7zVBkMP
2026-08-24,구글알리미RSS,금년 하반기부터 단계적 자금 투입 시작,국민성장펀드를 활용한 지역 중심 경제 구조 대전환 정책 본격화,IT·신기술,"(지역 기반) 스마트시티 관련 기업, 산업단지 에너지 효율 개선 기업, 지방 특화 첨단산업 소재/부품 기업",https://www.google.com/url?rct=j&sa=t&url=https://www.fsc.go.kr/no010101/87246%3FsrchCtgry%3D%26curPage%3D9%26srchKey%3D%26srchText%3D%26srchBeginDt%3D%26srchEndDt%3D&ct=ga&cd=CAIyGmI0N2JkYjQ3NTFjNWNkYmU6Y29tOmtvOktS&usg=AOvVaw1f-3t88o6mEWvXo8XKb8WR
<<<<<<< HEAD
>>>>>>> 7e7d915 (Build: Auto-update investment schedule database and dashboard)
=======
2026-08-24,구글알리미RSS,단기적 외교 일정 (차기 정상회담 전),트럼프 측근의 이 대통령 방한 및 한미 정상회담 추진 모멘텀,IT·신기술,"삼성전자, SK하이닉스, 한화에어로스페이스",https://www.google.com/url?rct=j&sa=t&url=https://www.nbnbiz.co.kr/news/articleView.html%3Fidxno%3D45353&ct=ga&cd=CAIyHDIyYjNhMWU0Mjg4Zjc0Yjg6Y28ua3I6a286S1I&usg=AOvVaw2brT4SogvcqdTw9xb68XDs
2026-08-24,구글알리미RSS,정부 정책 발표 직후 및 하반기 국방 예산 집행 시점,군 감시·정찰용 데이터링크 모뎀 납품 성공에 따른 방산 AI 시스템 고도화 가속화,IT·신기술,"한화시스템, LIG넥스원, 한국통신기술(KTMS) 등 국방전자/통신장비주",https://www.google.com/url?rct=j&sa=t&url=https://www.finance-scope.com/article/view/scp202608240009&ct=ga&cd=CAIyHDNhOTEzZWM0OTI5OTY4Mjg6Y28ua3I6a286S1I&usg=AOvVaw1yQkDL5QxXYOcnRe_MyHj3
>>>>>>> 947a457 (Build: Auto-update investment schedule database and dashboard)
